university_id,mext_school_code,mext_experimental_code,official_name_ja,official_name_en,normalized_name_ja,former_name_ja,institution_status,institution_type,establishment_category,main_or_branch,parent_institution_id,school_corporation_name_ja,postal_code,prefecture_code,prefecture_ja,municipality_ja,address_ja,official_website_url,mext_source_url,mext_record_updated_at,record_created_at,record_updated_at,verification_status,review_notes
univ_f101110100010,F101110100010,not_found,北海道大学,not_found,北海道大学,not_found,active,university,national,main,not_applicable,not_found,0600808,01,北海道,札幌市,北海道札幌市北区北８条西５丁目,not_found,https://www.mext.go.jp/content/20260529-mxt_chousa01-000011635_6.csv,2026-05-20,2026-07-14T02:34:06Z,2026-07-14T02:34:06Z,verified_registry_identity,"Identity verified against MEXT 2026-05-01 provisional F1 registry; English name, website, experimental code, former name, and corporation require later official-source enrichment."
univ_f101110100029,F101110100029,not_found,北海道教育大学,not_found,北海道教育大学,not_found,active,university,national,main,not_applicable,not_found,0028501,01,北海道,札幌市,北海道札幌市北区あいの里５条３－１－３,not_found,https://www.mext.go.jp/content/20260529-mxt_chousa01-000011635_6.csv,2026-05-20,2026-07-14T02:34:06Z,2026-07-14T02:34:06Z,verified_registry_identity,"Identity verified against MEXT 2026-05-01 provisional F1 registry; English name, website, experimental code, former name, and corporation require later official-source enrichment."
univ_f101110100038,F101110100038,not_found,室蘭工業大学,not_found,室蘭工業大学,not_found,active,university,national,main,not_applicable,not_found,0508585,01,北海道,室蘭市,北海道室蘭市水元町２７－１,not_found,https://www.mext.go.jp/content/20260529-mxt_chousa01-000011635_6.csv,2026-05-20,2026-07-14T02:34:06Z,2026-07-14T02:34:06Z,verified_registry_identity,"Identity verified against MEXT 2026-05-01 provisional F1 registry; English name, website, experimental code, former name, and corporation require later official-source enrichment."
univ_f101110100047,F101110100047,not_found,小樽商科大学,not_found,小樽商科大学,not_found,active,university,national,main,not_applicable,not_found,0478501,01,北海道,小樽市,北海道小樽市緑３－５－２１,not_found,https://www.mext.go.jp/content/20260529-mxt_chousa01-000011635_6.csv,2026-05-20,2026-07-14T02:34:06Z,2026-07-14T02:34:06Z,verified_registry_identity,"Identity verified against MEXT 2026-05-01 provisional F1 registry; English name, website, experimental code, former name, and corporation require later official-source enrichment."
univ_f101110100056,F101110100056,not_found,帯広畜産大学,not_found,帯広畜産大学,not_found,active,university,national,main,not_applicable,not_found,0808555,01,北海道,帯広市,北海道帯広市稲田町西２線１１,not_found,https://www.mext.go.jp/content/20260529-mxt_chousa01-000011635_6.csv,2026-05-20,2026-07-14T02:34:06Z,2026-07-14T02:34:06Z,verified_registry_identity,"Identity verified against MEXT 2026-05-01 provisional F1 registry; English name, website, experimental code, former name, and corporation require later official-source enrichment."
univ_f101110100065,F101110100065,not_found,北見工業大学,not_found,北見工業大学,not_found,active,university,national,main,not_applicable,not_found,0908507,01,北海道,北見市,北海道北見市公園町１６５,not_found,https://www.mext.go.jp/content/20260529-mxt_chousa01-000011635_6.csv,2026-05-20,2026-07-14T02:34:06Z,2026-07-14T02:34:06Z,verified_registry_identity,"Identity verified against MEXT 2026-05-01 provisional F1 registry; English name, website, experimental code, former name, and corporation require later official-source enrichment."
univ_f101110100074,F101110100074,not_found,旭川医科大学,not_found,旭川医科大学,not_found,active,university,national,main,not_applicable,not_found,0788510,01,北海道,旭川市,北海道旭川市緑が丘東２条１－１－１,not_found,https://www.mext.go.jp/content/20260529-mxt_chousa01-000011635_6.csv,2026-05-20,2026-07-14T02:34:06Z,2026-07-14T02:34:06Z,verified_registry_identity,"Identity verified against MEXT 2026-05-01 provisional F1 registry; English name, website, experimental code, former name, and corporation require later official-source enrichment."
univ_f101210100081,F101210100081,not_found,札幌医科大学,not_found,札幌医科大学,not_found,active,university,public,main,not_applicable,not_found,0608556,01,北海道,札幌市,北海道札幌市中央区南１条西１７－２９１,not_found,https://www.mext.go.jp/content/20260529-mxt_chousa01-000011635_6.csv,2026-05-20,2026-07-14T02:34:06Z,2026-07-14T02:34:06Z,verified_registry_identity,"Identity verified against MEXT 2026-05-01 provisional F1 registry; English name, website, experimental code, former name, and corporation require later official-source enrichment."
univ_f101210100090,F101210100090,not_found,公立はこだて未来大学,not_found,公立はこだて未来大学,not_found,active,university,public,main,not_applicable,not_found,0418655,01,北海道,函館市,北海道函館市亀田中野町１１６－２,not_found,https://www.mext.go.jp/content/20260529-mxt_chousa01-000011635_6.csv,2026-05-20,2026-07-14T02:34:06Z,2026-07-14T02:34:06Z,verified_registry_identity,"Identity verified against MEXT 2026-05-01 provisional F1 registry; English name, website, experimental code, former name, and corporation require later official-source enrichment."
univ_f101210100107,F101210100107,not_found,釧路公立大学,not_found,釧路公立大学,not_found,active,university,public,main,not_applicable,not_found,0858585,01,北海道,釧路市,北海道釧路市芦野４丁目１番１号,not_found,https://www.mext.go.jp/content/20260529-mxt_chousa01-000011635_6.csv,2026-05-20,2026-07-14T02:34:06Z,2026-07-14T02:34:06Z,verified_registry_identity,"Identity verified against MEXT 2026-05-01 provisional F1 registry; English name, website, experimental code, former name, and corporation require later official-source enrichment."
univ_f101210100116,F101210100116,not_found,名寄市立大学,not_found,名寄市立大学,not_found,active,university,public,main,not_applicable,not_found,0968641,01,北海道,名寄市,北海道名寄市西４条北８丁目１,not_found,https://www.mext.go.jp/content/20260529-mxt_chousa01-000011635_6.csv,2026-05-20,2026-07-14T02:34:06Z,2026-07-14T02:34:06Z,verified_registry_identity,"Identity verified against MEXT 2026-05-01 provisional F1 registry; English name, website, experimental code, former name, and corporation require later official-source enrichment."
univ_f101210100125,F101210100125,not_found,札幌市立大学,not_found,札幌市立大学,not_found,active,university,public,main,not_applicable,not_found,0050864,01,北海道,札幌市,北海道札幌市南区芸術の森１丁目,not_found,https://www.mext.go.jp/content/20260529-mxt_chousa01-000011635_6.csv,2026-05-20,2026-07-14T02:34:06Z,2026-07-14T02:34:06Z,verified_registry_identity,"Identity verified against MEXT 2026-05-01 provisional F1 registry; English name, website, experimental code, former name, and corporation require later official-source enrichment."
univ_f101210100134,F101210100134,not_found,公立千歳科学技術大学,not_found,公立千歳科学技術大学,not_found,active,university,public,main,not_applicable,not_found,0668655,01,北海道,千歳市,北海道千歳市美々７５８－６５,not_found,https://www.mext.go.jp/content/20260529-mxt_chousa01-000011635_6.csv,2026-05-20,2026-07-14T02:34:06Z,2026-07-14T02:34:06Z,verified_registry_identity,"Identity verified against MEXT 2026-05-01 provisional F1 registry; English name, website, experimental code, former name, and corporation require later official-source enrichment."
univ_f101210100143,F101210100143,not_found,旭川市立大学,not_found,旭川市立大学,not_found,active,university,public,main,not_applicable,not_found,0798501,01,北海道,旭川市,北海道旭川市永山３条２３丁目１番９号,not_found,https://www.mext.go.jp/content/20260529-mxt_chousa01-000011635_6.csv,2026-05-20,2026-07-14T02:34:06Z,2026-07-14T02:34:06Z,verified_registry_identity,"Identity verified against MEXT 2026-05-01 provisional F1 registry; English name, website, experimental code, former name, and corporation require later official-source enrichment."
univ_f101310100141,F101310100141,not_found,札幌大学,not_found,札幌大学,not_found,active,university,private,main,not_applicable,not_found,0628520,01,北海道,札幌市,北海道札幌市豊平区西岡３条７丁目３－１,not_found,https://www.mext.go.jp/content/20260529-mxt_chousa01-000011635_6.csv,2026-05-20,2026-07-14T02:34:06Z,2026-07-14T02:34:06Z,verified_registry_identity,"Identity verified against MEXT 2026-05-01 provisional F1 registry; English name, website, experimental code, former name, and corporation require later official-source enrichment."
univ_f101310100150,F101310100150,not_found,札幌学院大学,not_found,札幌学院大学,not_found,active,university,private,main,not_applicable,not_found,0698555,01,北海道,江別市,北海道江別市文京台１１,not_found,https://www.mext.go.jp/content/20260529-mxt_chousa01-000011635_6.csv,2026-05-20,2026-07-14T02:34:06Z,2026-07-14T02:34:06Z,verified_registry_identity,"Identity verified against MEXT 2026-05-01 provisional F1 registry; English name, website, experimental code, former name, and corporation require later official-source enrichment."
univ_f101310100169,F101310100169,not_found,函館大学,not_found,函館大学,not_found,active,university,private,main,not_applicable,not_found,0420955,01,北海道,函館市,北海道函館市高丘町５１－１,not_found,https://www.mext.go.jp/content/20260529-mxt_chousa01-000011635_6.csv,2026-05-20,2026-07-14T02:34:06Z,2026-07-14T02:34:06Z,verified_registry_identity,"Identity verified against MEXT 2026-05-01 provisional F1 registry; English name, website, experimental code, former name, and corporation require later official-source enrichment."
univ_f101310100178,F101310100178,not_found,藤女子大学,not_found,藤女子大学,not_found,active,university,private,main,not_applicable,not_found,0010016,01,北海道,札幌市,北海道札幌市北区北１６西２－１－１,not_found,https://www.mext.go.jp/content/20260529-mxt_chousa01-000011635_6.csv,2026-05-20,2026-07-14T02:34:06Z,2026-07-14T02:34:06Z,verified_registry_identity,"Identity verified against MEXT 2026-05-01 provisional F1 registry; English name, website, experimental code, former name, and corporation require later official-source enrichment."
univ_f101310100187,F101310100187,not_found,北星学園大学,not_found,北星学園大学,not_found,active,university,private,main,not_applicable,not_found,0048631,01,北海道,札幌市,北海道札幌市厚別区大谷地西２－３－１,not_found,https://www.mext.go.jp/content/20260529-mxt_chousa01-000011635_6.csv,2026-05-20,2026-07-14T02:34:06Z,2026-07-14T02:34:06Z,verified_registry_identity,"Identity verified against MEXT 2026-05-01 provisional F1 registry; English name, website, experimental code, former name, and corporation require later official-source enrichment."
univ_f101310100196,F101310100196,not_found,北海学園大学,not_found,北海学園大学,not_found,active,university,private,main,not_applicable,not_found,0628605,01,北海道,札幌市,北海道札幌市豊平区旭町４丁目１－４０,not_found,https://www.mext.go.jp/content/20260529-mxt_chousa01-000011635_6.csv,2026-05-20,2026-07-14T02:34:06Z,2026-07-14T02:34:06Z,verified_registry_identity,"Identity verified against MEXT 2026-05-01 provisional F1 registry; English name, website, experimental code, former name, and corporation require later official-source enrichment."
univ_f101310100203,F101310100203,not_found,北海道科学大学,not_found,北海道科学大学,not_found,active,university,private,main,not_applicable,not_found,0068585,01,北海道,札幌市,北海道札幌市手稲区前田７条１５－４－１,not_found,https://www.mext.go.jp/content/20260529-mxt_chousa01-000011635_6.csv,2026-05-20,2026-07-14T02:34:06Z,2026-07-14T02:34:06Z,verified_registry_identity,"Identity verified against MEXT 2026-05-01 provisional F1 registry; English name, website, experimental code, former name, and corporation require later official-source enrichment."
univ_f101310100212,F101310100212,not_found,酪農学園大学,not_found,酪農学園大学,not_found,active,university,private,main,not_applicable,not_found,0698501,01,北海道,江別市,北海道江別市文京台緑町５８２番地,not_found,https://www.mext.go.jp/content/20260529-mxt_chousa01-000011635_6.csv,2026-05-20,2026-07-14T02:34:06Z,2026-07-14T02:34:06Z,verified_registry_identity,"Identity verified against MEXT 2026-05-01 provisional F1 registry; English name, website, experimental code, former name, and corporation require later official-source enrichment."
univ_f101310100230,F101310100230,not_found,北海道医療大学,not_found,北海道医療大学,not_found,active,university,private,main,not_applicable,not_found,0610293,01,北海道,石狩郡当別町,北海道石狩郡当別町字金沢１７５７,not_found,https://www.mext.go.jp/content/20260529-mxt_chousa01-000011635_6.csv,2026-05-20,2026-07-14T02:34:06Z,2026-07-14T02:34:06Z,verified_registry_identity,"Identity verified against MEXT 2026-05-01 provisional F1 registry; English name, website, experimental code, former name, and corporation require later official-source enrichment."
univ_f101310100249,F101310100249,not_found,北海商科大学,not_found,北海商科大学,not_found,active,university,private,main,not_applicable,not_found,0628607,01,北海道,札幌市,北海道札幌市豊平区豊平６－６－１０,not_found,https://www.mext.go.jp/content/20260529-mxt_chousa01-000011635_6.csv,2026-05-20,2026-07-14T02:34:06Z,2026-07-14T02:34:06Z,verified_registry_identity,"Identity verified against MEXT 2026-05-01 provisional F1 registry; English name, website, experimental code, former name, and corporation require later official-source enrichment."
univ_f101310100258,F101310100258,not_found,星槎道都大学,not_found,星槎道都大学,not_found,active,university,private,main,not_applicable,not_found,0611196,01,北海道,北広島市,北海道北広島市中の沢１４９,not_found,https://www.mext.go.jp/content/20260529-mxt_chousa01-000011635_6.csv,2026-05-20,2026-07-14T02:34:06Z,2026-07-14T02:34:06Z,verified_registry_identity,"Identity verified against MEXT 2026-05-01 provisional F1 registry; English name, website, experimental code, former name, and corporation require later official-source enrichment."
univ_f101310100267,F101310100267,not_found,北海道情報大学,not_found,北海道情報大学,not_found,active,university,private,main,not_applicable,not_found,0698585,01,北海道,江別市,北海道江別市西野幌５９－２,not_found,https://www.mext.go.jp/content/20260529-mxt_chousa01-000011635_6.csv,2026-05-20,2026-07-14T02:34:06Z,2026-07-14T02:34:06Z,verified_registry_identity,"Identity verified against MEXT 2026-05-01 provisional F1 registry; English name, website, experimental code, former name, and corporation require later official-source enrichment."
univ_f101310100276,F101310100276,not_found,札幌国際大学,not_found,札幌国際大学,not_found,active,university,private,main,not_applicable,not_found,0048602,01,北海道,札幌市,北海道札幌市清田区清田４条１丁目４－１,not_found,https://www.mext.go.jp/content/20260529-mxt_chousa01-000011635_6.csv,2026-05-20,2026-07-14T02:34:06Z,2026-07-14T02:34:06Z,verified_registry_identity,"Identity verified against MEXT 2026-05-01 provisional F1 registry; English name, website, experimental code, former name, and corporation require later official-source enrichment."
univ_f101310100285,F101310100285,not_found,北翔大学,not_found,北翔大学,not_found,active,university,private,main,not_applicable,not_found,0698511,01,北海道,江別市,北海道江別市文京台２３,not_found,https://www.mext.go.jp/content/20260529-mxt_chousa01-000011635_6.csv,2026-05-20,2026-07-14T02:34:06Z,2026-07-14T02:34:06Z,verified_registry_identity,"Identity verified against MEXT 2026-05-01 provisional F1 registry; English name, website, experimental code, former name, and corporation require later official-source enrichment."
univ_f101310100294,F101310100294,not_found,北洋大学,not_found,北洋大学,not_found,active,university,private,main,not_applicable,not_found,0591266,01,北海道,苫小牧市,北海道苫小牧市錦西町３丁目２番１号,not_found,https://www.mext.go.jp/content/20260529-mxt_chousa01-000011635_6.csv,2026-05-20,2026-07-14T02:34:06Z,2026-07-14T02:34:06Z,verified_registry_identity,"Identity verified against MEXT 2026-05-01 provisional F1 registry; English name, website, experimental code, former name, and corporation require later official-source enrichment."
univ_f101310100301,F101310100301,not_found,日本赤十字北海道看護大学,not_found,日本赤十字北海道看護大学,not_found,active,university,private,main,not_applicable,not_found,0900011,01,北海道,北見市,北海道北見市曙町６６４番１,not_found,https://www.mext.go.jp/content/20260529-mxt_chousa01-000011635_6.csv,2026-05-20,2026-07-14T02:34:06Z,2026-07-14T02:34:06Z,verified_registry_identity,"Identity verified against MEXT 2026-05-01 provisional F1 registry; English name, website, experimental code, former name, and corporation require later official-source enrichment."
univ_f101310100310,F101310100310,not_found,北海道文教大学,not_found,北海道文教大学,not_found,active,university,private,main,not_applicable,not_found,0611449,01,北海道,恵庭市,北海道恵庭市黄金中央５丁目１９６番地１,not_found,https://www.mext.go.jp/content/20260529-mxt_chousa01-000011635_6.csv,2026-05-20,2026-07-14T02:34:06Z,2026-07-14T02:34:06Z,verified_registry_identity,"Identity verified against MEXT 2026-05-01 provisional F1 registry; English name, website, experimental code, former name, and corporation require later official-source enrichment."
univ_f101310100329,F101310100329,not_found,天使大学,not_found,天使大学,not_found,active,university,private,main,not_applicable,not_found,0650013,01,北海道,札幌市,北海道札幌市東区北１３条東３丁目１番３０号,not_found,https://www.mext.go.jp/content/20260529-mxt_chousa01-000011635_6.csv,2026-05-20,2026-07-14T02:34:06Z,2026-07-14T02:34:06Z,verified_registry_identity,"Identity verified against MEXT 2026-05-01 provisional F1 registry; English name, website, experimental code, former name, and corporation require later official-source enrichment."
univ_f101310100338,F101310100338,not_found,育英館大学,not_found,育英館大学,not_found,active,university,private,main,not_applicable,not_found,0970013,01,北海道,稚内市,北海道稚内市若葉台１丁目２２９０番地２８,not_found,https://www.mext.go.jp/content/20260529-mxt_chousa01-000011635_6.csv,2026-05-20,2026-07-14T02:34:06Z,2026-07-14T02:34:06Z,verified_registry_identity,"Identity verified against MEXT 2026-05-01 provisional F1 registry; English name, website, experimental code, former name, and corporation require later official-source enrichment."
univ_f101310100347,F101310100347,not_found,札幌大谷大学,not_found,札幌大谷大学,not_found,active,university,private,main,not_applicable,not_found,0650016,01,北海道,札幌市,北海道札幌市東区北１６条東９丁目,not_found,https://www.mext.go.jp/content/20260529-mxt_chousa01-000011635_6.csv,2026-05-20,2026-07-14T02:34:06Z,2026-07-14T02:34:06Z,verified_registry_identity,"Identity verified against MEXT 2026-05-01 provisional F1 registry; English name, website, experimental code, former name, and corporation require later official-source enrichment."
univ_f101310100356,F101310100356,not_found,札幌保健医療大学,not_found,札幌保健医療大学,not_found,active,university,private,main,not_applicable,not_found,0070894,01,北海道,札幌市,北海道札幌市東区中沼西４条２－１－１５,not_found,https://www.mext.go.jp/content/20260529-mxt_chousa01-000011635_6.csv,2026-05-20,2026-07-14T02:34:06Z,2026-07-14T02:34:06Z,verified_registry_identity,"Identity verified against MEXT 2026-05-01 provisional F1 registry; English name, website, experimental code, former name, and corporation require later official-source enrichment."
univ_f101310100365,F101310100365,not_found,日本医療大学,not_found,日本医療大学,not_found,active,university,private,main,not_applicable,not_found,0620053,01,北海道,札幌市,北海道札幌市豊平区月寒東３条１１丁目５０号,not_found,https://www.mext.go.jp/content/20260529-mxt_chousa01-000011635_6.csv,2026-05-20,2026-07-14T02:34:06Z,2026-07-14T02:34:06Z,verified_registry_identity,"Identity verified against MEXT 2026-05-01 provisional F1 registry; English name, website, experimental code, former name, and corporation require later official-source enrichment."
univ_f101310100374,F101310100374,not_found,北海道千歳リハビリテーション大学,not_found,北海道千歳リハビリテーション大学,not_found,active,university,private,main,not_applicable,not_found,0660055,01,北海道,千歳市,北海道千歳市里美２－１０,not_found,https://www.mext.go.jp/content/20260529-mxt_chousa01-000011635_6.csv,2026-05-20,2026-07-14T02:34:06Z,2026-07-14T02:34:06Z,verified_registry_identity,"Identity verified against MEXT 2026-05-01 provisional F1 registry; English name, website, experimental code, former name, and corporation require later official-source enrichment."
univ_f101310100383,F101310100383,not_found,北海道武蔵女子大学,not_found,北海道武蔵女子大学,not_found,active,university,private,main,not_applicable,not_found,0010022,01,北海道,札幌市,北海道札幌市北区北２２条西１３丁目,not_found,https://www.mext.go.jp/content/20260529-mxt_chousa01-000011635_6.csv,2026-05-20,2026-07-14T02:34:06Z,2026-07-14T02:34:06Z,verified_registry_identity,"Identity verified against MEXT 2026-05-01 provisional F1 registry; English name, website, experimental code, former name, and corporation require later official-source enrichment."
univ_f102110100572,F102110100572,not_found,弘前大学,not_found,弘前大学,not_found,active,university,national,main,not_applicable,not_found,0368560,02,青森県,弘前市,青森県弘前市文京町１,not_found,https://www.mext.go.jp/content/20260529-mxt_chousa01-000011635_6.csv,2026-05-20,2026-07-14T02:34:06Z,2026-07-14T02:34:06Z,verified_registry_identity,"Identity verified against MEXT 2026-05-01 provisional F1 registry; English name, website, experimental code, former name, and corporation require later official-source enrichment."
univ_f102210100589,F102210100589,not_found,青森公立大学,not_found,青森公立大学,not_found,active,university,public,main,not_applicable,not_found,0300196,02,青森県,青森市,青森県青森市大字合子沢字山崎１５３－４,not_found,https://www.mext.go.jp/content/20260529-mxt_chousa01-000011635_6.csv,2026-05-20,2026-07-14T02:34:06Z,2026-07-14T02:34:06Z,verified_registry_identity,"Identity verified against MEXT 2026-05-01 provisional F1 registry; English name, website, experimental code, former name, and corporation require later official-source enrichment."
univ_f102210100598,F102210100598,not_found,青森県立保健大学,not_found,青森県立保健大学,not_found,active,university,public,main,not_applicable,not_found,0308505,02,青森県,青森市,青森県青森市大字浜館字間瀬５８番地の１,not_found,https://www.mext.go.jp/content/20260529-mxt_chousa01-000011635_6.csv,2026-05-20,2026-07-14T02:34:06Z,2026-07-14T02:34:06Z,verified_registry_identity,"Identity verified against MEXT 2026-05-01 provisional F1 registry; English name, website, experimental code, former name, and corporation require later official-source enrichment."
univ_f102310100603,F102310100603,not_found,青森大学,not_found,青森大学,not_found,active,university,private,main,not_applicable,not_found,0300943,02,青森県,青森市,青森県青森市幸畑２－３－１,not_found,https://www.mext.go.jp/content/20260529-mxt_chousa01-000011635_6.csv,2026-05-20,2026-07-14T02:34:06Z,2026-07-14T02:34:06Z,verified_registry_identity,"Identity verified against MEXT 2026-05-01 provisional F1 registry; English name, website, experimental code, former name, and corporation require later official-source enrichment."
univ_f102310100612,F102310100612,not_found,柴田学園大学,not_found,柴田学園大学,not_found,active,university,private,main,not_applicable,not_found,0368530,02,青森県,弘前市,青森県弘前市清原１丁目１－１６,not_found,https://www.mext.go.jp/content/20260529-mxt_chousa01-000011635_6.csv,2026-05-20,2026-07-14T02:34:06Z,2026-07-14T02:34:06Z,verified_registry_identity,"Identity verified against MEXT 2026-05-01 provisional F1 registry; English name, website, experimental code, former name, and corporation require later official-source enrichment."
univ_f102310100621,F102310100621,not_found,弘前学院大学,not_found,弘前学院大学,not_found,active,university,private,main,not_applicable,not_found,0368577,02,青森県,弘前市,青森県弘前市稔町１３－１,not_found,https://www.mext.go.jp/content/20260529-mxt_chousa01-000011635_6.csv,2026-05-20,2026-07-14T02:34:06Z,2026-07-14T02:34:06Z,verified_registry_identity,"Identity verified against MEXT 2026-05-01 provisional F1 registry; English name, website, experimental code, former name, and corporation require later official-source enrichment."
univ_f102310100630,F102310100630,not_found,八戸工業大学,not_found,八戸工業大学,not_found,active,university,private,main,not_applicable,not_found,0310814,02,青森県,八戸市,青森県八戸市大字妙字大開８８の１,not_found,https://www.mext.go.jp/content/20260529-mxt_chousa01-000011635_6.csv,2026-05-20,2026-07-14T02:34:06Z,2026-07-14T02:34:06Z,verified_registry_identity,"Identity verified against MEXT 2026-05-01 provisional F1 registry; English name, website, experimental code, former name, and corporation require later official-source enrichment."
univ_f102310100649,F102310100649,not_found,八戸学院大学,not_found,八戸学院大学,not_found,active,university,private,main,not_applicable,not_found,0310844,02,青森県,八戸市,青森県八戸市大字美保野１３－９８,not_found,https://www.mext.go.jp/content/20260529-mxt_chousa01-000011635_6.csv,2026-05-20,2026-07-14T02:34:06Z,2026-07-14T02:34:06Z,verified_registry_identity,"Identity verified against MEXT 2026-05-01 provisional F1 registry; English name, website, experimental code, former name, and corporation require later official-source enrichment."
univ_f102310100658,F102310100658,not_found,青森中央学院大学,not_found,青森中央学院大学,not_found,active,university,private,main,not_applicable,not_found,0300132,02,青森県,青森市,青森県青森市大字横内字神田１２,not_found,https://www.mext.go.jp/content/20260529-mxt_chousa01-000011635_6.csv,2026-05-20,2026-07-14T02:34:06Z,2026-07-14T02:34:06Z,verified_registry_identity,"Identity verified against MEXT 2026-05-01 provisional F1 registry; English name, website, experimental code, former name, and corporation require later official-source enrichment."
univ_f102310100667,F102310100667,not_found,弘前医療福祉大学,not_found,弘前医療福祉大学,not_found,active,university,private,main,not_applicable,not_found,0368102,02,青森県,弘前市,青森県弘前市大字小比内三丁目１８番地１,not_found,https://www.mext.go.jp/content/20260529-mxt_chousa01-000011635_6.csv,2026-05-20,2026-07-14T02:34:06Z,2026-07-14T02:34:06Z,verified_registry_identity,"Identity verified against MEXT 2026-05-01 provisional F1 registry; English name, website, experimental code, former name, and corporation require later official-source enrichment."
univ_f103110100731,F103110100731,not_found,岩手大学,not_found,岩手大学,not_found,active,university,national,main,not_applicable,not_found,0208550,03,岩手県,盛岡市,岩手県盛岡市上田３－１８－８,not_found,https://www.mext.go.jp/content/20260529-mxt_chousa01-000011635_6.csv,2026-05-20,2026-07-14T02:34:06Z,2026-07-14T02:34:06Z,verified_registry_identity,"Identity verified against MEXT 2026-05-01 provisional F1 registry; English name, website, experimental code, former name, and corporation require later official-source enrichment."
univ_f103210100748,F103210100748,not_found,岩手県立大学,not_found,岩手県立大学,not_found,active,university,public,main,not_applicable,not_found,0200693,03,岩手県,滝沢市,岩手県滝沢市巣子１５２－５２,not_found,https://www.mext.go.jp/content/20260529-mxt_chousa01-000011635_6.csv,2026-05-20,2026-07-14T02:34:06Z,2026-07-14T02:34:06Z,verified_registry_identity,"Identity verified against MEXT 2026-05-01 provisional F1 registry; English name, website, experimental code, former name, and corporation require later official-source enrichment."
univ_f103310100755,F103310100755,not_found,岩手医科大学,not_found,岩手医科大学,not_found,active,university,private,main,not_applicable,not_found,0283694,03,岩手県,紫波郡矢巾町,岩手県紫波郡矢巾町医大通一丁目１番１号,not_found,https://www.mext.go.jp/content/20260529-mxt_chousa01-000011635_6.csv,2026-05-20,2026-07-14T02:34:06Z,2026-07-14T02:34:06Z,verified_registry_identity,"Identity verified against MEXT 2026-05-01 provisional F1 registry; English name, website, experimental code, former name, and corporation require later official-source enrichment."
univ_f103310100764,F103310100764,not_found,富士大学,not_found,富士大学,not_found,active,university,private,main,not_applicable,not_found,0258501,03,岩手県,花巻市,岩手県花巻市下根子４５０－３,not_found,https://www.mext.go.jp/content/20260529-mxt_chousa01-000011635_6.csv,2026-05-20,2026-07-14T02:34:06Z,2026-07-14T02:34:06Z,verified_registry_identity,"Identity verified against MEXT 2026-05-01 provisional F1 registry; English name, website, experimental code, former name, and corporation require later official-source enrichment."
univ_f103310100773,F103310100773,not_found,盛岡大学,not_found,盛岡大学,not_found,active,university,private,main,not_applicable,not_found,0200694,03,岩手県,滝沢市,岩手県滝沢市砂込８０８,not_found,https://www.mext.go.jp/content/20260529-mxt_chousa01-000011635_6.csv,2026-05-20,2026-07-14T02:34:06Z,2026-07-14T02:34:06Z,verified_registry_identity,"Identity verified against MEXT 2026-05-01 provisional F1 registry; English name, website, experimental code, former name, and corporation require later official-source enrichment."
univ_f103310100782,F103310100782,not_found,岩手保健医療大学,not_found,岩手保健医療大学,not_found,active,university,private,main,not_applicable,not_found,0200045,03,岩手県,盛岡市,岩手県盛岡市盛岡駅西通一丁目６番３０号,not_found,https://www.mext.go.jp/content/20260529-mxt_chousa01-000011635_6.csv,2026-05-20,2026-07-14T02:34:06Z,2026-07-14T02:34:06Z,verified_registry_identity,"Identity verified against MEXT 2026-05-01 provisional F1 registry; English name, website, experimental code, former name, and corporation require later official-source enrichment."
univ_f104110100856,F104110100856,not_found,東北大学,not_found,東北大学,not_found,active,university,national,main,not_applicable,not_found,9808577,04,宮城県,仙台市,宮城県仙台市青葉区片平２－１－１,not_found,https://www.mext.go.jp/content/20260529-mxt_chousa01-000011635_6.csv,2026-05-20,2026-07-14T02:34:06Z,2026-07-14T02:34:06Z,verified_registry_identity,"Identity verified against MEXT 2026-05-01 provisional F1 registry; English name, website, experimental code, former name, and corporation require later official-source enrichment."
univ_f104110100865,F104110100865,not_found,宮城教育大学,not_found,宮城教育大学,not_found,active,university,national,main,not_applicable,not_found,9800845,04,宮城県,仙台市,宮城県仙台市青葉区荒巻字青葉１４９,not_found,https://www.mext.go.jp/content/20260529-mxt_chousa01-000011635_6.csv,2026-05-20,2026-07-14T02:34:06Z,2026-07-14T02:34:06Z,verified_registry_identity,"Identity verified against MEXT 2026-05-01 provisional F1 registry; English name, website, experimental code, former name, and corporation require later official-source enrichment."
univ_f104210100872,F104210100872,not_found,宮城大学,not_found,宮城大学,not_found,active,university,public,main,not_applicable,not_found,9813298,04,宮城県,黒川郡大和町,宮城県黒川郡大和町学苑１－１,not_found,https://www.mext.go.jp/content/20260529-mxt_chousa01-000011635_6.csv,2026-05-20,2026-07-14T02:34:06Z,2026-07-14T02:34:06Z,verified_registry_identity,"Identity verified against MEXT 2026-05-01 provisional F1 registry; English name, website, experimental code, former name, and corporation require later official-source enrichment."
univ_f104310100889,F104310100889,not_found,仙台大学,not_found,仙台大学,not_found,active,university,private,main,not_applicable,not_found,9891603,04,宮城県,柴田郡柴田町,宮城県柴田郡柴田町船岡南２－２－１８,not_found,https://www.mext.go.jp/content/20260529-mxt_chousa01-000011635_6.csv,2026-05-20,2026-07-14T02:34:06Z,2026-07-14T02:34:06Z,verified_registry_identity,"Identity verified against MEXT 2026-05-01 provisional F1 registry; English name, website, experimental code, former name, and corporation require later official-source enrichment."
univ_f104310100898,F104310100898,not_found,東北学院大学,not_found,東北学院大学,not_found,active,university,private,main,not_applicable,not_found,9808511,04,宮城県,仙台市,宮城県仙台市青葉区土樋１－３－１,not_found,https://www.mext.go.jp/content/20260529-mxt_chousa01-000011635_6.csv,2026-05-20,2026-07-14T02:34:06Z,2026-07-14T02:34:06Z,verified_registry_identity,"Identity verified against MEXT 2026-05-01 provisional F1 registry; English name, website, experimental code, former name, and corporation require later official-source enrichment."
univ_f104310100905,F104310100905,not_found,東北工業大学,not_found,東北工業大学,not_found,active,university,private,main,not_applicable,not_found,9828577,04,宮城県,仙台市,宮城県仙台市太白区八木山香澄町３５－１,not_found,https://www.mext.go.jp/content/20260529-mxt_chousa01-000011635_6.csv,2026-05-20,2026-07-14T02:34:06Z,2026-07-14T02:34:06Z,verified_registry_identity,"Identity verified against MEXT 2026-05-01 provisional F1 registry; English name, website, experimental code, former name, and corporation require later official-source enrichment."
univ_f104310100914,F104310100914,not_found,東北福祉大学,not_found,東北福祉大学,not_found,active,university,private,main,not_applicable,not_found,9818522,04,宮城県,仙台市,宮城県仙台市青葉区国見１－８－１,not_found,https://www.mext.go.jp/content/20260529-mxt_chousa01-000011635_6.csv,2026-05-20,2026-07-14T02:34:06Z,2026-07-14T02:34:06Z,verified_registry_identity,"Identity verified against MEXT 2026-05-01 provisional F1 registry; English name, website, experimental code, former name, and corporation require later official-source enrichment."
univ_f104310100923,F104310100923,not_found,東北医科薬科大学,not_found,東北医科薬科大学,not_found,active,university,private,main,not_applicable,not_found,9818558,04,宮城県,仙台市,宮城県仙台市青葉区小松島４－４－１,not_found,https://www.mext.go.jp/content/20260529-mxt_chousa01-000011635_6.csv,2026-05-20,2026-07-14T02:34:06Z,2026-07-14T02:34:06Z,verified_registry_identity,"Identity verified against MEXT 2026-05-01 provisional F1 registry; English name, website, experimental code, former name, and corporation require later official-source enrichment."
univ_f104310100932,F104310100932,not_found,東北生活文化大学,not_found,東北生活文化大学,not_found,active,university,private,main,not_applicable,not_found,9818585,04,宮城県,仙台市,宮城県仙台市泉区虹の丘１－１８－２,not_found,https://www.mext.go.jp/content/20260529-mxt_chousa01-000011635_6.csv,2026-05-20,2026-07-14T02:34:06Z,2026-07-14T02:34:06Z,verified_registry_identity,"Identity verified against MEXT 2026-05-01 provisional F1 registry; English name, website, experimental code, former name, and corporation require later official-source enrichment."
univ_f104310100941,F104310100941,not_found,宮城学院女子大学,not_found,宮城学院女子大学,not_found,active,university,private,main,not_applicable,not_found,9818557,04,宮城県,仙台市,宮城県仙台市青葉区桜ケ丘９－１－１,not_found,https://www.mext.go.jp/content/20260529-mxt_chousa01-000011635_6.csv,2026-05-20,2026-07-14T02:34:06Z,2026-07-14T02:34:06Z,verified_registry_identity,"Identity verified against MEXT 2026-05-01 provisional F1 registry; English name, website, experimental code, former name, and corporation require later official-source enrichment."
univ_f104310100950,F104310100950,not_found,石巻専修大学,not_found,石巻専修大学,not_found,active,university,private,main,not_applicable,not_found,9868580,04,宮城県,石巻市,宮城県石巻市南境新水戸１,not_found,https://www.mext.go.jp/content/20260529-mxt_chousa01-000011635_6.csv,2026-05-20,2026-07-14T02:34:06Z,2026-07-14T02:34:06Z,verified_registry_identity,"Identity verified against MEXT 2026-05-01 provisional F1 registry; English name, website, experimental code, former name, and corporation require later official-source enrichment."
univ_f104310100969,F104310100969,not_found,仙台白百合女子大学,not_found,仙台白百合女子大学,not_found,active,university,private,main,not_applicable,not_found,9813107,04,宮城県,仙台市,宮城県仙台市泉区本田町６－１,not_found,https://www.mext.go.jp/content/20260529-mxt_chousa01-000011635_6.csv,2026-05-20,2026-07-14T02:34:06Z,2026-07-14T02:34:06Z,verified_registry_identity,"Identity verified against MEXT 2026-05-01 provisional F1 registry; English name, website, experimental code, former name, and corporation require later official-source enrichment."
univ_f104310100978,F104310100978,not_found,東北文化学園大学,not_found,東北文化学園大学,not_found,active,university,private,main,not_applicable,not_found,9818551,04,宮城県,仙台市,宮城県仙台市青葉区国見６丁目４５番１号,not_found,https://www.mext.go.jp/content/20260529-mxt_chousa01-000011635_6.csv,2026-05-20,2026-07-14T02:34:06Z,2026-07-14T02:34:06Z,verified_registry_identity,"Identity verified against MEXT 2026-05-01 provisional F1 registry; English name, website, experimental code, former name, and corporation require later official-source enrichment."
univ_f104310100987,F104310100987,not_found,尚絅学院大学,not_found,尚絅学院大学,not_found,active,university,private,main,not_applicable,not_found,9811245,04,宮城県,名取市,宮城県名取市ゆりが丘四丁目１０番１号,not_found,https://www.mext.go.jp/content/20260529-mxt_chousa01-000011635_6.csv,2026-05-20,2026-07-14T02:34:06Z,2026-07-14T02:34:06Z,verified_registry_identity,"Identity verified against MEXT 2026-05-01 provisional F1 registry; English name, website, experimental code, former name, and corporation require later official-source enrichment."
univ_f104310100996,F104310100996,not_found,仙台青葉学院大学,not_found,仙台青葉学院大学,not_found,active,university,private,main,not_applicable,not_found,9840022,04,宮城県,仙台市,宮城県仙台市若林区五橋三丁目５番７５号,not_found,https://www.mext.go.jp/content/20260529-mxt_chousa01-000011635_6.csv,2026-05-20,2026-07-14T02:34:06Z,2026-07-14T02:34:06Z,verified_registry_identity,"Identity verified against MEXT 2026-05-01 provisional F1 registry; English name, website, experimental code, former name, and corporation require later official-source enrichment."
univ_f105110101051,F105110101051,not_found,秋田大学,not_found,秋田大学,not_found,active,university,national,main,not_applicable,not_found,0108502,05,秋田県,秋田市,秋田県秋田市手形学園町１－１,not_found,https://www.mext.go.jp/content/20260529-mxt_chousa01-000011635_6.csv,2026-05-20,2026-07-14T02:34:06Z,2026-07-14T02:34:06Z,verified_registry_identity,"Identity verified against MEXT 2026-05-01 provisional F1 registry; English name, website, experimental code, former name, and corporation require later official-source enrichment."
univ_f105210101068,F105210101068,not_found,秋田県立大学,not_found,秋田県立大学,not_found,active,university,public,main,not_applicable,not_found,0100195,05,秋田県,秋田市,秋田県秋田市下新城中野字街道端西２４１－４３８,not_found,https://www.mext.go.jp/content/20260529-mxt_chousa01-000011635_6.csv,2026-05-20,2026-07-14T02:34:06Z,2026-07-14T02:34:06Z,verified_registry_identity,"Identity verified against MEXT 2026-05-01 provisional F1 registry; English name, website, experimental code, former name, and corporation require later official-source enrichment."
univ_f105210101077,F105210101077,not_found,国際教養大学,not_found,国際教養大学,not_found,active,university,public,main,not_applicable,not_found,0101292,05,秋田県,秋田市,秋田県秋田市雄和椿川字奥椿岱,not_found,https://www.mext.go.jp/content/20260529-mxt_chousa01-000011635_6.csv,2026-05-20,2026-07-14T02:34:06Z,2026-07-14T02:34:06Z,verified_registry_identity,"Identity verified against MEXT 2026-05-01 provisional F1 registry; English name, website, experimental code, former name, and corporation require later official-source enrichment."
univ_f105210101086,F105210101086,not_found,秋田公立美術大学,not_found,秋田公立美術大学,not_found,active,university,public,main,not_applicable,not_found,0101632,05,秋田県,秋田市,秋田県秋田市新屋大川町１２－３,not_found,https://www.mext.go.jp/content/20260529-mxt_chousa01-000011635_6.csv,2026-05-20,2026-07-14T02:34:06Z,2026-07-14T02:34:06Z,verified_registry_identity,"Identity verified against MEXT 2026-05-01 provisional F1 registry; English name, website, experimental code, former name, and corporation require later official-source enrichment."
univ_f105310101093,F105310101093,not_found,ノースアジア大学,not_found,ノースアジア大学,not_found,active,university,private,main,not_applicable,not_found,0108515,05,秋田県,秋田市,秋田県秋田市下北手桜字守沢４６－１,not_found,https://www.mext.go.jp/content/20260529-mxt_chousa01-000011635_6.csv,2026-05-20,2026-07-14T02:34:06Z,2026-07-14T02:34:06Z,verified_registry_identity,"Identity verified against MEXT 2026-05-01 provisional F1 registry; English name, website, experimental code, former name, and corporation require later official-source enrichment."
univ_f105310101100,F105310101100,not_found,秋田看護福祉大学,not_found,秋田看護福祉大学,not_found,active,university,private,main,not_applicable,not_found,0170046,05,秋田県,大館市,秋田県大館市清水二丁目３番４号,not_found,https://www.mext.go.jp/content/20260529-mxt_chousa01-000011635_6.csv,2026-05-20,2026-07-14T02:34:06Z,2026-07-14T02:34:06Z,verified_registry_identity,"Identity verified against MEXT 2026-05-01 provisional F1 registry; English name, website, experimental code, former name, and corporation require later official-source enrichment."
univ_f105310101119,F105310101119,not_found,日本赤十字東北看護大学,not_found,日本赤十字東北看護大学,not_found,active,university,private,main,not_applicable,not_found,0101493,05,秋田県,秋田市,秋田県秋田市上北手猿田字苗代沢１７番地３,not_found,https://www.mext.go.jp/content/20260529-mxt_chousa01-000011635_6.csv,2026-05-20,2026-07-14T02:34:06Z,2026-07-14T02:34:06Z,verified_registry_identity,"Identity verified against MEXT 2026-05-01 provisional F1 registry; English name, website, experimental code, former name, and corporation require later official-source enrichment."
univ_f106110101176,F106110101176,not_found,山形大学,not_found,山形大学,not_found,active,university,national,main,not_applicable,not_found,9908560,06,山形県,山形市,山形県山形市小白川町１－４－１２,not_found,https://www.mext.go.jp/content/20260529-mxt_chousa01-000011635_6.csv,2026-05-20,2026-07-14T02:34:06Z,2026-07-14T02:34:06Z,verified_registry_identity,"Identity verified against MEXT 2026-05-01 provisional F1 registry; English name, website, experimental code, former name, and corporation require later official-source enrichment."
univ_f106210000014,F106210000014,not_found,東北公益文科大学,not_found,東北公益文科大学,not_found,active,university,public,main,not_applicable,not_found,9988580,06,山形県,酒田市,山形県酒田市飯森山三丁目５番地の１,not_found,https://www.mext.go.jp/content/20260529-mxt_chousa01-000011635_6.csv,2026-05-20,2026-07-14T02:34:06Z,2026-07-14T02:34:06Z,verified_registry_identity,"Identity verified against MEXT 2026-05-01 provisional F1 registry; English name, website, experimental code, former name, and corporation require later official-source enrichment."
univ_f106210101183,F106210101183,not_found,山形県立保健医療大学,not_found,山形県立保健医療大学,not_found,active,university,public,main,not_applicable,not_found,9902212,06,山形県,山形市,山形県山形市上柳２６０番地,not_found,https://www.mext.go.jp/content/20260529-mxt_chousa01-000011635_6.csv,2026-05-20,2026-07-14T02:34:06Z,2026-07-14T02:34:06Z,verified_registry_identity,"Identity verified against MEXT 2026-05-01 provisional F1 registry; English name, website, experimental code, former name, and corporation require later official-source enrichment."
univ_f106210101192,F106210101192,not_found,山形県立米沢栄養大学,not_found,山形県立米沢栄養大学,not_found,active,university,public,main,not_applicable,not_found,9920025,06,山形県,米沢市,山形県米沢市通町６－１５－１,not_found,https://www.mext.go.jp/content/20260529-mxt_chousa01-000011635_6.csv,2026-05-20,2026-07-14T02:34:06Z,2026-07-14T02:34:06Z,verified_registry_identity,"Identity verified against MEXT 2026-05-01 provisional F1 registry; English name, website, experimental code, former name, and corporation require later official-source enrichment."
univ_f106210101209,F106210101209,not_found,東北農林専門職大学,not_found,東北農林専門職大学,not_found,active,university,public,main,not_applicable,not_found,9960052,06,山形県,新庄市,山形県新庄市角沢１３６６番地,not_found,https://www.mext.go.jp/content/20260529-mxt_chousa01-000011635_6.csv,2026-05-20,2026-07-14T02:34:06Z,2026-07-14T02:34:06Z,verified_registry_identity,"Identity verified against MEXT 2026-05-01 provisional F1 registry; English name, website, experimental code, former name, and corporation require later official-source enrichment."
univ_f106310101207,F106310101207,not_found,東北芸術工科大学,not_found,東北芸術工科大学,not_found,active,university,private,main,not_applicable,not_found,9909530,06,山形県,山形市,山形県山形市上桜田３－４－５,not_found,https://www.mext.go.jp/content/20260529-mxt_chousa01-000011635_6.csv,2026-05-20,2026-07-14T02:34:06Z,2026-07-14T02:34:06Z,verified_registry_identity,"Identity verified against MEXT 2026-05-01 provisional F1 registry; English name, website, experimental code, former name, and corporation require later official-source enrichment."
univ_f106310101225,F106310101225,not_found,東北文教大学,not_found,東北文教大学,not_found,active,university,private,main,not_applicable,not_found,9902316,06,山形県,山形市,山形県山形市片谷地５１５,not_found,https://www.mext.go.jp/content/20260529-mxt_chousa01-000011635_6.csv,2026-05-20,2026-07-14T02:34:06Z,2026-07-14T02:34:06Z,verified_registry_identity,"Identity verified against MEXT 2026-05-01 provisional F1 registry; English name, website, experimental code, former name, and corporation require later official-source enrichment."
univ_f106310101234,F106310101234,not_found,電動モビリティシステム専門職大学,not_found,電動モビリティシステム専門職大学,not_found,active,university,private,main,not_applicable,not_found,9990602,06,山形県,西置賜郡飯豊町,山形県西置賜郡飯豊町萩生１７２５－２,not_found,https://www.mext.go.jp/content/20260529-mxt_chousa01-000011635_6.csv,2026-05-20,2026-07-14T02:34:06Z,2026-07-14T02:34:06Z,verified_registry_identity,"Identity verified against MEXT 2026-05-01 provisional F1 registry; English name, website, experimental code, former name, and corporation require later official-source enrichment."
univ_f107110101273,F107110101273,not_found,福島大学,not_found,福島大学,not_found,active,university,national,main,not_applicable,not_found,9601296,07,福島県,福島市,福島県福島市金谷川１番地,not_found,https://www.mext.go.jp/content/20260529-mxt_chousa01-000011635_6.csv,2026-05-20,2026-07-14T02:34:06Z,2026-07-14T02:34:06Z,verified_registry_identity,"Identity verified against MEXT 2026-05-01 provisional F1 registry; English name, website, experimental code, former name, and corporation require later official-source enrichment."
univ_f107210101280,F107210101280,not_found,福島県立医科大学,not_found,福島県立医科大学,not_found,active,university,public,main,not_applicable,not_found,9601295,07,福島県,福島市,福島県福島市光が丘１,not_found,https://www.mext.go.jp/content/20260529-mxt_chousa01-000011635_6.csv,2026-05-20,2026-07-14T02:34:06Z,2026-07-14T02:34:06Z,verified_registry_identity,"Identity verified against MEXT 2026-05-01 provisional F1 registry; English name, website, experimental code, former name, and corporation require later official-source enrichment."
univ_f107210101299,F107210101299,not_found,会津大学,not_found,会津大学,not_found,active,university,public,main,not_applicable,not_found,9658580,07,福島県,会津若松市,福島県会津若松市一箕町大字鶴賀字上居合９０,not_found,https://www.mext.go.jp/content/20260529-mxt_chousa01-000011635_6.csv,2026-05-20,2026-07-14T02:34:06Z,2026-07-14T02:34:06Z,verified_registry_identity,"Identity verified against MEXT 2026-05-01 provisional F1 registry; English name, website, experimental code, former name, and corporation require later official-source enrichment."
univ_f107310101304,F107310101304,not_found,郡山女子大学,not_found,郡山女子大学,not_found,active,university,private,main,not_applicable,not_found,9638503,07,福島県,郡山市,福島県郡山市開成３－２５－２,not_found,https://www.mext.go.jp/content/20260529-mxt_chousa01-000011635_6.csv,2026-05-20,2026-07-14T02:34:06Z,2026-07-14T02:34:06Z,verified_registry_identity,"Identity verified against MEXT 2026-05-01 provisional F1 registry; English name, website, experimental code, former name, and corporation require later official-source enrichment."
univ_f107310101313,F107310101313,not_found,奥羽大学,not_found,奥羽大学,not_found,active,university,private,main,not_applicable,not_found,9638041,07,福島県,郡山市,福島県郡山市富田町字三角堂３１－１,not_found,https://www.mext.go.jp/content/20260529-mxt_chousa01-000011635_6.csv,2026-05-20,2026-07-14T02:34:06Z,2026-07-14T02:34:06Z,verified_registry_identity,"Identity verified against MEXT 2026-05-01 provisional F1 registry; English name, website, experimental code, former name, and corporation require later official-source enrichment."
univ_f107310101322,F107310101322,not_found,医療創生大学,not_found,医療創生大学,not_found,active,university,private,main,not_applicable,not_found,9708551,07,福島県,いわき市,福島県いわき市中央台飯野５－５－１,not_found,https://www.mext.go.jp/content/20260529-mxt_chousa01-000011635_6.csv,2026-05-20,2026-07-14T02:34:06Z,2026-07-14T02:34:06Z,verified_registry_identity,"Identity verified against MEXT 2026-05-01 provisional F1 registry; English name, website, experimental code, former name, and corporation require later official-source enrichment."
univ_f107310101331,F107310101331,not_found,東日本国際大学,not_found,東日本国際大学,not_found,active,university,private,main,not_applicable,not_found,9708023,07,福島県,いわき市,福島県いわき市平鎌田字寿金沢３７,not_found,https://www.mext.go.jp/content/20260529-mxt_chousa01-000011635_6.csv,2026-05-20,2026-07-14T02:34:06Z,2026-07-14T02:34:06Z,verified_registry_identity,"Identity verified against MEXT 2026-05-01 provisional F1 registry; English name, website, experimental code, former name, and corporation require later official-source enrichment."
univ_f107310101340,F107310101340,not_found,福島学院大学,not_found,福島学院大学,not_found,active,university,private,main,not_applicable,not_found,9600181,07,福島県,福島市,福島県福島市宮代字乳児池１番地１,not_found,https://www.mext.go.jp/content/20260529-mxt_chousa01-000011635_6.csv,2026-05-20,2026-07-14T02:34:06Z,2026-07-14T02:34:06Z,verified_registry_identity,"Identity verified against MEXT 2026-05-01 provisional F1 registry; English name, website, experimental code, former name, and corporation require later official-source enrichment."
univ_f108110101414,F108110101414,not_found,茨城大学,not_found,茨城大学,not_found,active,university,national,main,not_applicable,not_found,3100056,08,茨城県,水戸市,茨城県水戸市文京２－１－１,not_found,https://www.mext.go.jp/content/20260529-mxt_chousa01-000011635_6.csv,2026-05-20,2026-07-14T02:34:06Z,2026-07-14T02:34:06Z,verified_registry_identity,"Identity verified against MEXT 2026-05-01 provisional F1 registry; English name, website, experimental code, former name, and corporation require later official-source enrichment."
univ_f108110101423,F108110101423,not_found,筑波大学,not_found,筑波大学,not_found,active,university,national,main,not_applicable,not_found,3058577,08,茨城県,つくば市,茨城県つくば市天王台１丁目１－１,not_found,https://www.mext.go.jp/content/20260529-mxt_chousa01-000011635_6.csv,2026-05-20,2026-07-14T02:34:06Z,2026-07-14T02:34:06Z,verified_registry_identity,"Identity verified against MEXT 2026-05-01 provisional F1 registry; English name, website, experimental code, former name, and corporation require later official-source enrichment."
univ_f108110101432,F108110101432,not_found,筑波技術大学,not_found,筑波技術大学,not_found,active,university,national,main,not_applicable,not_found,3058520,08,茨城県,つくば市,茨城県つくば市天久保４－３－１５,not_found,https://www.mext.go.jp/content/20260529-mxt_chousa01-000011635_6.csv,2026-05-20,2026-07-14T02:34:06Z,2026-07-14T02:34:06Z,verified_registry_identity,"Identity verified against MEXT 2026-05-01 provisional F1 registry; English name, website, experimental code, former name, and corporation require later official-source enrichment."
univ_f108210101449,F108210101449,not_found,茨城県立医療大学,not_found,茨城県立医療大学,not_found,active,university,public,main,not_applicable,not_found,3000394,08,茨城県,稲敷郡阿見町,茨城県稲敷郡阿見町阿見字阿見原４６６９－２,not_found,https://www.mext.go.jp/content/20260529-mxt_chousa01-000011635_6.csv,2026-05-20,2026-07-14T02:34:06Z,2026-07-14T02:34:06Z,verified_registry_identity,"Identity verified against MEXT 2026-05-01 provisional F1 registry; English name, website, experimental code, former name, and corporation require later official-source enrichment."
univ_f108310101456,F108310101456,not_found,茨城キリスト教大学,not_found,茨城キリスト教大学,not_found,active,university,private,main,not_applicable,not_found,3191295,08,茨城県,日立市,茨城県日立市大みか町６－１１－１,not_found,https://www.mext.go.jp/content/20260529-mxt_chousa01-000011635_6.csv,2026-05-20,2026-07-14T02:34:06Z,2026-07-14T02:34:06Z,verified_registry_identity,"Identity verified against MEXT 2026-05-01 provisional F1 registry; English name, website, experimental code, former name, and corporation require later official-source enrichment."
univ_f108310101465,F108310101465,not_found,流通経済大学,not_found,流通経済大学,not_found,active,university,private,main,not_applicable,not_found,3018555,08,茨城県,龍ケ崎市,茨城県龍ケ崎市平畑１２０,not_found,https://www.mext.go.jp/content/20260529-mxt_chousa01-000011635_6.csv,2026-05-20,2026-07-14T02:34:06Z,2026-07-14T02:34:06Z,verified_registry_identity,"Identity verified against MEXT 2026-05-01 provisional F1 registry; English name, website, experimental code, former name, and corporation require later official-source enrichment."
univ_f108310101474,F108310101474,not_found,常磐大学,not_found,常磐大学,not_found,active,university,private,main,not_applicable,not_found,3108585,08,茨城県,水戸市,茨城県水戸市見和１－４３０－１,not_found,https://www.mext.go.jp/content/20260529-mxt_chousa01-000011635_6.csv,2026-05-20,2026-07-14T02:34:06Z,2026-07-14T02:34:06Z,verified_registry_identity,"Identity verified against MEXT 2026-05-01 provisional F1 registry; English name, website, experimental code, former name, and corporation require later official-source enrichment."
univ_f108310101483,F108310101483,not_found,つくば国際大学,not_found,つくば国際大学,not_found,active,university,private,main,not_applicable,not_found,3000051,08,茨城県,土浦市,茨城県土浦市真鍋６－２０－１,not_found,https://www.mext.go.jp/content/20260529-mxt_chousa01-000011635_6.csv,2026-05-20,2026-07-14T02:34:06Z,2026-07-14T02:34:06Z,verified_registry_identity,"Identity verified against MEXT 2026-05-01 provisional F1 registry; English name, website, experimental code, former name, and corporation require later official-source enrichment."
univ_f108310101492,F108310101492,not_found,日本国際学園大学,not_found,日本国際学園大学,not_found,active,university,private,main,not_applicable,not_found,3050031,08,茨城県,つくば市,茨城県つくば市吾妻３丁目１,not_found,https://www.mext.go.jp/content/20260529-mxt_chousa01-000011635_6.csv,2026-05-20,2026-07-14T02:34:06Z,2026-07-14T02:34:06Z,verified_registry_identity,"Identity verified against MEXT 2026-05-01 provisional F1 registry; English name, website, experimental code, former name, and corporation require later official-source enrichment."
univ_f108310101508,F108310101508,not_found,日本ウェルネススポーツ大学,not_found,日本ウェルネススポーツ大学,not_found,active,university,private,main,not_applicable,not_found,3001622,08,茨城県,北相馬郡利根町,茨城県北相馬郡利根町大字布川１３７７番,not_found,https://www.mext.go.jp/content/20260529-mxt_chousa01-000011635_6.csv,2026-05-20,2026-07-14T02:34:06Z,2026-07-14T02:34:06Z,verified_registry_identity,"Identity verified against MEXT 2026-05-01 provisional F1 registry; English name, website, experimental code, former name, and corporation require later official-source enrichment."
univ_f108310111971,F108310111971,not_found,アール医療専門職大学,not_found,アール医療専門職大学,not_found,active,university,private,main,not_applicable,not_found,3000032,08,茨城県,土浦市,茨城県土浦市湖北二丁目１０番３５号,not_found,https://www.mext.go.jp/content/20260529-mxt_chousa01-000011635_6.csv,2026-05-20,2026-07-14T02:34:06Z,2026-07-14T02:34:06Z,verified_registry_identity,"Identity verified against MEXT 2026-05-01 provisional F1 registry; English name, website, experimental code, former name, and corporation require later official-source enrichment."
univ_f109110101556,F109110101556,not_found,宇都宮大学,not_found,宇都宮大学,not_found,active,university,national,main,not_applicable,not_found,3210943,09,栃木県,宇都宮市,栃木県宇都宮市峰町３５０,not_found,https://www.mext.go.jp/content/20260529-mxt_chousa01-000011635_6.csv,2026-05-20,2026-07-14T02:34:06Z,2026-07-14T02:34:06Z,verified_registry_identity,"Identity verified against MEXT 2026-05-01 provisional F1 registry; English name, website, experimental code, former name, and corporation require later official-source enrichment."
univ_f109310101561,F109310101561,not_found,足利大学,not_found,足利大学,not_found,active,university,private,main,not_applicable,not_found,3268558,09,栃木県,足利市,栃木県足利市大前町２６８－１,not_found,https://www.mext.go.jp/content/20260529-mxt_chousa01-000011635_6.csv,2026-05-20,2026-07-14T02:34:06Z,2026-07-14T02:34:06Z,verified_registry_identity,"Identity verified against MEXT 2026-05-01 provisional F1 registry; English name, website, experimental code, former name, and corporation require later official-source enrichment."
univ_f109310101570,F109310101570,not_found,白鴎大学,not_found,白鴎大学,not_found,active,university,private,main,not_applicable,not_found,3230022,09,栃木県,小山市,栃木県小山市駅東通り２－３－５,not_found,https://www.mext.go.jp/content/20260529-mxt_chousa01-000011635_6.csv,2026-05-20,2026-07-14T02:34:06Z,2026-07-14T02:34:06Z,verified_registry_identity,"Identity verified against MEXT 2026-05-01 provisional F1 registry; English name, website, experimental code, former name, and corporation require later official-source enrichment."
univ_f109310101589,F109310101589,not_found,作新学院大学,not_found,作新学院大学,not_found,active,university,private,main,not_applicable,not_found,3213295,09,栃木県,宇都宮市,栃木県宇都宮市竹下町９０８,not_found,https://www.mext.go.jp/content/20260529-mxt_chousa01-000011635_6.csv,2026-05-20,2026-07-14T02:34:06Z,2026-07-14T02:34:06Z,verified_registry_identity,"Identity verified against MEXT 2026-05-01 provisional F1 registry; English name, website, experimental code, former name, and corporation require later official-source enrichment."
univ_f109310101598,F109310101598,not_found,国際医療福祉大学,not_found,国際医療福祉大学,not_found,active,university,private,main,not_applicable,not_found,3248501,09,栃木県,大田原市,栃木県大田原市北金丸字上ノ原２６００－１,not_found,https://www.mext.go.jp/content/20260529-mxt_chousa01-000011635_6.csv,2026-05-20,2026-07-14T02:34:06Z,2026-07-14T02:34:06Z,verified_registry_identity,"Identity verified against MEXT 2026-05-01 provisional F1 registry; English name, website, experimental code, former name, and corporation require later official-source enrichment."
univ_f109310101605,F109310101605,not_found,宇都宮共和大学,not_found,宇都宮共和大学,not_found,active,university,private,main,not_applicable,not_found,3200811,09,栃木県,宇都宮市,栃木県宇都宮市大通り１－３－１８,not_found,https://www.mext.go.jp/content/20260529-mxt_chousa01-000011635_6.csv,2026-05-20,2026-07-14T02:34:06Z,2026-07-14T02:34:06Z,verified_registry_identity,"Identity verified against MEXT 2026-05-01 provisional F1 registry; English name, website, experimental code, former name, and corporation require later official-source enrichment."
univ_f109310101614,F109310101614,not_found,文星芸術大学,not_found,文星芸術大学,not_found,active,university,private,main,not_applicable,not_found,3200058,09,栃木県,宇都宮市,栃木県宇都宮市上戸祭四丁目８番１５号,not_found,https://www.mext.go.jp/content/20260529-mxt_chousa01-000011635_6.csv,2026-05-20,2026-07-14T02:34:06Z,2026-07-14T02:34:06Z,verified_registry_identity,"Identity verified against MEXT 2026-05-01 provisional F1 registry; English name, website, experimental code, former name, and corporation require later official-source enrichment."
univ_f109310101623,F109310101623,not_found,自治医科大学,not_found,自治医科大学,not_found,active,university,private,main,not_applicable,not_found,3290498,09,栃木県,下野市,栃木県下野市薬師寺３３１１－１,not_found,https://www.mext.go.jp/content/20260529-mxt_chousa01-000011635_6.csv,2026-05-20,2026-07-14T02:34:06Z,2026-07-14T02:34:06Z,verified_registry_identity,"Identity verified against MEXT 2026-05-01 provisional F1 registry; English name, website, experimental code, former name, and corporation require later official-source enrichment."
univ_f109310101632,F109310101632,not_found,獨協医科大学,not_found,獨協医科大学,not_found,active,university,private,main,not_applicable,not_found,3210293,09,栃木県,下都賀郡壬生町,栃木県下都賀郡壬生町大字北小林８８０,not_found,https://www.mext.go.jp/content/20260529-mxt_chousa01-000011635_6.csv,2026-05-20,2026-07-14T02:34:06Z,2026-07-14T02:34:06Z,verified_registry_identity,"Identity verified against MEXT 2026-05-01 provisional F1 registry; English name, website, experimental code, former name, and corporation require later official-source enrichment."
univ_f110110101713,F110110101713,not_found,群馬大学,not_found,群馬大学,not_found,active,university,national,main,not_applicable,not_found,3718510,10,群馬県,前橋市,群馬県前橋市荒牧町４－２,not_found,https://www.mext.go.jp/content/20260529-mxt_chousa01-000011635_6.csv,2026-05-20,2026-07-14T02:34:06Z,2026-07-14T02:34:06Z,verified_registry_identity,"Identity verified against MEXT 2026-05-01 provisional F1 registry; English name, website, experimental code, former name, and corporation require later official-source enrichment."
univ_f110210101720,F110210101720,not_found,高崎経済大学,not_found,高崎経済大学,not_found,active,university,public,main,not_applicable,not_found,3700801,10,群馬県,高崎市,群馬県高崎市上並榎町１３００,not_found,https://www.mext.go.jp/content/20260529-mxt_chousa01-000011635_6.csv,2026-05-20,2026-07-14T02:34:06Z,2026-07-14T02:34:06Z,verified_registry_identity,"Identity verified against MEXT 2026-05-01 provisional F1 registry; English name, website, experimental code, former name, and corporation require later official-source enrichment."
univ_f110210101739,F110210101739,not_found,前橋工科大学,not_found,前橋工科大学,not_found,active,university,public,main,not_applicable,not_found,3710816,10,群馬県,前橋市,群馬県前橋市上佐鳥町４６０－１,not_found,https://www.mext.go.jp/content/20260529-mxt_chousa01-000011635_6.csv,2026-05-20,2026-07-14T02:34:06Z,2026-07-14T02:34:06Z,verified_registry_identity,"Identity verified against MEXT 2026-05-01 provisional F1 registry; English name, website, experimental code, former name, and corporation require later official-source enrichment."
univ_f110210101748,F110210101748,not_found,群馬県立女子大学,not_found,群馬県立女子大学,not_found,active,university,public,main,not_applicable,not_found,3701193,10,群馬県,佐波郡玉村,群馬県佐波郡玉村町大字上之手１３９５－１,not_found,https://www.mext.go.jp/content/20260529-mxt_chousa01-000011635_6.csv,2026-05-20,2026-07-14T02:34:06Z,2026-07-14T02:34:06Z,verified_registry_identity,"Identity verified against MEXT 2026-05-01 provisional F1 registry; English name, website, experimental code, former name, and corporation require later official-source enrichment."
univ_f110210101757,F110210101757,not_found,群馬県立県民健康科学大学,not_found,群馬県立県民健康科学大学,not_found,active,university,public,main,not_applicable,not_found,3710052,10,群馬県,前橋市,群馬県前橋市上沖町３２３番１,not_found,https://www.mext.go.jp/content/20260529-mxt_chousa01-000011635_6.csv,2026-05-20,2026-07-14T02:34:06Z,2026-07-14T02:34:06Z,verified_registry_identity,"Identity verified against MEXT 2026-05-01 provisional F1 registry; English name, website, experimental code, former name, and corporation require later official-source enrichment."
univ_f110310101764,F110310101764,not_found,育英大学,not_found,育英大学,not_found,active,university,private,main,not_applicable,not_found,3700011,10,群馬県,高崎市,群馬県高崎市京目町１６５６－１,not_found,https://www.mext.go.jp/content/20260529-mxt_chousa01-000011635_6.csv,2026-05-20,2026-07-14T02:34:06Z,2026-07-14T02:34:06Z,verified_registry_identity,"Identity verified against MEXT 2026-05-01 provisional F1 registry; English name, website, experimental code, former name, and corporation require later official-source enrichment."
univ_f110310101773,F110310101773,not_found,ぐんま未来大学,not_found,ぐんま未来大学,not_found,active,university,private,main,not_applicable,not_found,3792392,10,群馬県,みどり市,群馬県みどり市笠懸町阿左美６０６番７,not_found,https://www.mext.go.jp/content/20260529-mxt_chousa01-000011635_6.csv,2026-05-20,2026-07-14T02:34:06Z,2026-07-14T02:34:06Z,verified_registry_identity,"Identity verified against MEXT 2026-05-01 provisional F1 registry; English name, website, experimental code, former name, and corporation require later official-source enrichment."
univ_f110310101782,F110310101782,not_found,群馬パース大学,not_found,群馬パース大学,not_found,active,university,private,main,not_applicable,not_found,3700006,10,群馬県,高崎市,群馬県高崎市問屋町１－７－１,not_found,https://www.mext.go.jp/content/20260529-mxt_chousa01-000011635_6.csv,2026-05-20,2026-07-14T02:34:06Z,2026-07-14T02:34:06Z,verified_registry_identity,"Identity verified against MEXT 2026-05-01 provisional F1 registry; English name, website, experimental code, former name, and corporation require later official-source enrichment."
univ_f110310101791,F110310101791,not_found,群馬医療福祉大学,not_found,群馬医療福祉大学,not_found,active,university,private,main,not_applicable,not_found,3710823,10,群馬県,前橋市,群馬県前橋市川曲町１９１－１,not_found,https://www.mext.go.jp/content/20260529-mxt_chousa01-000011635_6.csv,2026-05-20,2026-07-14T02:34:06Z,2026-07-14T02:34:06Z,verified_registry_identity,"Identity verified against MEXT 2026-05-01 provisional F1 registry; English name, website, experimental code, former name, and corporation require later official-source enrichment."
univ_f110310101808,F110310101808,not_found,高崎健康福祉大学,not_found,高崎健康福祉大学,not_found,active,university,private,main,not_applicable,not_found,3700033,10,群馬県,高崎市,群馬県高崎市中大類町３７－１番地,not_found,https://www.mext.go.jp/content/20260529-mxt_chousa01-000011635_6.csv,2026-05-20,2026-07-14T02:34:06Z,2026-07-14T02:34:06Z,verified_registry_identity,"Identity verified against MEXT 2026-05-01 provisional F1 registry; English name, website, experimental code, former name, and corporation require later official-source enrichment."
univ_f110310101817,F110310101817,not_found,高崎商科大学,not_found,高崎商科大学,not_found,active,university,private,main,not_applicable,not_found,3701214,10,群馬県,高崎市,群馬県高崎市根小屋町７４１番地,not_found,https://www.mext.go.jp/content/20260529-mxt_chousa01-000011635_6.csv,2026-05-20,2026-07-14T02:34:06Z,2026-07-14T02:34:06Z,verified_registry_identity,"Identity verified against MEXT 2026-05-01 provisional F1 registry; English name, website, experimental code, former name, and corporation require later official-source enrichment."
univ_f110310101826,F110310101826,not_found,上武大学,not_found,上武大学,not_found,active,university,private,main,not_applicable,not_found,3728588,10,群馬県,伊勢崎市,群馬県伊勢崎市戸谷塚町６３４－１,not_found,https://www.mext.go.jp/content/20260529-mxt_chousa01-000011635_6.csv,2026-05-20,2026-07-14T02:34:06Z,2026-07-14T02:34:06Z,verified_registry_identity,"Identity verified against MEXT 2026-05-01 provisional F1 registry; English name, website, experimental code, former name, and corporation require later official-source enrichment."
univ_f110310101835,F110310101835,not_found,関東学園大学,not_found,関東学園大学,not_found,active,university,private,main,not_applicable,not_found,3738515,10,群馬県,太田市,群馬県太田市藤阿久町２００,not_found,https://www.mext.go.jp/content/20260529-mxt_chousa01-000011635_6.csv,2026-05-20,2026-07-14T02:34:06Z,2026-07-14T02:34:06Z,verified_registry_identity,"Identity verified against MEXT 2026-05-01 provisional F1 registry; English name, website, experimental code, former name, and corporation require later official-source enrichment."
univ_f110310101844,F110310101844,not_found,共愛学園前橋国際大学,not_found,共愛学園前橋国際大学,not_found,active,university,private,main,not_applicable,not_found,3792121,10,群馬県,前橋市,群馬県前橋市小屋原町１１５４番４,not_found,https://www.mext.go.jp/content/20260529-mxt_chousa01-000011635_6.csv,2026-05-20,2026-07-14T02:34:06Z,2026-07-14T02:34:06Z,verified_registry_identity,"Identity verified against MEXT 2026-05-01 provisional F1 registry; English name, website, experimental code, former name, and corporation require later official-source enrichment."
univ_f110310102843,F110310102843,not_found,東京福祉大学,not_found,東京福祉大学,not_found,active,university,private,main,not_applicable,not_found,3720831,10,群馬県,伊勢崎市,群馬県伊勢崎市山王町２０２０－１,not_found,https://www.mext.go.jp/content/20260529-mxt_chousa01-000011635_6.csv,2026-05-20,2026-07-14T02:34:06Z,2026-07-14T02:34:06Z,verified_registry_identity,"Identity verified against MEXT 2026-05-01 provisional F1 registry; English name, website, experimental code, former name, and corporation require later official-source enrichment."
univ_f111110101945,F111110101945,not_found,埼玉大学,not_found,埼玉大学,not_found,active,university,national,main,not_applicable,not_found,3388570,11,埼玉県,さいたま市,埼玉県さいたま市桜区下大久保２５５,not_found,https://www.mext.go.jp/content/20260529-mxt_chousa01-000011635_6.csv,2026-05-20,2026-07-14T02:34:06Z,2026-07-14T02:34:06Z,verified_registry_identity,"Identity verified against MEXT 2026-05-01 provisional F1 registry; English name, website, experimental code, former name, and corporation require later official-source enrichment."
univ_f111210101952,F111210101952,not_found,埼玉県立大学,not_found,埼玉県立大学,not_found,active,university,public,main,not_applicable,not_found,3438540,11,埼玉県,越谷市,埼玉県越谷市三野宮８２０,not_found,https://www.mext.go.jp/content/20260529-mxt_chousa01-000011635_6.csv,2026-05-20,2026-07-14T02:34:06Z,2026-07-14T02:34:06Z,verified_registry_identity,"Identity verified against MEXT 2026-05-01 provisional F1 registry; English name, website, experimental code, former name, and corporation require later official-source enrichment."
univ_f111310101969,F111310101969,not_found,日本医療科学大学,not_found,日本医療科学大学,not_found,active,university,private,main,not_applicable,not_found,3500435,11,埼玉県,入間郡毛呂山町,埼玉県入間郡毛呂山町下川原１２７６番地,not_found,https://www.mext.go.jp/content/20260529-mxt_chousa01-000011635_6.csv,2026-05-20,2026-07-14T02:34:06Z,2026-07-14T02:34:06Z,verified_registry_identity,"Identity verified against MEXT 2026-05-01 provisional F1 registry; English name, website, experimental code, former name, and corporation require later official-source enrichment."
univ_f111310101978,F111310101978,not_found,日本薬科大学,not_found,日本薬科大学,not_found,active,university,private,main,not_applicable,not_found,3620806,11,埼玉県,北足立郡伊奈町,埼玉県北足立郡伊奈町小室１０２８１,not_found,https://www.mext.go.jp/content/20260529-mxt_chousa01-000011635_6.csv,2026-05-20,2026-07-14T02:34:06Z,2026-07-14T02:34:06Z,verified_registry_identity,"Identity verified against MEXT 2026-05-01 provisional F1 registry; English name, website, experimental code, former name, and corporation require later official-source enrichment."
univ_f111310101987,F111310101987,not_found,武蔵野学院大学,not_found,武蔵野学院大学,not_found,active,university,private,main,not_applicable,not_found,3501328,11,埼玉県,狭山市,埼玉県狭山市広瀬台３－２６－１,not_found,https://www.mext.go.jp/content/20260529-mxt_chousa01-000011635_6.csv,2026-05-20,2026-07-14T02:34:06Z,2026-07-14T02:34:06Z,verified_registry_identity,"Identity verified against MEXT 2026-05-01 provisional F1 registry; English name, website, experimental code, former name, and corporation require later official-source enrichment."
univ_f111310101996,F111310101996,not_found,浦和大学,not_found,浦和大学,not_found,active,university,private,main,not_applicable,not_found,3360974,11,埼玉県,さいたま市,埼玉県さいたま市緑区大崎３５５１番地,not_found,https://www.mext.go.jp/content/20260529-mxt_chousa01-000011635_6.csv,2026-05-20,2026-07-14T02:34:06Z,2026-07-14T02:34:06Z,verified_registry_identity,"Identity verified against MEXT 2026-05-01 provisional F1 registry; English name, website, experimental code, former name, and corporation require later official-source enrichment."
univ_f111310102003,F111310102003,not_found,ものつくり大学,not_found,ものつくり大学,not_found,active,university,private,main,not_applicable,not_found,3610038,11,埼玉県,行田市,埼玉県行田市大字前谷３３３,not_found,https://www.mext.go.jp/content/20260529-mxt_chousa01-000011635_6.csv,2026-05-20,2026-07-14T02:34:06Z,2026-07-14T02:34:06Z,verified_registry_identity,"Identity verified against MEXT 2026-05-01 provisional F1 registry; English name, website, experimental code, former name, and corporation require later official-source enrichment."
univ_f111310102012,F111310102012,not_found,共栄大学,not_found,共栄大学,not_found,active,university,private,main,not_applicable,not_found,3440051,11,埼玉県,春日部市,埼玉県春日部市内牧４１５８番地,not_found,https://www.mext.go.jp/content/20260529-mxt_chousa01-000011635_6.csv,2026-05-20,2026-07-14T02:34:06Z,2026-07-14T02:34:06Z,verified_registry_identity,"Identity verified against MEXT 2026-05-01 provisional F1 registry; English name, website, experimental code, former name, and corporation require later official-source enrichment."
univ_f111310102021,F111310102021,not_found,埼玉学園大学,not_found,埼玉学園大学,not_found,active,university,private,main,not_applicable,not_found,3330831,11,埼玉県,川口市,埼玉県川口市大字木曽呂１５１０番地,not_found,https://www.mext.go.jp/content/20260529-mxt_chousa01-000011635_6.csv,2026-05-20,2026-07-14T02:34:06Z,2026-07-14T02:34:06Z,verified_registry_identity,"Identity verified against MEXT 2026-05-01 provisional F1 registry; English name, website, experimental code, former name, and corporation require later official-source enrichment."
univ_f111310102030,F111310102030,not_found,尚美学園大学,not_found,尚美学園大学,not_found,active,university,private,main,not_applicable,not_found,3501110,11,埼玉県,川越市,埼玉県川越市豊田町１－１－１,not_found,https://www.mext.go.jp/content/20260529-mxt_chousa01-000011635_6.csv,2026-05-20,2026-07-14T02:34:06Z,2026-07-14T02:34:06Z,verified_registry_identity,"Identity verified against MEXT 2026-05-01 provisional F1 registry; English name, website, experimental code, former name, and corporation require later official-source enrichment."
univ_f111310102049,F111310102049,not_found,人間総合科学大学,not_found,人間総合科学大学,not_found,active,university,private,main,not_applicable,not_found,3398539,11,埼玉県,さいたま市,埼玉県さいたま市岩槻区馬込１２８８,not_found,https://www.mext.go.jp/content/20260529-mxt_chousa01-000011635_6.csv,2026-05-20,2026-07-14T02:34:06Z,2026-07-14T02:34:06Z,verified_registry_identity,"Identity verified against MEXT 2026-05-01 provisional F1 registry; English name, website, experimental code, former name, and corporation require later official-source enrichment."
univ_f111310102058,F111310102058,not_found,西武文理大学,not_found,西武文理大学,not_found,active,university,private,main,not_applicable,not_found,3501336,11,埼玉県,狭山市,埼玉県狭山市大字柏原新田字下河原３１１番地１,not_found,https://www.mext.go.jp/content/20260529-mxt_chousa01-000011635_6.csv,2026-05-20,2026-07-14T02:34:06Z,2026-07-14T02:34:06Z,verified_registry_identity,"Identity verified against MEXT 2026-05-01 provisional F1 registry; English name, website, experimental code, former name, and corporation require later official-source enrichment."
univ_f111310102067,F111310102067,not_found,十文字学園女子大学,not_found,十文字学園女子大学,not_found,active,university,private,main,not_applicable,not_found,3528510,11,埼玉県,新座市,埼玉県新座市菅沢２－１－２８,not_found,https://www.mext.go.jp/content/20260529-mxt_chousa01-000011635_6.csv,2026-05-20,2026-07-14T02:34:06Z,2026-07-14T02:34:06Z,verified_registry_identity,"Identity verified against MEXT 2026-05-01 provisional F1 registry; English name, website, experimental code, former name, and corporation require later official-source enrichment."
univ_f111310102076,F111310102076,not_found,平成国際大学,not_found,平成国際大学,not_found,active,university,private,main,not_applicable,not_found,3478504,11,埼玉県,加須市,埼玉県加須市大字水深字大立野２０００,not_found,https://www.mext.go.jp/content/20260529-mxt_chousa01-000011635_6.csv,2026-05-20,2026-07-14T02:34:06Z,2026-07-14T02:34:06Z,verified_registry_identity,"Identity verified against MEXT 2026-05-01 provisional F1 registry; English name, website, experimental code, former name, and corporation require later official-source enrichment."
univ_f111310102094,F111310102094,not_found,城西大学,not_found,城西大学,not_found,active,university,private,main,not_applicable,not_found,3500295,11,埼玉県,坂戸市,埼玉県坂戸市けやき台１－１,not_found,https://www.mext.go.jp/content/20260529-mxt_chousa01-000011635_6.csv,2026-05-20,2026-07-14T02:34:06Z,2026-07-14T02:34:06Z,verified_registry_identity,"Identity verified against MEXT 2026-05-01 provisional F1 registry; English name, website, experimental code, former name, and corporation require later official-source enrichment."
univ_f111310102101,F111310102101,not_found,東邦音楽大学,not_found,東邦音楽大学,not_found,active,university,private,main,not_applicable,not_found,3500015,11,埼玉県,川越市,埼玉県川越市今泉８４,not_found,https://www.mext.go.jp/content/20260529-mxt_chousa01-000011635_6.csv,2026-05-20,2026-07-14T02:34:06Z,2026-07-14T02:34:06Z,verified_registry_identity,"Identity verified against MEXT 2026-05-01 provisional F1 registry; English name, website, experimental code, former name, and corporation require later official-source enrichment."
univ_f111310102110,F111310102110,not_found,獨協大学,not_found,獨協大学,not_found,active,university,private,main,not_applicable,not_found,3400042,11,埼玉県,草加市,埼玉県草加市学園町１－１,not_found,https://www.mext.go.jp/content/20260529-mxt_chousa01-000011635_6.csv,2026-05-20,2026-07-14T02:34:06Z,2026-07-14T02:34:06Z,verified_registry_identity,"Identity verified against MEXT 2026-05-01 provisional F1 registry; English name, website, experimental code, former name, and corporation require later official-source enrichment."
univ_f111310102129,F111310102129,not_found,日本工業大学,not_found,日本工業大学,not_found,active,university,private,main,not_applicable,not_found,3458501,11,埼玉県,南埼玉郡宮代町,埼玉県南埼玉郡宮代町学園台４－１－１,not_found,https://www.mext.go.jp/content/20260529-mxt_chousa01-000011635_6.csv,2026-05-20,2026-07-14T02:34:06Z,2026-07-14T02:34:06Z,verified_registry_identity,"Identity verified against MEXT 2026-05-01 provisional F1 registry; English name, website, experimental code, former name, and corporation require later official-source enrichment."
univ_f111310102138,F111310102138,not_found,明海大学,not_found,明海大学,not_found,active,university,private,main,not_applicable,not_found,3500283,11,埼玉県,坂戸市,埼玉県坂戸市けやき台１－１,not_found,https://www.mext.go.jp/content/20260529-mxt_chousa01-000011635_6.csv,2026-05-20,2026-07-14T02:34:06Z,2026-07-14T02:34:06Z,verified_registry_identity,"Identity verified against MEXT 2026-05-01 provisional F1 registry; English name, website, experimental code, former name, and corporation require later official-source enrichment."
univ_f111310102147,F111310102147,not_found,埼玉医科大学,not_found,埼玉医科大学,not_found,active,university,private,main,not_applicable,not_found,3500495,11,埼玉県,入間郡毛呂山町,埼玉県入間郡毛呂山町毛呂本郷３８,not_found,https://www.mext.go.jp/content/20260529-mxt_chousa01-000011635_6.csv,2026-05-20,2026-07-14T02:34:06Z,2026-07-14T02:34:06Z,verified_registry_identity,"Identity verified against MEXT 2026-05-01 provisional F1 registry; English name, website, experimental code, former name, and corporation require later official-source enrichment."
univ_f111310102156,F111310102156,not_found,埼玉工業大学,not_found,埼玉工業大学,not_found,active,university,private,main,not_applicable,not_found,3690203,11,埼玉県,深谷市,埼玉県深谷市普済寺１６９０,not_found,https://www.mext.go.jp/content/20260529-mxt_chousa01-000011635_6.csv,2026-05-20,2026-07-14T02:34:06Z,2026-07-14T02:34:06Z,verified_registry_identity,"Identity verified against MEXT 2026-05-01 provisional F1 registry; English name, website, experimental code, former name, and corporation require later official-source enrichment."
univ_f111310102165,F111310102165,not_found,駿河台大学,not_found,駿河台大学,not_found,active,university,private,main,not_applicable,not_found,3578555,11,埼玉県,飯能市,埼玉県飯能市大字阿須字一の木６９８,not_found,https://www.mext.go.jp/content/20260529-mxt_chousa01-000011635_6.csv,2026-05-20,2026-07-14T02:34:06Z,2026-07-14T02:34:06Z,verified_registry_identity,"Identity verified against MEXT 2026-05-01 provisional F1 registry; English name, website, experimental code, former name, and corporation require later official-source enrichment."
univ_f111310102174,F111310102174,not_found,聖学院大学,not_found,聖学院大学,not_found,active,university,private,main,not_applicable,not_found,3628585,11,埼玉県,上尾市,埼玉県上尾市戸崎１－１,not_found,https://www.mext.go.jp/content/20260529-mxt_chousa01-000011635_6.csv,2026-05-20,2026-07-14T02:34:06Z,2026-07-14T02:34:06Z,verified_registry_identity,"Identity verified against MEXT 2026-05-01 provisional F1 registry; English name, website, experimental code, former name, and corporation require later official-source enrichment."
univ_f111310102183,F111310102183,not_found,日本栄養大学,not_found,日本栄養大学,not_found,active,university,private,main,not_applicable,not_found,3500288,11,埼玉県,坂戸市,埼玉県坂戸市千代田３－９－２１,not_found,https://www.mext.go.jp/content/20260529-mxt_chousa01-000011635_6.csv,2026-05-20,2026-07-14T02:34:06Z,2026-07-14T02:34:06Z,verified_registry_identity,"Identity verified against MEXT 2026-05-01 provisional F1 registry; English name, website, experimental code, former name, and corporation require later official-source enrichment."
univ_f111310102192,F111310102192,not_found,東都大学,not_found,東都大学,not_found,active,university,private,main,not_applicable,not_found,3660052,11,埼玉県,深谷市,埼玉県深谷市上柴町西４丁目２番１１,not_found,https://www.mext.go.jp/content/20260529-mxt_chousa01-000011635_6.csv,2026-05-20,2026-07-14T02:34:06Z,2026-07-14T02:34:06Z,verified_registry_identity,"Identity verified against MEXT 2026-05-01 provisional F1 registry; English name, website, experimental code, former name, and corporation require later official-source enrichment."
univ_f111310102209,F111310102209,not_found,日本保健医療大学,not_found,日本保健医療大学,not_found,active,university,private,main,not_applicable,not_found,3400113,11,埼玉県,幸手市,埼玉県幸手市大字幸手１９６１－２,not_found,https://www.mext.go.jp/content/20260529-mxt_chousa01-000011635_6.csv,2026-05-20,2026-07-14T02:34:06Z,2026-07-14T02:34:06Z,verified_registry_identity,"Identity verified against MEXT 2026-05-01 provisional F1 registry; English name, website, experimental code, former name, and corporation require later official-source enrichment."
univ_f111310102860,F111310102860,not_found,文教大学,not_found,文教大学,not_found,active,university,private,main,not_applicable,not_found,3438511,11,埼玉県,越谷市,埼玉県越谷市南荻島３３３７,not_found,https://www.mext.go.jp/content/20260529-mxt_chousa01-000011635_6.csv,2026-05-20,2026-07-14T02:34:06Z,2026-07-14T02:34:06Z,verified_registry_identity,"Identity verified against MEXT 2026-05-01 provisional F1 registry; English name, website, experimental code, former name, and corporation require later official-source enrichment."
univ_f111310112047,F111310112047,not_found,教育テック大学院大学,not_found,教育テック大学院大学,not_found,active,university,private,main,not_applicable,not_found,3580033,11,埼玉県,入間市,埼玉県入間市狭山台１丁目３番７,not_found,https://www.mext.go.jp/content/20260529-mxt_chousa01-000011635_6.csv,2026-05-20,2026-07-14T02:34:06Z,2026-07-14T02:34:06Z,verified_registry_identity,"Identity verified against MEXT 2026-05-01 provisional F1 registry; English name, website, experimental code, former name, and corporation require later official-source enrichment."
univ_f112110102337,F112110102337,not_found,千葉大学,not_found,千葉大学,not_found,active,university,national,main,not_applicable,not_found,2638522,12,千葉県,千葉市,千葉県千葉市稲毛区弥生町１－３３,not_found,https://www.mext.go.jp/content/20260529-mxt_chousa01-000011635_6.csv,2026-05-20,2026-07-14T02:34:06Z,2026-07-14T02:34:06Z,verified_registry_identity,"Identity verified against MEXT 2026-05-01 provisional F1 registry; English name, website, experimental code, former name, and corporation require later official-source enrichment."
univ_f112210102353,F112210102353,not_found,千葉県立保健医療大学,not_found,千葉県立保健医療大学,not_found,active,university,public,main,not_applicable,not_found,2610014,12,千葉県,千葉市,千葉県千葉市美浜区若葉２丁目１０番１号,not_found,https://www.mext.go.jp/content/20260529-mxt_chousa01-000011635_6.csv,2026-05-20,2026-07-14T02:34:06Z,2026-07-14T02:34:06Z,verified_registry_identity,"Identity verified against MEXT 2026-05-01 provisional F1 registry; English name, website, experimental code, former name, and corporation require later official-source enrichment."
univ_f112310102342,F112310102342,not_found,放送大学,not_found,放送大学,not_found,active,university,private,main,not_applicable,not_found,2610014,12,千葉県,千葉市,千葉県千葉市美浜区若葉２－１１,not_found,https://www.mext.go.jp/content/20260529-mxt_chousa01-000011635_6.csv,2026-05-20,2026-07-14T02:34:06Z,2026-07-14T02:34:06Z,verified_registry_identity,"Identity verified against MEXT 2026-05-01 provisional F1 registry; English name, website, experimental code, former name, and corporation require later official-source enrichment."
univ_f112310102360,F112310102360,not_found,千葉科学大学,not_found,千葉科学大学,not_found,active,university,private,main,not_applicable,not_found,2880025,12,千葉県,銚子市,千葉県銚子市潮見町３番地,not_found,https://www.mext.go.jp/content/20260529-mxt_chousa01-000011635_6.csv,2026-05-20,2026-07-14T02:34:06Z,2026-07-14T02:34:06Z,verified_registry_identity,"Identity verified against MEXT 2026-05-01 provisional F1 registry; English name, website, experimental code, former name, and corporation require later official-source enrichment."
univ_f112310102379,F112310102379,not_found,愛国学園大学,not_found,愛国学園大学,not_found,active,university,private,main,not_applicable,not_found,2840005,12,千葉県,四街道市,千葉県四街道市四街道１５３２,not_found,https://www.mext.go.jp/content/20260529-mxt_chousa01-000011635_6.csv,2026-05-20,2026-07-14T02:34:06Z,2026-07-14T02:34:06Z,verified_registry_identity,"Identity verified against MEXT 2026-05-01 provisional F1 registry; English name, website, experimental code, former name, and corporation require later official-source enrichment."
univ_f112310102388,F112310102388,not_found,開智国際大学,not_found,開智国際大学,not_found,active,university,private,main,not_applicable,not_found,2770005,12,千葉県,柏市,千葉県柏市柏１２２５番６,not_found,https://www.mext.go.jp/content/20260529-mxt_chousa01-000011635_6.csv,2026-05-20,2026-07-14T02:34:06Z,2026-07-14T02:34:06Z,verified_registry_identity,"Identity verified against MEXT 2026-05-01 provisional F1 registry; English name, website, experimental code, former name, and corporation require later official-source enrichment."
univ_f112310102397,F112310102397,not_found,清和大学,not_found,清和大学,not_found,active,university,private,main,not_applicable,not_found,2928555,12,千葉県,木更津市,千葉県木更津市東太田３－４－５,not_found,https://www.mext.go.jp/content/20260529-mxt_chousa01-000011635_6.csv,2026-05-20,2026-07-14T02:34:06Z,2026-07-14T02:34:06Z,verified_registry_identity,"Identity verified against MEXT 2026-05-01 provisional F1 registry; English name, website, experimental code, former name, and corporation require later official-source enrichment."
univ_f112310102404,F112310102404,not_found,城西国際大学,not_found,城西国際大学,not_found,active,university,private,main,not_applicable,not_found,2838555,12,千葉県,東金市,千葉県東金市求名１,not_found,https://www.mext.go.jp/content/20260529-mxt_chousa01-000011635_6.csv,2026-05-20,2026-07-14T02:34:06Z,2026-07-14T02:34:06Z,verified_registry_identity,"Identity verified against MEXT 2026-05-01 provisional F1 registry; English name, website, experimental code, former name, and corporation require later official-source enrichment."
univ_f112310102413,F112310102413,not_found,淑徳大学,not_found,淑徳大学,not_found,active,university,private,main,not_applicable,not_found,2608701,12,千葉県,千葉市,千葉県千葉市中央区大巌寺町２００,not_found,https://www.mext.go.jp/content/20260529-mxt_chousa01-000011635_6.csv,2026-05-20,2026-07-14T02:34:06Z,2026-07-14T02:34:06Z,verified_registry_identity,"Identity verified against MEXT 2026-05-01 provisional F1 registry; English name, website, experimental code, former name, and corporation require later official-source enrichment."
univ_f112310102422,F112310102422,not_found,敬愛大学,not_found,敬愛大学,not_found,active,university,private,main,not_applicable,not_found,2630024,12,千葉県,千葉市,千葉県千葉市稲毛区穴川１－５－２１,not_found,https://www.mext.go.jp/content/20260529-mxt_chousa01-000011635_6.csv,2026-05-20,2026-07-14T02:34:06Z,2026-07-14T02:34:06Z,verified_registry_identity,"Identity verified against MEXT 2026-05-01 provisional F1 registry; English name, website, experimental code, former name, and corporation require later official-source enrichment."
univ_f112310102431,F112310102431,not_found,千葉工業大学,not_found,千葉工業大学,not_found,active,university,private,main,not_applicable,not_found,2750016,12,千葉県,習志野市,千葉県習志野市津田沼２－１７－１,not_found,https://www.mext.go.jp/content/20260529-mxt_chousa01-000011635_6.csv,2026-05-20,2026-07-14T02:34:06Z,2026-07-14T02:34:06Z,verified_registry_identity,"Identity verified against MEXT 2026-05-01 provisional F1 registry; English name, website, experimental code, former name, and corporation require later official-source enrichment."
univ_f112310102440,F112310102440,not_found,千葉商科大学,not_found,千葉商科大学,not_found,active,university,private,main,not_applicable,not_found,2728512,12,千葉県,市川市,千葉県市川市国府台１－３－１,not_found,https://www.mext.go.jp/content/20260529-mxt_chousa01-000011635_6.csv,2026-05-20,2026-07-14T02:34:06Z,2026-07-14T02:34:06Z,verified_registry_identity,"Identity verified against MEXT 2026-05-01 provisional F1 registry; English name, website, experimental code, former name, and corporation require later official-source enrichment."
univ_f112310102459,F112310102459,not_found,中央学院大学,not_found,中央学院大学,not_found,active,university,private,main,not_applicable,not_found,2701196,12,千葉県,我孫子市,千葉県我孫子市久寺家４５１,not_found,https://www.mext.go.jp/content/20260529-mxt_chousa01-000011635_6.csv,2026-05-20,2026-07-14T02:34:06Z,2026-07-14T02:34:06Z,verified_registry_identity,"Identity verified against MEXT 2026-05-01 provisional F1 registry; English name, website, experimental code, former name, and corporation require later official-source enrichment."
univ_f112310102468,F112310102468,not_found,麗澤大学,not_found,麗澤大学,not_found,active,university,private,main,not_applicable,not_found,2778686,12,千葉県,柏市,千葉県柏市光ケ丘２－１－１,not_found,https://www.mext.go.jp/content/20260529-mxt_chousa01-000011635_6.csv,2026-05-20,2026-07-14T02:34:06Z,2026-07-14T02:34:06Z,verified_registry_identity,"Identity verified against MEXT 2026-05-01 provisional F1 registry; English name, website, experimental code, former name, and corporation require later official-source enrichment."
univ_f112310102477,F112310102477,not_found,和洋女子大学,not_found,和洋女子大学,not_found,active,university,private,main,not_applicable,not_found,2728533,12,千葉県,市川市,千葉県市川市国府台２－３－１,not_found,https://www.mext.go.jp/content/20260529-mxt_chousa01-000011635_6.csv,2026-05-20,2026-07-14T02:34:06Z,2026-07-14T02:34:06Z,verified_registry_identity,"Identity verified against MEXT 2026-05-01 provisional F1 registry; English name, website, experimental code, former name, and corporation require later official-source enrichment."
univ_f112310102486,F112310102486,not_found,国際武道大学,not_found,国際武道大学,not_found,active,university,private,main,not_applicable,not_found,2995224,12,千葉県,勝浦市,千葉県勝浦市新官８４１,not_found,https://www.mext.go.jp/content/20260529-mxt_chousa01-000011635_6.csv,2026-05-20,2026-07-14T02:34:06Z,2026-07-14T02:34:06Z,verified_registry_identity,"Identity verified against MEXT 2026-05-01 provisional F1 registry; English name, website, experimental code, former name, and corporation require later official-source enrichment."
univ_f112310102495,F112310102495,not_found,神田外語大学,not_found,神田外語大学,not_found,active,university,private,main,not_applicable,not_found,2600000,12,千葉県,千葉市,千葉県千葉市美浜区若葉１－４－１,not_found,https://www.mext.go.jp/content/20260529-mxt_chousa01-000011635_6.csv,2026-05-20,2026-07-14T02:34:06Z,2026-07-14T02:34:06Z,verified_registry_identity,"Identity verified against MEXT 2026-05-01 provisional F1 registry; English name, website, experimental code, former name, and corporation require later official-source enrichment."
univ_f112310102501,F112310102501,not_found,千葉経済大学,not_found,千葉経済大学,not_found,active,university,private,main,not_applicable,not_found,2630021,12,千葉県,千葉市,千葉県千葉市稲毛区轟町３－５９－５,not_found,https://www.mext.go.jp/content/20260529-mxt_chousa01-000011635_6.csv,2026-05-20,2026-07-14T02:34:06Z,2026-07-14T02:34:06Z,verified_registry_identity,"Identity verified against MEXT 2026-05-01 provisional F1 registry; English name, website, experimental code, former name, and corporation require later official-source enrichment."
univ_f112310102510,F112310102510,not_found,秀明大学,not_found,秀明大学,not_found,active,university,private,main,not_applicable,not_found,2760003,12,千葉県,八千代市,千葉県八千代市大学町１－１,not_found,https://www.mext.go.jp/content/20260529-mxt_chousa01-000011635_6.csv,2026-05-20,2026-07-14T02:34:06Z,2026-07-14T02:34:06Z,verified_registry_identity,"Identity verified against MEXT 2026-05-01 provisional F1 registry; English name, website, experimental code, former name, and corporation require later official-source enrichment."
univ_f112310102529,F112310102529,not_found,川村学園女子大学,not_found,川村学園女子大学,not_found,active,university,private,main,not_applicable,not_found,2701138,12,千葉県,我孫子市,千葉県我孫子市下ケ戸１１３３,not_found,https://www.mext.go.jp/content/20260529-mxt_chousa01-000011635_6.csv,2026-05-20,2026-07-14T02:34:06Z,2026-07-14T02:34:06Z,verified_registry_identity,"Identity verified against MEXT 2026-05-01 provisional F1 registry; English name, website, experimental code, former name, and corporation require later official-source enrichment."
univ_f112310102538,F112310102538,not_found,東京情報大学,not_found,東京情報大学,not_found,active,university,private,main,not_applicable,not_found,2658501,12,千葉県,千葉市,千葉県千葉市若葉区御成台４－１,not_found,https://www.mext.go.jp/content/20260529-mxt_chousa01-000011635_6.csv,2026-05-20,2026-07-14T02:34:06Z,2026-07-14T02:34:06Z,verified_registry_identity,"Identity verified against MEXT 2026-05-01 provisional F1 registry; English name, website, experimental code, former name, and corporation require later official-source enrichment."
univ_f112310102547,F112310102547,not_found,東京基督教大学,not_found,東京基督教大学,not_found,active,university,private,main,not_applicable,not_found,2701347,12,千葉県,印西市,千葉県印西市内野３－３０１－５,not_found,https://www.mext.go.jp/content/20260529-mxt_chousa01-000011635_6.csv,2026-05-20,2026-07-14T02:34:06Z,2026-07-14T02:34:06Z,verified_registry_identity,"Identity verified against MEXT 2026-05-01 provisional F1 registry; English name, website, experimental code, former name, and corporation require later official-source enrichment."
univ_f112310102556,F112310102556,not_found,聖徳大学,not_found,聖徳大学,not_found,active,university,private,main,not_applicable,not_found,2718555,12,千葉県,松戸市,千葉県松戸市岩瀬５５０,not_found,https://www.mext.go.jp/content/20260529-mxt_chousa01-000011635_6.csv,2026-05-20,2026-07-14T02:34:06Z,2026-07-14T02:34:06Z,verified_registry_identity,"Identity verified against MEXT 2026-05-01 provisional F1 registry; English name, website, experimental code, former name, and corporation require later official-source enrichment."
univ_f112310102565,F112310102565,not_found,江戸川大学,not_found,江戸川大学,not_found,active,university,private,main,not_applicable,not_found,2700198,12,千葉県,流山市,千葉県流山市駒木４７４,not_found,https://www.mext.go.jp/content/20260529-mxt_chousa01-000011635_6.csv,2026-05-20,2026-07-14T02:34:06Z,2026-07-14T02:34:06Z,verified_registry_identity,"Identity verified against MEXT 2026-05-01 provisional F1 registry; English name, website, experimental code, former name, and corporation require later official-source enrichment."
univ_f112310102574,F112310102574,not_found,ＳＢＣ東京医療大学,not_found,SBC東京医療大学,not_found,active,university,private,main,not_applicable,not_found,2798567,12,千葉県,浦安市,千葉県浦安市明海５丁目８番１号,not_found,https://www.mext.go.jp/content/20260529-mxt_chousa01-000011635_6.csv,2026-05-20,2026-07-14T02:34:06Z,2026-07-14T02:34:06Z,verified_registry_identity,"Identity verified against MEXT 2026-05-01 provisional F1 registry; English name, website, experimental code, former name, and corporation require later official-source enrichment."
univ_f112310102583,F112310102583,not_found,植草学園大学,not_found,植草学園大学,not_found,active,university,private,main,not_applicable,not_found,2640007,12,千葉県,千葉市,千葉県千葉市若葉区小倉町１６３９番３,not_found,https://www.mext.go.jp/content/20260529-mxt_chousa01-000011635_6.csv,2026-05-20,2026-07-14T02:34:06Z,2026-07-14T02:34:06Z,verified_registry_identity,"Identity verified against MEXT 2026-05-01 provisional F1 registry; English name, website, experimental code, former name, and corporation require later official-source enrichment."
univ_f112310102592,F112310102592,not_found,三育学院大学,not_found,三育学院大学,not_found,active,university,private,main,not_applicable,not_found,2980200,12,千葉県,夷隅郡大多喜町,千葉県夷隅郡大多喜町久我原１５００番地,not_found,https://www.mext.go.jp/content/20260529-mxt_chousa01-000011635_6.csv,2026-05-20,2026-07-14T02:34:06Z,2026-07-14T02:34:06Z,verified_registry_identity,"Identity verified against MEXT 2026-05-01 provisional F1 registry; English name, website, experimental code, former name, and corporation require later official-source enrichment."
univ_f112310102609,F112310102609,not_found,亀田医療大学,not_found,亀田医療大学,not_found,active,university,private,main,not_applicable,not_found,2960001,12,千葉県,鴨川市,千葉県鴨川市横渚４６２番地,not_found,https://www.mext.go.jp/content/20260529-mxt_chousa01-000011635_6.csv,2026-05-20,2026-07-14T02:34:06Z,2026-07-14T02:34:06Z,verified_registry_identity,"Identity verified against MEXT 2026-05-01 provisional F1 registry; English name, website, experimental code, former name, and corporation require later official-source enrichment."
univ_f113110102700,F113110102700,not_found,東京大学,not_found,東京大学,not_found,active,university,national,main,not_applicable,not_found,1130033,13,東京都,文京区,東京都文京区本郷７－３－１,not_found,https://www.mext.go.jp/content/20260529-mxt_chousa01-000011635_6.csv,2026-05-20,2026-07-14T02:34:06Z,2026-07-14T02:34:06Z,verified_registry_identity,"Identity verified against MEXT 2026-05-01 provisional F1 registry; English name, website, experimental code, former name, and corporation require later official-source enrichment."
univ_f113110102728,F113110102728,not_found,東京外国語大学,not_found,東京外国語大学,not_found,active,university,national,main,not_applicable,not_found,1838534,13,東京都,府中市,東京都府中市朝日町３－１１－１,not_found,https://www.mext.go.jp/content/20260529-mxt_chousa01-000011635_6.csv,2026-05-20,2026-07-14T02:34:06Z,2026-07-14T02:34:06Z,verified_registry_identity,"Identity verified against MEXT 2026-05-01 provisional F1 registry; English name, website, experimental code, former name, and corporation require later official-source enrichment."
univ_f113110102737,F113110102737,not_found,東京芸術大学,not_found,東京芸術大学,not_found,active,university,national,main,not_applicable,not_found,1100007,13,東京都,台東区,東京都台東区上野公園１２－８,not_found,https://www.mext.go.jp/content/20260529-mxt_chousa01-000011635_6.csv,2026-05-20,2026-07-14T02:34:06Z,2026-07-14T02:34:06Z,verified_registry_identity,"Identity verified against MEXT 2026-05-01 provisional F1 registry; English name, website, experimental code, former name, and corporation require later official-source enrichment."
univ_f113110102755,F113110102755,not_found,お茶の水女子大学,not_found,お茶の水女子大学,not_found,active,university,national,main,not_applicable,not_found,1128610,13,東京都,文京区,東京都文京区大塚２－１－１,not_found,https://www.mext.go.jp/content/20260529-mxt_chousa01-000011635_6.csv,2026-05-20,2026-07-14T02:34:06Z,2026-07-14T02:34:06Z,verified_registry_identity,"Identity verified against MEXT 2026-05-01 provisional F1 registry; English name, website, experimental code, former name, and corporation require later official-source enrichment."
univ_f113110102764,F113110102764,not_found,東京学芸大学,not_found,東京学芸大学,not_found,active,university,national,main,not_applicable,not_found,1848501,13,東京都,小金井市,東京都小金井市貫井北町４－１－１,not_found,https://www.mext.go.jp/content/20260529-mxt_chousa01-000011635_6.csv,2026-05-20,2026-07-14T02:34:06Z,2026-07-14T02:34:06Z,verified_registry_identity,"Identity verified against MEXT 2026-05-01 provisional F1 registry; English name, website, experimental code, former name, and corporation require later official-source enrichment."
univ_f113110102773,F113110102773,not_found,東京農工大学,not_found,東京農工大学,not_found,active,university,national,main,not_applicable,not_found,1838538,13,東京都,府中市,東京都府中市晴見町３－８－１,not_found,https://www.mext.go.jp/content/20260529-mxt_chousa01-000011635_6.csv,2026-05-20,2026-07-14T02:34:06Z,2026-07-14T02:34:06Z,verified_registry_identity,"Identity verified against MEXT 2026-05-01 provisional F1 registry; English name, website, experimental code, former name, and corporation require later official-source enrichment."
univ_f113110102782,F113110102782,not_found,電気通信大学,not_found,電気通信大学,not_found,active,university,national,main,not_applicable,not_found,1828585,13,東京都,調布市,東京都調布市調布ケ丘１－５－１,not_found,https://www.mext.go.jp/content/20260529-mxt_chousa01-000011635_6.csv,2026-05-20,2026-07-14T02:34:06Z,2026-07-14T02:34:06Z,verified_registry_identity,"Identity verified against MEXT 2026-05-01 provisional F1 registry; English name, website, experimental code, former name, and corporation require later official-source enrichment."
univ_f113110102791,F113110102791,not_found,一橋大学,not_found,一橋大学,not_found,active,university,national,main,not_applicable,not_found,1868601,13,東京都,国立市,東京都国立市中２－１,not_found,https://www.mext.go.jp/content/20260529-mxt_chousa01-000011635_6.csv,2026-05-20,2026-07-14T02:34:06Z,2026-07-14T02:34:06Z,verified_registry_identity,"Identity verified against MEXT 2026-05-01 provisional F1 registry; English name, website, experimental code, former name, and corporation require later official-source enrichment."
univ_f113110102808,F113110102808,not_found,政策研究大学院大学,not_found,政策研究大学院大学,not_found,active,university,national,main,not_applicable,not_found,1068677,13,東京都,港区,東京都港区六本木７－２２－１,not_found,https://www.mext.go.jp/content/20260529-mxt_chousa01-000011635_6.csv,2026-05-20,2026-07-14T02:34:06Z,2026-07-14T02:34:06Z,verified_registry_identity,"Identity verified against MEXT 2026-05-01 provisional F1 registry; English name, website, experimental code, former name, and corporation require later official-source enrichment."
univ_f113110102817,F113110102817,not_found,東京海洋大学,not_found,東京海洋大学,not_found,active,university,national,main,not_applicable,not_found,1088477,13,東京都,港区,東京都港区港南４－５－７,not_found,https://www.mext.go.jp/content/20260529-mxt_chousa01-000011635_6.csv,2026-05-20,2026-07-14T02:34:06Z,2026-07-14T02:34:06Z,verified_registry_identity,"Identity verified against MEXT 2026-05-01 provisional F1 registry; English name, website, experimental code, former name, and corporation require later official-source enrichment."
univ_f113110112030,F113110112030,not_found,東京科学大学,not_found,東京科学大学,not_found,active,university,national,main,not_applicable,not_found,1528550,13,東京都,目黒区,東京都目黒区大岡山２－１２－１,not_found,https://www.mext.go.jp/content/20260529-mxt_chousa01-000011635_6.csv,2026-05-20,2026-07-14T02:34:06Z,2026-07-14T02:34:06Z,verified_registry_identity,"Identity verified against MEXT 2026-05-01 provisional F1 registry; English name, website, experimental code, former name, and corporation require later official-source enrichment."
univ_f113210102824,F113210102824,not_found,東京都立大学,not_found,東京都立大学,not_found,active,university,public,main,not_applicable,not_found,1920397,13,東京都,八王子市,東京都八王子市南大沢１丁目１番,not_found,https://www.mext.go.jp/content/20260529-mxt_chousa01-000011635_6.csv,2026-05-20,2026-07-14T02:34:06Z,2026-07-14T02:34:06Z,verified_registry_identity,"Identity verified against MEXT 2026-05-01 provisional F1 registry; English name, website, experimental code, former name, and corporation require later official-source enrichment."
univ_f113210102833,F113210102833,not_found,東京都立産業技術大学院大学,not_found,東京都立産業技術大学院大学,not_found,active,university,public,main,not_applicable,not_found,1400011,13,東京都,品川区,東京都品川区東大井一丁目１０番４０号,not_found,https://www.mext.go.jp/content/20260529-mxt_chousa01-000011635_6.csv,2026-05-20,2026-07-14T02:34:06Z,2026-07-14T02:34:06Z,verified_registry_identity,"Identity verified against MEXT 2026-05-01 provisional F1 registry; English name, website, experimental code, former name, and corporation require later official-source enrichment."
univ_f113310102859,F113310102859,not_found,跡見学園女子大学,not_found,跡見学園女子大学,not_found,active,university,private,main,not_applicable,not_found,1128687,13,東京都,文京区,東京都文京区大塚１－５－２,not_found,https://www.mext.go.jp/content/20260529-mxt_chousa01-000011635_6.csv,2026-05-20,2026-07-14T02:34:06Z,2026-07-14T02:34:06Z,verified_registry_identity,"Identity verified against MEXT 2026-05-01 provisional F1 registry; English name, website, experimental code, former name, and corporation require later official-source enrichment."
univ_f113310102877,F113310102877,not_found,文京学院大学,not_found,文京学院大学,not_found,active,university,private,main,not_applicable,not_found,1138668,13,東京都,文京区,東京都文京区向丘１－１９－１,not_found,https://www.mext.go.jp/content/20260529-mxt_chousa01-000011635_6.csv,2026-05-20,2026-07-14T02:34:06Z,2026-07-14T02:34:06Z,verified_registry_identity,"Identity verified against MEXT 2026-05-01 provisional F1 registry; English name, website, experimental code, former name, and corporation require later official-source enrichment."
univ_f113310102886,F113310102886,not_found,目白大学,not_found,目白大学,not_found,active,university,private,main,not_applicable,not_found,1618539,13,東京都,新宿区,東京都新宿区中落合４丁目３１番１号,not_found,https://www.mext.go.jp/content/20260529-mxt_chousa01-000011635_6.csv,2026-05-20,2026-07-14T02:34:06Z,2026-07-14T02:34:06Z,verified_registry_identity,"Identity verified against MEXT 2026-05-01 provisional F1 registry; English name, website, experimental code, former name, and corporation require later official-source enrichment."
univ_f113310102895,F113310102895,not_found,東京成徳大学,not_found,東京成徳大学,not_found,active,university,private,main,not_applicable,not_found,1140033,13,東京都,北区,東京都北区十条台１－７－１３,not_found,https://www.mext.go.jp/content/20260529-mxt_chousa01-000011635_6.csv,2026-05-20,2026-07-14T02:34:06Z,2026-07-14T02:34:06Z,verified_registry_identity,"Identity verified against MEXT 2026-05-01 provisional F1 registry; English name, website, experimental code, former name, and corporation require later official-source enrichment."
univ_f113310102902,F113310102902,not_found,東洋学園大学,not_found,東洋学園大学,not_found,active,university,private,main,not_applicable,not_found,1130033,13,東京都,文京区,東京都文京区本郷１－２６－３,not_found,https://www.mext.go.jp/content/20260529-mxt_chousa01-000011635_6.csv,2026-05-20,2026-07-14T02:34:06Z,2026-07-14T02:34:06Z,verified_registry_identity,"Identity verified against MEXT 2026-05-01 provisional F1 registry; English name, website, experimental code, former name, and corporation require later official-source enrichment."
univ_f113310102911,F113310102911,not_found,帝京平成大学,not_found,帝京平成大学,not_found,active,university,private,main,not_applicable,not_found,1708445,13,東京都,豊島区,東京都豊島区東池袋２－５１－４,not_found,https://www.mext.go.jp/content/20260529-mxt_chousa01-000011635_6.csv,2026-05-20,2026-07-14T02:34:06Z,2026-07-14T02:34:06Z,verified_registry_identity,"Identity verified against MEXT 2026-05-01 provisional F1 registry; English name, website, experimental code, former name, and corporation require later official-source enrichment."
univ_f113310102920,F113310102920,not_found,青山学院大学,not_found,青山学院大学,not_found,active,university,private,main,not_applicable,not_found,1500002,13,東京都,渋谷区,東京都渋谷区渋谷４－４－２５,not_found,https://www.mext.go.jp/content/20260529-mxt_chousa01-000011635_6.csv,2026-05-20,2026-07-14T02:34:06Z,2026-07-14T02:34:06Z,verified_registry_identity,"Identity verified against MEXT 2026-05-01 provisional F1 registry; English name, website, experimental code, former name, and corporation require later official-source enrichment."
univ_f113310102939,F113310102939,not_found,上野学園大学,not_found,上野学園大学,not_found,active,university,private,main,not_applicable,not_found,1108642,13,東京都,台東区,東京都台東区東上野４－２４－１２,not_found,https://www.mext.go.jp/content/20260529-mxt_chousa01-000011635_6.csv,2026-05-20,2026-07-14T02:34:06Z,2026-07-14T02:34:06Z,verified_registry_identity,"Identity verified against MEXT 2026-05-01 provisional F1 registry; English name, website, experimental code, former name, and corporation require later official-source enrichment."
univ_f113310102948,F113310102948,not_found,大妻女子大学,not_found,大妻女子大学,not_found,active,university,private,main,not_applicable,not_found,1028357,13,東京都,千代田区,東京都千代田区三番町１２,not_found,https://www.mext.go.jp/content/20260529-mxt_chousa01-000011635_6.csv,2026-05-20,2026-07-14T02:34:06Z,2026-07-14T02:34:06Z,verified_registry_identity,"Identity verified against MEXT 2026-05-01 provisional F1 registry; English name, website, experimental code, former name, and corporation require later official-source enrichment."
univ_f113310102957,F113310102957,not_found,学習院大学,not_found,学習院大学,not_found,active,university,private,main,not_applicable,not_found,1718588,13,東京都,豊島区,東京都豊島区目白１－５－１,not_found,https://www.mext.go.jp/content/20260529-mxt_chousa01-000011635_6.csv,2026-05-20,2026-07-14T02:34:06Z,2026-07-14T02:34:06Z,verified_registry_identity,"Identity verified against MEXT 2026-05-01 provisional F1 registry; English name, website, experimental code, former name, and corporation require later official-source enrichment."
univ_f113310102966,F113310102966,not_found,北里大学,not_found,北里大学,not_found,active,university,private,main,not_applicable,not_found,1088641,13,東京都,港区,東京都港区白金５－９－１,not_found,https://www.mext.go.jp/content/20260529-mxt_chousa01-000011635_6.csv,2026-05-20,2026-07-14T02:34:06Z,2026-07-14T02:34:06Z,verified_registry_identity,"Identity verified against MEXT 2026-05-01 provisional F1 registry; English name, website, experimental code, former name, and corporation require later official-source enrichment."
univ_f113310102975,F113310102975,not_found,共立女子大学,not_found,共立女子大学,not_found,active,university,private,main,not_applicable,not_found,1018437,13,東京都,千代田区,東京都千代田区一ツ橋２－２－１,not_found,https://www.mext.go.jp/content/20260529-mxt_chousa01-000011635_6.csv,2026-05-20,2026-07-14T02:34:06Z,2026-07-14T02:34:06Z,verified_registry_identity,"Identity verified against MEXT 2026-05-01 provisional F1 registry; English name, website, experimental code, former name, and corporation require later official-source enrichment."
univ_f113310102984,F113310102984,not_found,慶應義塾大学,not_found,慶應義塾大学,not_found,active,university,private,main,not_applicable,not_found,1088345,13,東京都,港区,東京都港区三田２－１５－４５,not_found,https://www.mext.go.jp/content/20260529-mxt_chousa01-000011635_6.csv,2026-05-20,2026-07-14T02:34:06Z,2026-07-14T02:34:06Z,verified_registry_identity,"Identity verified against MEXT 2026-05-01 provisional F1 registry; English name, website, experimental code, former name, and corporation require later official-source enrichment."
univ_f113310102993,F113310102993,not_found,工学院大学,not_found,工学院大学,not_found,active,university,private,main,not_applicable,not_found,1638677,13,東京都,新宿区,東京都新宿区西新宿１－２４－２,not_found,https://www.mext.go.jp/content/20260529-mxt_chousa01-000011635_6.csv,2026-05-20,2026-07-14T02:34:06Z,2026-07-14T02:34:06Z,verified_registry_identity,"Identity verified against MEXT 2026-05-01 provisional F1 registry; English name, website, experimental code, former name, and corporation require later official-source enrichment."
univ_f113310103000,F113310103000,not_found,國學院大學,not_found,國學院大學,not_found,active,university,private,main,not_applicable,not_found,1508440,13,東京都,渋谷区,東京都渋谷区東４－１０－２８,not_found,https://www.mext.go.jp/content/20260529-mxt_chousa01-000011635_6.csv,2026-05-20,2026-07-14T02:34:06Z,2026-07-14T02:34:06Z,verified_registry_identity,"Identity verified against MEXT 2026-05-01 provisional F1 registry; English name, website, experimental code, former name, and corporation require later official-source enrichment."
univ_f113310103019,F113310103019,not_found,国士舘大学,not_found,国士舘大学,not_found,active,university,private,main,not_applicable,not_found,1548515,13,東京都,世田谷区,東京都世田谷区世田谷４－２８－１,not_found,https://www.mext.go.jp/content/20260529-mxt_chousa01-000011635_6.csv,2026-05-20,2026-07-14T02:34:06Z,2026-07-14T02:34:06Z,verified_registry_identity,"Identity verified against MEXT 2026-05-01 provisional F1 registry; English name, website, experimental code, former name, and corporation require later official-source enrichment."
univ_f113310103028,F113310103028,not_found,駒澤大学,not_found,駒澤大学,not_found,active,university,private,main,not_applicable,not_found,1540012,13,東京都,世田谷区,東京都世田谷区駒沢１－２３－１,not_found,https://www.mext.go.jp/content/20260529-mxt_chousa01-000011635_6.csv,2026-05-20,2026-07-14T02:34:06Z,2026-07-14T02:34:06Z,verified_registry_identity,"Identity verified against MEXT 2026-05-01 provisional F1 registry; English name, website, experimental code, former name, and corporation require later official-source enrichment."
univ_f113310103037,F113310103037,not_found,実践女子大学,not_found,実践女子大学,not_found,active,university,private,main,not_applicable,not_found,1910061,13,東京都,日野市,東京都日野市大坂上４－１－１,not_found,https://www.mext.go.jp/content/20260529-mxt_chousa01-000011635_6.csv,2026-05-20,2026-07-14T02:34:06Z,2026-07-14T02:34:06Z,verified_registry_identity,"Identity verified against MEXT 2026-05-01 provisional F1 registry; English name, website, experimental code, former name, and corporation require later official-source enrichment."
univ_f113310103046,F113310103046,not_found,芝浦工業大学,not_found,芝浦工業大学,not_found,active,university,private,main,not_applicable,not_found,1358548,13,東京都,江東区,東京都江東区豊洲３－７－５,not_found,https://www.mext.go.jp/content/20260529-mxt_chousa01-000011635_6.csv,2026-05-20,2026-07-14T02:34:06Z,2026-07-14T02:34:06Z,verified_registry_identity,"Identity verified against MEXT 2026-05-01 provisional F1 registry; English name, website, experimental code, former name, and corporation require later official-source enrichment."
univ_f113310103055,F113310103055,not_found,順天堂大学,not_found,順天堂大学,not_found,active,university,private,main,not_applicable,not_found,1138421,13,東京都,文京区,東京都文京区本郷２－１－１,not_found,https://www.mext.go.jp/content/20260529-mxt_chousa01-000011635_6.csv,2026-05-20,2026-07-14T02:34:06Z,2026-07-14T02:34:06Z,verified_registry_identity,"Identity verified against MEXT 2026-05-01 provisional F1 registry; English name, website, experimental code, former name, and corporation require later official-source enrichment."
univ_f113310103064,F113310103064,not_found,上智大学,not_found,上智大学,not_found,active,university,private,main,not_applicable,not_found,1028554,13,東京都,千代田区,東京都千代田区紀尾井町７－１,not_found,https://www.mext.go.jp/content/20260529-mxt_chousa01-000011635_6.csv,2026-05-20,2026-07-14T02:34:06Z,2026-07-14T02:34:06Z,verified_registry_identity,"Identity verified against MEXT 2026-05-01 provisional F1 registry; English name, website, experimental code, former name, and corporation require later official-source enrichment."
univ_f113310103073,F113310103073,not_found,昭和医科大学,not_found,昭和医科大学,not_found,active,university,private,main,not_applicable,not_found,1428555,13,東京都,品川区,東京都品川区旗の台１－５－８,not_found,https://www.mext.go.jp/content/20260529-mxt_chousa01-000011635_6.csv,2026-05-20,2026-07-14T02:34:06Z,2026-07-14T02:34:06Z,verified_registry_identity,"Identity verified against MEXT 2026-05-01 provisional F1 registry; English name, website, experimental code, former name, and corporation require later official-source enrichment."
univ_f113310103082,F113310103082,not_found,昭和女子大学,not_found,昭和女子大学,not_found,active,university,private,main,not_applicable,not_found,1548533,13,東京都,世田谷区,東京都世田谷区太子堂１－７－５７,not_found,https://www.mext.go.jp/content/20260529-mxt_chousa01-000011635_6.csv,2026-05-20,2026-07-14T02:34:06Z,2026-07-14T02:34:06Z,verified_registry_identity,"Identity verified against MEXT 2026-05-01 provisional F1 registry; English name, website, experimental code, former name, and corporation require later official-source enrichment."
univ_f113310103091,F113310103091,not_found,昭和薬科大学,not_found,昭和薬科大学,not_found,active,university,private,main,not_applicable,not_found,1948543,13,東京都,町田市,東京都町田市東玉川学園３－２－１,not_found,https://www.mext.go.jp/content/20260529-mxt_chousa01-000011635_6.csv,2026-05-20,2026-07-14T02:34:06Z,2026-07-14T02:34:06Z,verified_registry_identity,"Identity verified against MEXT 2026-05-01 provisional F1 registry; English name, website, experimental code, former name, and corporation require later official-source enrichment."
univ_f113310103108,F113310103108,not_found,女子美術大学,not_found,女子美術大学,not_found,active,university,private,main,not_applicable,not_found,1668538,13,東京都,杉並区,東京都杉並区和田１－４９－８,not_found,https://www.mext.go.jp/content/20260529-mxt_chousa01-000011635_6.csv,2026-05-20,2026-07-14T02:34:06Z,2026-07-14T02:34:06Z,verified_registry_identity,"Identity verified against MEXT 2026-05-01 provisional F1 registry; English name, website, experimental code, former name, and corporation require later official-source enrichment."
univ_f113310103117,F113310103117,not_found,杉野服飾大学,not_found,杉野服飾大学,not_found,active,university,private,main,not_applicable,not_found,1410021,13,東京都,品川区,東京都品川区上大崎４－６－１９,not_found,https://www.mext.go.jp/content/20260529-mxt_chousa01-000011635_6.csv,2026-05-20,2026-07-14T02:34:06Z,2026-07-14T02:34:06Z,verified_registry_identity,"Identity verified against MEXT 2026-05-01 provisional F1 registry; English name, website, experimental code, former name, and corporation require later official-source enrichment."
univ_f113310103126,F113310103126,not_found,成城大学,not_found,成城大学,not_found,active,university,private,main,not_applicable,not_found,1578511,13,東京都,世田谷区,東京都世田谷区成城６－１－２０,not_found,https://www.mext.go.jp/content/20260529-mxt_chousa01-000011635_6.csv,2026-05-20,2026-07-14T02:34:06Z,2026-07-14T02:34:06Z,verified_registry_identity,"Identity verified against MEXT 2026-05-01 provisional F1 registry; English name, website, experimental code, former name, and corporation require later official-source enrichment."
univ_f113310103135,F113310103135,not_found,聖心女子大学,not_found,聖心女子大学,not_found,active,university,private,main,not_applicable,not_found,1500012,13,東京都,渋谷区,東京都渋谷区広尾４－３－１,not_found,https://www.mext.go.jp/content/20260529-mxt_chousa01-000011635_6.csv,2026-05-20,2026-07-14T02:34:06Z,2026-07-14T02:34:06Z,verified_registry_identity,"Identity verified against MEXT 2026-05-01 provisional F1 registry; English name, website, experimental code, former name, and corporation require later official-source enrichment."
univ_f113310103144,F113310103144,not_found,清泉女子大学,not_found,清泉女子大学,not_found,active,university,private,main,not_applicable,not_found,1410022,13,東京都,品川区,東京都品川区東五反田３－１６－２１,not_found,https://www.mext.go.jp/content/20260529-mxt_chousa01-000011635_6.csv,2026-05-20,2026-07-14T02:34:06Z,2026-07-14T02:34:06Z,verified_registry_identity,"Identity verified against MEXT 2026-05-01 provisional F1 registry; English name, website, experimental code, former name, and corporation require later official-source enrichment."
univ_f113310103153,F113310103153,not_found,聖路加国際大学,not_found,聖路加国際大学,not_found,active,university,private,main,not_applicable,not_found,1040044,13,東京都,中央区,東京都中央区明石町１０－１,not_found,https://www.mext.go.jp/content/20260529-mxt_chousa01-000011635_6.csv,2026-05-20,2026-07-14T02:34:06Z,2026-07-14T02:34:06Z,verified_registry_identity,"Identity verified against MEXT 2026-05-01 provisional F1 registry; English name, website, experimental code, former name, and corporation require later official-source enrichment."
univ_f113310103162,F113310103162,not_found,専修大学,not_found,専修大学,not_found,active,university,private,main,not_applicable,not_found,1018425,13,東京都,千代田区,東京都千代田区神田神保町３－８,not_found,https://www.mext.go.jp/content/20260529-mxt_chousa01-000011635_6.csv,2026-05-20,2026-07-14T02:34:06Z,2026-07-14T02:34:06Z,verified_registry_identity,"Identity verified against MEXT 2026-05-01 provisional F1 registry; English name, website, experimental code, former name, and corporation require later official-source enrichment."
univ_f113310103171,F113310103171,not_found,大正大学,not_found,大正大学,not_found,active,university,private,main,not_applicable,not_found,1700001,13,東京都,豊島区,東京都豊島区西巣鴨３－２０－１,not_found,https://www.mext.go.jp/content/20260529-mxt_chousa01-000011635_6.csv,2026-05-20,2026-07-14T02:34:06Z,2026-07-14T02:34:06Z,verified_registry_identity,"Identity verified against MEXT 2026-05-01 provisional F1 registry; English name, website, experimental code, former name, and corporation require later official-source enrichment."
univ_f113310103180,F113310103180,not_found,大東文化大学,not_found,大東文化大学,not_found,active,university,private,main,not_applicable,not_found,1758571,13,東京都,板橋区,東京都板橋区高島平１－９－１,not_found,https://www.mext.go.jp/content/20260529-mxt_chousa01-000011635_6.csv,2026-05-20,2026-07-14T02:34:06Z,2026-07-14T02:34:06Z,verified_registry_identity,"Identity verified against MEXT 2026-05-01 provisional F1 registry; English name, website, experimental code, former name, and corporation require later official-source enrichment."
univ_f113310103199,F113310103199,not_found,高千穂大学,not_found,高千穂大学,not_found,active,university,private,main,not_applicable,not_found,1680061,13,東京都,杉並区,東京都杉並区大宮２－１９－１,not_found,https://www.mext.go.jp/content/20260529-mxt_chousa01-000011635_6.csv,2026-05-20,2026-07-14T02:34:06Z,2026-07-14T02:34:06Z,verified_registry_identity,"Identity verified against MEXT 2026-05-01 provisional F1 registry; English name, website, experimental code, former name, and corporation require later official-source enrichment."
univ_f113310103206,F113310103206,not_found,拓殖大学,not_found,拓殖大学,not_found,active,university,private,main,not_applicable,not_found,1128585,13,東京都,文京区,東京都文京区小日向３－４－１４,not_found,https://www.mext.go.jp/content/20260529-mxt_chousa01-000011635_6.csv,2026-05-20,2026-07-14T02:34:06Z,2026-07-14T02:34:06Z,verified_registry_identity,"Identity verified against MEXT 2026-05-01 provisional F1 registry; English name, website, experimental code, former name, and corporation require later official-source enrichment."
univ_f113310103215,F113310103215,not_found,多摩美術大学,not_found,多摩美術大学,not_found,active,university,private,main,not_applicable,not_found,1588558,13,東京都,世田谷区,東京都世田谷区上野毛３－１５－３４,not_found,https://www.mext.go.jp/content/20260529-mxt_chousa01-000011635_6.csv,2026-05-20,2026-07-14T02:34:06Z,2026-07-14T02:34:06Z,verified_registry_identity,"Identity verified against MEXT 2026-05-01 provisional F1 registry; English name, website, experimental code, former name, and corporation require later official-source enrichment."
univ_f113310103224,F113310103224,not_found,中央大学,not_found,中央大学,not_found,active,university,private,main,not_applicable,not_found,1920393,13,東京都,八王子市,東京都八王子市東中野７４２－１,not_found,https://www.mext.go.jp/content/20260529-mxt_chousa01-000011635_6.csv,2026-05-20,2026-07-14T02:34:06Z,2026-07-14T02:34:06Z,verified_registry_identity,"Identity verified against MEXT 2026-05-01 provisional F1 registry; English name, website, experimental code, former name, and corporation require later official-source enrichment."
univ_f113310103233,F113310103233,not_found,東海大学,not_found,東海大学,not_found,active,university,private,main,not_applicable,not_found,1510063,13,東京都,渋谷区,東京都渋谷区富ヶ谷２－１０－２,not_found,https://www.mext.go.jp/content/20260529-mxt_chousa01-000011635_6.csv,2026-05-20,2026-07-14T02:34:06Z,2026-07-14T02:34:06Z,verified_registry_identity,"Identity verified against MEXT 2026-05-01 provisional F1 registry; English name, website, experimental code, former name, and corporation require later official-source enrichment."
univ_f113310103242,F113310103242,not_found,東京医科大学,not_found,東京医科大学,not_found,active,university,private,main,not_applicable,not_found,1608402,13,東京都,新宿区,東京都新宿区新宿６－１－１,not_found,https://www.mext.go.jp/content/20260529-mxt_chousa01-000011635_6.csv,2026-05-20,2026-07-14T02:34:06Z,2026-07-14T02:34:06Z,verified_registry_identity,"Identity verified against MEXT 2026-05-01 provisional F1 registry; English name, website, experimental code, former name, and corporation require later official-source enrichment."
univ_f113310103251,F113310103251,not_found,東京家政大学,not_found,東京家政大学,not_found,active,university,private,main,not_applicable,not_found,1738602,13,東京都,板橋区,東京都板橋区加賀１－１８－１,not_found,https://www.mext.go.jp/content/20260529-mxt_chousa01-000011635_6.csv,2026-05-20,2026-07-14T02:34:06Z,2026-07-14T02:34:06Z,verified_registry_identity,"Identity verified against MEXT 2026-05-01 provisional F1 registry; English name, website, experimental code, former name, and corporation require later official-source enrichment."
univ_f113310103260,F113310103260,not_found,東京家政学院大学,not_found,東京家政学院大学,not_found,active,university,private,main,not_applicable,not_found,1028341,13,東京都,千代田区,東京都千代田区三番町２２番地,not_found,https://www.mext.go.jp/content/20260529-mxt_chousa01-000011635_6.csv,2026-05-20,2026-07-14T02:34:06Z,2026-07-14T02:34:06Z,verified_registry_identity,"Identity verified against MEXT 2026-05-01 provisional F1 registry; English name, website, experimental code, former name, and corporation require later official-source enrichment."
univ_f113310103279,F113310103279,not_found,東京歯科大学,not_found,東京歯科大学,not_found,active,university,private,main,not_applicable,not_found,1010061,13,東京都,千代田区,東京都千代田区神田三崎町２－９－１８,not_found,https://www.mext.go.jp/content/20260529-mxt_chousa01-000011635_6.csv,2026-05-20,2026-07-14T02:34:06Z,2026-07-14T02:34:06Z,verified_registry_identity,"Identity verified against MEXT 2026-05-01 provisional F1 registry; English name, website, experimental code, former name, and corporation require later official-source enrichment."
univ_f113310103288,F113310103288,not_found,東京慈恵会医科大学,not_found,東京慈恵会医科大学,not_found,active,university,private,main,not_applicable,not_found,1058461,13,東京都,港区,東京都港区西新橋３－２５－８,not_found,https://www.mext.go.jp/content/20260529-mxt_chousa01-000011635_6.csv,2026-05-20,2026-07-14T02:34:06Z,2026-07-14T02:34:06Z,verified_registry_identity,"Identity verified against MEXT 2026-05-01 provisional F1 registry; English name, website, experimental code, former name, and corporation require later official-source enrichment."
univ_f113310103297,F113310103297,not_found,東京女子大学,not_found,東京女子大学,not_found,active,university,private,main,not_applicable,not_found,1670041,13,東京都,杉並区,東京都杉並区善福寺２－６－１,not_found,https://www.mext.go.jp/content/20260529-mxt_chousa01-000011635_6.csv,2026-05-20,2026-07-14T02:34:06Z,2026-07-14T02:34:06Z,verified_registry_identity,"Identity verified against MEXT 2026-05-01 provisional F1 registry; English name, website, experimental code, former name, and corporation require later official-source enrichment."
univ_f113310103304,F113310103304,not_found,東京女子医科大学,not_found,東京女子医科大学,not_found,active,university,private,main,not_applicable,not_found,1620054,13,東京都,新宿区,東京都新宿区河田町８－１,not_found,https://www.mext.go.jp/content/20260529-mxt_chousa01-000011635_6.csv,2026-05-20,2026-07-14T02:34:06Z,2026-07-14T02:34:06Z,verified_registry_identity,"Identity verified against MEXT 2026-05-01 provisional F1 registry; English name, website, experimental code, former name, and corporation require later official-source enrichment."
univ_f113310103313,F113310103313,not_found,東京電機大学,not_found,東京電機大学,not_found,active,university,private,main,not_applicable,not_found,1200026,13,東京都,足立区,東京都足立区千住旭町５番,not_found,https://www.mext.go.jp/content/20260529-mxt_chousa01-000011635_6.csv,2026-05-20,2026-07-14T02:34:06Z,2026-07-14T02:34:06Z,verified_registry_identity,"Identity verified against MEXT 2026-05-01 provisional F1 registry; English name, website, experimental code, former name, and corporation require later official-source enrichment."
univ_f113310103322,F113310103322,not_found,東京農業大学,not_found,東京農業大学,not_found,active,university,private,main,not_applicable,not_found,1560054,13,東京都,世田谷区,東京都世田谷区桜丘１－１－１,not_found,https://www.mext.go.jp/content/20260529-mxt_chousa01-000011635_6.csv,2026-05-20,2026-07-14T02:34:06Z,2026-07-14T02:34:06Z,verified_registry_identity,"Identity verified against MEXT 2026-05-01 provisional F1 registry; English name, website, experimental code, former name, and corporation require later official-source enrichment."
univ_f113310103331,F113310103331,not_found,東京薬科大学,not_found,東京薬科大学,not_found,active,university,private,main,not_applicable,not_found,1920392,13,東京都,八王子市,東京都八王子市堀之内１４３２－１,not_found,https://www.mext.go.jp/content/20260529-mxt_chousa01-000011635_6.csv,2026-05-20,2026-07-14T02:34:06Z,2026-07-14T02:34:06Z,verified_registry_identity,"Identity verified against MEXT 2026-05-01 provisional F1 registry; English name, website, experimental code, former name, and corporation require later official-source enrichment."
univ_f113310103340,F113310103340,not_found,東京理科大学,not_found,東京理科大学,not_found,active,university,private,main,not_applicable,not_found,1628601,13,東京都,新宿区,東京都新宿区神楽坂１－３,not_found,https://www.mext.go.jp/content/20260529-mxt_chousa01-000011635_6.csv,2026-05-20,2026-07-14T02:34:06Z,2026-07-14T02:34:06Z,verified_registry_identity,"Identity verified against MEXT 2026-05-01 provisional F1 registry; English name, website, experimental code, former name, and corporation require later official-source enrichment."
univ_f113310103359,F113310103359,not_found,東邦大学,not_found,東邦大学,not_found,active,university,private,main,not_applicable,not_found,1438540,13,東京都,大田区,東京都大田区大森西５－２１－１６,not_found,https://www.mext.go.jp/content/20260529-mxt_chousa01-000011635_6.csv,2026-05-20,2026-07-14T02:34:06Z,2026-07-14T02:34:06Z,verified_registry_identity,"Identity verified against MEXT 2026-05-01 provisional F1 registry; English name, website, experimental code, former name, and corporation require later official-source enrichment."
univ_f113310103368,F113310103368,not_found,東洋大学,not_found,東洋大学,not_found,active,university,private,main,not_applicable,not_found,1120001,13,東京都,文京区,東京都文京区白山５－２８－２０,not_found,https://www.mext.go.jp/content/20260529-mxt_chousa01-000011635_6.csv,2026-05-20,2026-07-14T02:34:06Z,2026-07-14T02:34:06Z,verified_registry_identity,"Identity verified against MEXT 2026-05-01 provisional F1 registry; English name, website, experimental code, former name, and corporation require later official-source enrichment."
univ_f113310103377,F113310103377,not_found,東京音楽大学,not_found,東京音楽大学,not_found,active,university,private,main,not_applicable,not_found,1538622,13,東京都,目黒区,東京都目黒区上目黒１－９－１,not_found,https://www.mext.go.jp/content/20260529-mxt_chousa01-000011635_6.csv,2026-05-20,2026-07-14T02:34:06Z,2026-07-14T02:34:06Z,verified_registry_identity,"Identity verified against MEXT 2026-05-01 provisional F1 registry; English name, website, experimental code, former name, and corporation require later official-source enrichment."
univ_f113310103386,F113310103386,not_found,二松学舎大学,not_found,二松学舎大学,not_found,active,university,private,main,not_applicable,not_found,1028336,13,東京都,千代田区,東京都千代田区三番町６－１６,not_found,https://www.mext.go.jp/content/20260529-mxt_chousa01-000011635_6.csv,2026-05-20,2026-07-14T02:34:06Z,2026-07-14T02:34:06Z,verified_registry_identity,"Identity verified against MEXT 2026-05-01 provisional F1 registry; English name, website, experimental code, former name, and corporation require later official-source enrichment."
univ_f113310103395,F113310103395,not_found,日本大学,not_found,日本大学,not_found,active,university,private,main,not_applicable,not_found,1028275,13,東京都,千代田区,東京都千代田区九段南４－８－２４,not_found,https://www.mext.go.jp/content/20260529-mxt_chousa01-000011635_6.csv,2026-05-20,2026-07-14T02:34:06Z,2026-07-14T02:34:06Z,verified_registry_identity,"Identity verified against MEXT 2026-05-01 provisional F1 registry; English name, website, experimental code, former name, and corporation require later official-source enrichment."
univ_f113310103402,F113310103402,not_found,日本医科大学,not_found,日本医科大学,not_found,active,university,private,main,not_applicable,not_found,1138602,13,東京都,文京区,東京都文京区千駄木１－１－５,not_found,https://www.mext.go.jp/content/20260529-mxt_chousa01-000011635_6.csv,2026-05-20,2026-07-14T02:34:06Z,2026-07-14T02:34:06Z,verified_registry_identity,"Identity verified against MEXT 2026-05-01 provisional F1 registry; English name, website, experimental code, former name, and corporation require later official-source enrichment."
univ_f113310103411,F113310103411,not_found,日本歯科大学,not_found,日本歯科大学,not_found,active,university,private,main,not_applicable,not_found,1020071,13,東京都,千代田区,東京都千代田区富士見１－９－２０,not_found,https://www.mext.go.jp/content/20260529-mxt_chousa01-000011635_6.csv,2026-05-20,2026-07-14T02:34:06Z,2026-07-14T02:34:06Z,verified_registry_identity,"Identity verified against MEXT 2026-05-01 provisional F1 registry; English name, website, experimental code, former name, and corporation require later official-source enrichment."
univ_f113310103420,F113310103420,not_found,日本社会事業大学,not_found,日本社会事業大学,not_found,active,university,private,main,not_applicable,not_found,2040023,13,東京都,清瀬市,東京都清瀬市竹丘３－１－３０,not_found,https://www.mext.go.jp/content/20260529-mxt_chousa01-000011635_6.csv,2026-05-20,2026-07-14T02:34:06Z,2026-07-14T02:34:06Z,verified_registry_identity,"Identity verified against MEXT 2026-05-01 provisional F1 registry; English name, website, experimental code, former name, and corporation require later official-source enrichment."
univ_f113310103439,F113310103439,not_found,日本女子大学,not_found,日本女子大学,not_found,active,university,private,main,not_applicable,not_found,1128681,13,東京都,文京区,東京都文京区目白台２－８－１,not_found,https://www.mext.go.jp/content/20260529-mxt_chousa01-000011635_6.csv,2026-05-20,2026-07-14T02:34:06Z,2026-07-14T02:34:06Z,verified_registry_identity,"Identity verified against MEXT 2026-05-01 provisional F1 registry; English name, website, experimental code, former name, and corporation require later official-source enrichment."
univ_f113310103448,F113310103448,not_found,日本女子体育大学,not_found,日本女子体育大学,not_found,active,university,private,main,not_applicable,not_found,1578565,13,東京都,世田谷区,東京都世田谷区北烏山８－１９－１,not_found,https://www.mext.go.jp/content/20260529-mxt_chousa01-000011635_6.csv,2026-05-20,2026-07-14T02:34:06Z,2026-07-14T02:34:06Z,verified_registry_identity,"Identity verified against MEXT 2026-05-01 provisional F1 registry; English name, website, experimental code, former name, and corporation require later official-source enrichment."
univ_f113310103457,F113310103457,not_found,日本体育大学,not_found,日本体育大学,not_found,active,university,private,main,not_applicable,not_found,1580081,13,東京都,世田谷区,東京都世田谷区深沢７－１－１,not_found,https://www.mext.go.jp/content/20260529-mxt_chousa01-000011635_6.csv,2026-05-20,2026-07-14T02:34:06Z,2026-07-14T02:34:06Z,verified_registry_identity,"Identity verified against MEXT 2026-05-01 provisional F1 registry; English name, website, experimental code, former name, and corporation require later official-source enrichment."
univ_f113310103466,F113310103466,not_found,ルーテル学院大学,not_found,ルーテル学院大学,not_found,active,university,private,main,not_applicable,not_found,1810015,13,東京都,三鷹市,東京都三鷹市大沢３－１０－２０,not_found,https://www.mext.go.jp/content/20260529-mxt_chousa01-000011635_6.csv,2026-05-20,2026-07-14T02:34:06Z,2026-07-14T02:34:06Z,verified_registry_identity,"Identity verified against MEXT 2026-05-01 provisional F1 registry; English name, website, experimental code, former name, and corporation require later official-source enrichment."
univ_f113310103475,F113310103475,not_found,文化学園大学,not_found,文化学園大学,not_found,active,university,private,main,not_applicable,not_found,1518523,13,東京都,渋谷区,東京都渋谷区代々木３－２２－１,not_found,https://www.mext.go.jp/content/20260529-mxt_chousa01-000011635_6.csv,2026-05-20,2026-07-14T02:34:06Z,2026-07-14T02:34:06Z,verified_registry_identity,"Identity verified against MEXT 2026-05-01 provisional F1 registry; English name, website, experimental code, former name, and corporation require later official-source enrichment."
univ_f113310103484,F113310103484,not_found,法政大学,not_found,法政大学,not_found,active,university,private,main,not_applicable,not_found,1028160,13,東京都,千代田区,東京都千代田区富士見２－１７－１,not_found,https://www.mext.go.jp/content/20260529-mxt_chousa01-000011635_6.csv,2026-05-20,2026-07-14T02:34:06Z,2026-07-14T02:34:06Z,verified_registry_identity,"Identity verified against MEXT 2026-05-01 provisional F1 registry; English name, website, experimental code, former name, and corporation require later official-source enrichment."
univ_f113310103493,F113310103493,not_found,星薬科大学,not_found,星薬科大学,not_found,active,university,private,main,not_applicable,not_found,1420063,13,東京都,品川区,東京都品川区荏原２－４－４１,not_found,https://www.mext.go.jp/content/20260529-mxt_chousa01-000011635_6.csv,2026-05-20,2026-07-14T02:34:06Z,2026-07-14T02:34:06Z,verified_registry_identity,"Identity verified against MEXT 2026-05-01 provisional F1 registry; English name, website, experimental code, former name, and corporation require later official-source enrichment."
univ_f113310103509,F113310103509,not_found,武蔵大学,not_found,武蔵大学,not_found,active,university,private,main,not_applicable,not_found,1768534,13,東京都,練馬区,東京都練馬区豊玉上１－２６－１,not_found,https://www.mext.go.jp/content/20260529-mxt_chousa01-000011635_6.csv,2026-05-20,2026-07-14T02:34:06Z,2026-07-14T02:34:06Z,verified_registry_identity,"Identity verified against MEXT 2026-05-01 provisional F1 registry; English name, website, experimental code, former name, and corporation require later official-source enrichment."
univ_f113310103518,F113310103518,not_found,東京都市大学,not_found,東京都市大学,not_found,active,university,private,main,not_applicable,not_found,1580087,13,東京都,世田谷区,東京都世田谷区玉堤１－２８－１,not_found,https://www.mext.go.jp/content/20260529-mxt_chousa01-000011635_6.csv,2026-05-20,2026-07-14T02:34:06Z,2026-07-14T02:34:06Z,verified_registry_identity,"Identity verified against MEXT 2026-05-01 provisional F1 registry; English name, website, experimental code, former name, and corporation require later official-source enrichment."
univ_f113310103527,F113310103527,not_found,武蔵野音楽大学,not_found,武蔵野音楽大学,not_found,active,university,private,main,not_applicable,not_found,1768521,13,東京都,練馬区,東京都練馬区羽沢１－１３－１,not_found,https://www.mext.go.jp/content/20260529-mxt_chousa01-000011635_6.csv,2026-05-20,2026-07-14T02:34:06Z,2026-07-14T02:34:06Z,verified_registry_identity,"Identity verified against MEXT 2026-05-01 provisional F1 registry; English name, website, experimental code, former name, and corporation require later official-source enrichment."
univ_f113310103536,F113310103536,not_found,明治大学,not_found,明治大学,not_found,active,university,private,main,not_applicable,not_found,1018301,13,東京都,千代田区,東京都千代田区神田駿河台１－１,not_found,https://www.mext.go.jp/content/20260529-mxt_chousa01-000011635_6.csv,2026-05-20,2026-07-14T02:34:06Z,2026-07-14T02:34:06Z,verified_registry_identity,"Identity verified against MEXT 2026-05-01 provisional F1 registry; English name, website, experimental code, former name, and corporation require later official-source enrichment."
univ_f113310103545,F113310103545,not_found,明治学院大学,not_found,明治学院大学,not_found,active,university,private,main,not_applicable,not_found,1088636,13,東京都,港区,東京都港区白金台１－２－３７,not_found,https://www.mext.go.jp/content/20260529-mxt_chousa01-000011635_6.csv,2026-05-20,2026-07-14T02:34:06Z,2026-07-14T02:34:06Z,verified_registry_identity,"Identity verified against MEXT 2026-05-01 provisional F1 registry; English name, website, experimental code, former name, and corporation require later official-source enrichment."
univ_f113310103554,F113310103554,not_found,明治薬科大学,not_found,明治薬科大学,not_found,active,university,private,main,not_applicable,not_found,2048588,13,東京都,清瀬市,東京都清瀬市野塩二丁目５２２－１,not_found,https://www.mext.go.jp/content/20260529-mxt_chousa01-000011635_6.csv,2026-05-20,2026-07-14T02:34:06Z,2026-07-14T02:34:06Z,verified_registry_identity,"Identity verified against MEXT 2026-05-01 provisional F1 registry; English name, website, experimental code, former name, and corporation require later official-source enrichment."
univ_f113310103563,F113310103563,not_found,立教大学,not_found,立教大学,not_found,active,university,private,main,not_applicable,not_found,1710021,13,東京都,豊島区,東京都豊島区西池袋３－３４－１,not_found,https://www.mext.go.jp/content/20260529-mxt_chousa01-000011635_6.csv,2026-05-20,2026-07-14T02:34:06Z,2026-07-14T02:34:06Z,verified_registry_identity,"Identity verified against MEXT 2026-05-01 provisional F1 registry; English name, website, experimental code, former name, and corporation require later official-source enrichment."
univ_f113310103572,F113310103572,not_found,立正大学,not_found,立正大学,not_found,active,university,private,main,not_applicable,not_found,1418602,13,東京都,品川区,東京都品川区大崎４－２－１６,not_found,https://www.mext.go.jp/content/20260529-mxt_chousa01-000011635_6.csv,2026-05-20,2026-07-14T02:34:06Z,2026-07-14T02:34:06Z,verified_registry_identity,"Identity verified against MEXT 2026-05-01 provisional F1 registry; English name, website, experimental code, former name, and corporation require later official-source enrichment."
univ_f113310103581,F113310103581,not_found,早稲田大学,not_found,早稲田大学,not_found,active,university,private,main,not_applicable,not_found,1698050,13,東京都,新宿区,東京都新宿区戸塚町１－１０４,not_found,https://www.mext.go.jp/content/20260529-mxt_chousa01-000011635_6.csv,2026-05-20,2026-07-14T02:34:06Z,2026-07-14T02:34:06Z,verified_registry_identity,"Identity verified against MEXT 2026-05-01 provisional F1 registry; English name, website, experimental code, former name, and corporation require later official-source enrichment."
univ_f113310103590,F113310103590,not_found,国際仏教学大学院大学,not_found,国際仏教学大学院大学,not_found,active,university,private,main,not_applicable,not_found,1120003,13,東京都,文京区,東京都文京区春日２－８－９,not_found,https://www.mext.go.jp/content/20260529-mxt_chousa01-000011635_6.csv,2026-05-20,2026-07-14T02:34:06Z,2026-07-14T02:34:06Z,verified_registry_identity,"Identity verified against MEXT 2026-05-01 provisional F1 registry; English name, website, experimental code, former name, and corporation require later official-source enrichment."
univ_f113310103607,F113310103607,not_found,学習院女子大学,not_found,学習院女子大学,not_found,active,university,private,main,not_applicable,not_found,1620052,13,東京都,新宿区,東京都新宿区戸山３丁目２０－１,not_found,https://www.mext.go.jp/content/20260529-mxt_chousa01-000011635_6.csv,2026-05-20,2026-07-14T02:34:06Z,2026-07-14T02:34:06Z,verified_registry_identity,"Identity verified against MEXT 2026-05-01 provisional F1 registry; English name, website, experimental code, former name, and corporation require later official-source enrichment."
univ_f113310103616,F113310103616,not_found,東京国際工科専門職大学,not_found,東京国際工科専門職大学,not_found,active,university,private,main,not_applicable,not_found,1600023,13,東京都,新宿区,東京都新宿区西新宿１－７－３,not_found,https://www.mext.go.jp/content/20260529-mxt_chousa01-000011635_6.csv,2026-05-20,2026-07-14T02:34:06Z,2026-07-14T02:34:06Z,verified_registry_identity,"Identity verified against MEXT 2026-05-01 provisional F1 registry; English name, website, experimental code, former name, and corporation require later official-source enrichment."
univ_f113310103625,F113310103625,not_found,東京保健医療専門職大学,not_found,東京保健医療専門職大学,not_found,active,university,private,main,not_applicable,not_found,1350043,13,東京都,江東区,東京都江東区塩浜２－２２－１０,not_found,https://www.mext.go.jp/content/20260529-mxt_chousa01-000011635_6.csv,2026-05-20,2026-07-14T02:34:06Z,2026-07-14T02:34:06Z,verified_registry_identity,"Identity verified against MEXT 2026-05-01 provisional F1 registry; English name, website, experimental code, former name, and corporation require later official-source enrichment."
univ_f113310103634,F113310103634,not_found,情報経営イノベーション専門職大学,not_found,情報経営イノベーション専門職大学,not_found,active,university,private,main,not_applicable,not_found,1310044,13,東京都,墨田区,東京都墨田区文花１‐１８‐１３,not_found,https://www.mext.go.jp/content/20260529-mxt_chousa01-000011635_6.csv,2026-05-20,2026-07-14T02:34:06Z,2026-07-14T02:34:06Z,verified_registry_identity,"Identity verified against MEXT 2026-05-01 provisional F1 registry; English name, website, experimental code, former name, and corporation require later official-source enrichment."
univ_f113310103643,F113310103643,not_found,大学院大学至善館,not_found,大学院大学至善館,not_found,active,university,private,main,not_applicable,not_found,1036117,13,東京都,中央区,東京都中央区日本橋２丁目５ー１日本橋髙島屋三井ビルディング１７階,not_found,https://www.mext.go.jp/content/20260529-mxt_chousa01-000011635_6.csv,2026-05-20,2026-07-14T02:34:06Z,2026-07-14T02:34:06Z,verified_registry_identity,"Identity verified against MEXT 2026-05-01 provisional F1 registry; English name, website, experimental code, former name, and corporation require later official-source enrichment."
univ_f113310103652,F113310103652,not_found,東京通信大学,not_found,東京通信大学,not_found,active,university,private,main,not_applicable,not_found,1600023,13,東京都,新宿区,東京都新宿区西新宿１－７－３,not_found,https://www.mext.go.jp/content/20260529-mxt_chousa01-000011635_6.csv,2026-05-20,2026-07-14T02:34:06Z,2026-07-14T02:34:06Z,verified_registry_identity,"Identity verified against MEXT 2026-05-01 provisional F1 registry; English name, website, experimental code, former name, and corporation require later official-source enrichment."
univ_f113310103661,F113310103661,not_found,国際ファッション専門職大学,not_found,国際ファッション専門職大学,not_found,active,university,private,main,not_applicable,not_found,1600023,13,東京都,新宿区,東京都新宿区西新宿１－７－３,not_found,https://www.mext.go.jp/content/20260529-mxt_chousa01-000011635_6.csv,2026-05-20,2026-07-14T02:34:06Z,2026-07-14T02:34:06Z,verified_registry_identity,"Identity verified against MEXT 2026-05-01 provisional F1 registry; English name, website, experimental code, former name, and corporation require later official-source enrichment."
univ_f113310103670,F113310103670,not_found,駒沢女子大学,not_found,駒沢女子大学,not_found,active,university,private,main,not_applicable,not_found,2068511,13,東京都,稲城市,東京都稲城市坂浜２３８,not_found,https://www.mext.go.jp/content/20260529-mxt_chousa01-000011635_6.csv,2026-05-20,2026-07-14T02:34:06Z,2026-07-14T02:34:06Z,verified_registry_identity,"Identity verified against MEXT 2026-05-01 provisional F1 registry; English name, website, experimental code, former name, and corporation require later official-source enrichment."
univ_f113310103689,F113310103689,not_found,亜細亜大学,not_found,亜細亜大学,not_found,active,university,private,main,not_applicable,not_found,1800022,13,東京都,武蔵野市,東京都武蔵野市境５－８,not_found,https://www.mext.go.jp/content/20260529-mxt_chousa01-000011635_6.csv,2026-05-20,2026-07-14T02:34:06Z,2026-07-14T02:34:06Z,verified_registry_identity,"Identity verified against MEXT 2026-05-01 provisional F1 registry; English name, website, experimental code, former name, and corporation require later official-source enrichment."
univ_f113310103698,F113310103698,not_found,桜美林大学,not_found,桜美林大学,not_found,active,university,private,main,not_applicable,not_found,1940294,13,東京都,町田市,東京都町田市常盤町３７５８,not_found,https://www.mext.go.jp/content/20260529-mxt_chousa01-000011635_6.csv,2026-05-20,2026-07-14T02:34:06Z,2026-07-14T02:34:06Z,verified_registry_identity,"Identity verified against MEXT 2026-05-01 provisional F1 registry; English name, website, experimental code, former name, and corporation require later official-source enrichment."
univ_f113310103705,F113310103705,not_found,国立音楽大学,not_found,国立音楽大学,not_found,active,university,private,main,not_applicable,not_found,1900004,13,東京都,立川市,東京都立川市柏町５－５－１,not_found,https://www.mext.go.jp/content/20260529-mxt_chousa01-000011635_6.csv,2026-05-20,2026-07-14T02:34:06Z,2026-07-14T02:34:06Z,verified_registry_identity,"Identity verified against MEXT 2026-05-01 provisional F1 registry; English name, website, experimental code, former name, and corporation require later official-source enrichment."
univ_f113310103714,F113310103714,not_found,国際基督教大学,not_found,国際基督教大学,not_found,active,university,private,main,not_applicable,not_found,1818585,13,東京都,三鷹市,東京都三鷹市大沢３－１０－２,not_found,https://www.mext.go.jp/content/20260529-mxt_chousa01-000011635_6.csv,2026-05-20,2026-07-14T02:34:06Z,2026-07-14T02:34:06Z,verified_registry_identity,"Identity verified against MEXT 2026-05-01 provisional F1 registry; English name, website, experimental code, former name, and corporation require later official-source enrichment."
univ_f113310103723,F113310103723,not_found,白百合女子大学,not_found,白百合女子大学,not_found,active,university,private,main,not_applicable,not_found,1828525,13,東京都,調布市,東京都調布市緑ケ丘１－２５,not_found,https://www.mext.go.jp/content/20260529-mxt_chousa01-000011635_6.csv,2026-05-20,2026-07-14T02:34:06Z,2026-07-14T02:34:06Z,verified_registry_identity,"Identity verified against MEXT 2026-05-01 provisional F1 registry; English name, website, experimental code, former name, and corporation require later official-source enrichment."
univ_f113310103732,F113310103732,not_found,成蹊大学,not_found,成蹊大学,not_found,active,university,private,main,not_applicable,not_found,1808633,13,東京都,武蔵野市,東京都武蔵野市吉祥寺北町３－３－１,not_found,https://www.mext.go.jp/content/20260529-mxt_chousa01-000011635_6.csv,2026-05-20,2026-07-14T02:34:06Z,2026-07-14T02:34:06Z,verified_registry_identity,"Identity verified against MEXT 2026-05-01 provisional F1 registry; English name, website, experimental code, former name, and corporation require later official-source enrichment."
univ_f113310103741,F113310103741,not_found,玉川大学,not_found,玉川大学,not_found,active,university,private,main,not_applicable,not_found,1948610,13,東京都,町田市,東京都町田市玉川学園６－１－１,not_found,https://www.mext.go.jp/content/20260529-mxt_chousa01-000011635_6.csv,2026-05-20,2026-07-14T02:34:06Z,2026-07-14T02:34:06Z,verified_registry_identity,"Identity verified against MEXT 2026-05-01 provisional F1 registry; English name, website, experimental code, former name, and corporation require later official-source enrichment."
univ_f113310103750,F113310103750,not_found,津田塾大学,not_found,津田塾大学,not_found,active,university,private,main,not_applicable,not_found,1878577,13,東京都,小平市,東京都小平市津田町２－１－１,not_found,https://www.mext.go.jp/content/20260529-mxt_chousa01-000011635_6.csv,2026-05-20,2026-07-14T02:34:06Z,2026-07-14T02:34:06Z,verified_registry_identity,"Identity verified against MEXT 2026-05-01 provisional F1 registry; English name, website, experimental code, former name, and corporation require later official-source enrichment."
univ_f113310103769,F113310103769,not_found,帝京大学,not_found,帝京大学,not_found,active,university,private,main,not_applicable,not_found,1738605,13,東京都,板橋区,東京都板橋区加賀２－１１－１,not_found,https://www.mext.go.jp/content/20260529-mxt_chousa01-000011635_6.csv,2026-05-20,2026-07-14T02:34:06Z,2026-07-14T02:34:06Z,verified_registry_identity,"Identity verified against MEXT 2026-05-01 provisional F1 registry; English name, website, experimental code, former name, and corporation require later official-source enrichment."
univ_f113310103778,F113310103778,not_found,東京経済大学,not_found,東京経済大学,not_found,active,university,private,main,not_applicable,not_found,1850021,13,東京都,国分寺市,東京都国分寺市南町１－７－３４,not_found,https://www.mext.go.jp/content/20260529-mxt_chousa01-000011635_6.csv,2026-05-20,2026-07-14T02:34:06Z,2026-07-14T02:34:06Z,verified_registry_identity,"Identity verified against MEXT 2026-05-01 provisional F1 registry; English name, website, experimental code, former name, and corporation require later official-source enrichment."
univ_f113310103787,F113310103787,not_found,東京女子体育大学,not_found,東京女子体育大学,not_found,active,university,private,main,not_applicable,not_found,1868668,13,東京都,国立市,東京都国立市富士見台４－３０－１,not_found,https://www.mext.go.jp/content/20260529-mxt_chousa01-000011635_6.csv,2026-05-20,2026-07-14T02:34:06Z,2026-07-14T02:34:06Z,verified_registry_identity,"Identity verified against MEXT 2026-05-01 provisional F1 registry; English name, website, experimental code, former name, and corporation require later official-source enrichment."
univ_f113310103796,F113310103796,not_found,東京神学大学,not_found,東京神学大学,not_found,active,university,private,main,not_applicable,not_found,1810015,13,東京都,三鷹市,東京都三鷹市大沢３－１０－３０,not_found,https://www.mext.go.jp/content/20260529-mxt_chousa01-000011635_6.csv,2026-05-20,2026-07-14T02:34:06Z,2026-07-14T02:34:06Z,verified_registry_identity,"Identity verified against MEXT 2026-05-01 provisional F1 registry; English name, website, experimental code, former name, and corporation require later official-source enrichment."
univ_f113310103803,F113310103803,not_found,東京造形大学,not_found,東京造形大学,not_found,active,university,private,main,not_applicable,not_found,1920992,13,東京都,八王子市,東京都八王子市宇津貫町１５５６,not_found,https://www.mext.go.jp/content/20260529-mxt_chousa01-000011635_6.csv,2026-05-20,2026-07-14T02:34:06Z,2026-07-14T02:34:06Z,verified_registry_identity,"Identity verified against MEXT 2026-05-01 provisional F1 registry; English name, website, experimental code, former name, and corporation require later official-source enrichment."
univ_f113310103812,F113310103812,not_found,桐朋学園大学,not_found,桐朋学園大学,not_found,active,university,private,main,not_applicable,not_found,1820003,13,東京都,調布市,東京都調布市若葉町１－４１－１,not_found,https://www.mext.go.jp/content/20260529-mxt_chousa01-000011635_6.csv,2026-05-20,2026-07-14T02:34:06Z,2026-07-14T02:34:06Z,verified_registry_identity,"Identity verified against MEXT 2026-05-01 provisional F1 registry; English name, website, experimental code, former name, and corporation require later official-source enrichment."
univ_f113310103821,F113310103821,not_found,日本獣医生命科学大学,not_found,日本獣医生命科学大学,not_found,active,university,private,main,not_applicable,not_found,1800023,13,東京都,武蔵野市,東京都武蔵野市境南町１－７－１,not_found,https://www.mext.go.jp/content/20260529-mxt_chousa01-000011635_6.csv,2026-05-20,2026-07-14T02:34:06Z,2026-07-14T02:34:06Z,verified_registry_identity,"Identity verified against MEXT 2026-05-01 provisional F1 registry; English name, website, experimental code, former name, and corporation require later official-source enrichment."
univ_f113310103830,F113310103830,not_found,武蔵野大学,not_found,武蔵野大学,not_found,active,university,private,main,not_applicable,not_found,1358181,13,東京都,江東区,東京都江東区有明三丁目３番３号,not_found,https://www.mext.go.jp/content/20260529-mxt_chousa01-000011635_6.csv,2026-05-20,2026-07-14T02:34:06Z,2026-07-14T02:34:06Z,verified_registry_identity,"Identity verified against MEXT 2026-05-01 provisional F1 registry; English name, website, experimental code, former name, and corporation require later official-source enrichment."
univ_f113310103849,F113310103849,not_found,武蔵野美術大学,not_found,武蔵野美術大学,not_found,active,university,private,main,not_applicable,not_found,1878505,13,東京都,小平市,東京都小平市小川町１－７３６,not_found,https://www.mext.go.jp/content/20260529-mxt_chousa01-000011635_6.csv,2026-05-20,2026-07-14T02:34:06Z,2026-07-14T02:34:06Z,verified_registry_identity,"Identity verified against MEXT 2026-05-01 provisional F1 registry; English name, website, experimental code, former name, and corporation require later official-source enrichment."
univ_f113310103858,F113310103858,not_found,明星大学,not_found,明星大学,not_found,active,university,private,main,not_applicable,not_found,1918506,13,東京都,日野市,東京都日野市程久保２－１－１,not_found,https://www.mext.go.jp/content/20260529-mxt_chousa01-000011635_6.csv,2026-05-20,2026-07-14T02:34:06Z,2026-07-14T02:34:06Z,verified_registry_identity,"Identity verified against MEXT 2026-05-01 provisional F1 registry; English name, website, experimental code, former name, and corporation require later official-source enrichment."
univ_f113310103867,F113310103867,not_found,和光大学,not_found,和光大学,not_found,active,university,private,main,not_applicable,not_found,1958585,13,東京都,町田市,東京都町田市金井ヶ丘５－１－１,not_found,https://www.mext.go.jp/content/20260529-mxt_chousa01-000011635_6.csv,2026-05-20,2026-07-14T02:34:06Z,2026-07-14T02:34:06Z,verified_registry_identity,"Identity verified against MEXT 2026-05-01 provisional F1 registry; English name, website, experimental code, former name, and corporation require later official-source enrichment."
univ_f113310103876,F113310103876,not_found,杏林大学,not_found,杏林大学,not_found,active,university,private,main,not_applicable,not_found,1810004,13,東京都,三鷹市,東京都三鷹市新川６－２０－２,not_found,https://www.mext.go.jp/content/20260529-mxt_chousa01-000011635_6.csv,2026-05-20,2026-07-14T02:34:06Z,2026-07-14T02:34:06Z,verified_registry_identity,"Identity verified against MEXT 2026-05-01 provisional F1 registry; English name, website, experimental code, former name, and corporation require later official-source enrichment."
univ_f113310103885,F113310103885,not_found,創価大学,not_found,創価大学,not_found,active,university,private,main,not_applicable,not_found,1928577,13,東京都,八王子市,東京都八王子市丹木町１－２３６,not_found,https://www.mext.go.jp/content/20260529-mxt_chousa01-000011635_6.csv,2026-05-20,2026-07-14T02:34:06Z,2026-07-14T02:34:06Z,verified_registry_identity,"Identity verified against MEXT 2026-05-01 provisional F1 registry; English name, website, experimental code, former name, and corporation require later official-source enrichment."
univ_f113310103894,F113310103894,not_found,日本文化大学,not_found,日本文化大学,not_found,active,university,private,main,not_applicable,not_found,1920986,13,東京都,八王子市,東京都八王子市片倉町９７７,not_found,https://www.mext.go.jp/content/20260529-mxt_chousa01-000011635_6.csv,2026-05-20,2026-07-14T02:34:06Z,2026-07-14T02:34:06Z,verified_registry_identity,"Identity verified against MEXT 2026-05-01 provisional F1 registry; English name, website, experimental code, former name, and corporation require later official-source enrichment."
univ_f113310103901,F113310103901,not_found,東京工科大学,not_found,東京工科大学,not_found,active,university,private,main,not_applicable,not_found,1920982,13,東京都,八王子市,東京都八王子市片倉町１４０４－１,not_found,https://www.mext.go.jp/content/20260529-mxt_chousa01-000011635_6.csv,2026-05-20,2026-07-14T02:34:06Z,2026-07-14T02:34:06Z,verified_registry_identity,"Identity verified against MEXT 2026-05-01 provisional F1 registry; English name, website, experimental code, former name, and corporation require later official-source enrichment."
univ_f113310103910,F113310103910,not_found,日本赤十字看護大学,not_found,日本赤十字看護大学,not_found,active,university,private,main,not_applicable,not_found,1500012,13,東京都,渋谷区,東京都渋谷区広尾４－１－３,not_found,https://www.mext.go.jp/content/20260529-mxt_chousa01-000011635_6.csv,2026-05-20,2026-07-14T02:34:06Z,2026-07-14T02:34:06Z,verified_registry_identity,"Identity verified against MEXT 2026-05-01 provisional F1 registry; English name, website, experimental code, former name, and corporation require later official-source enrichment."
univ_f113310103929,F113310103929,not_found,恵泉女学園大学,not_found,恵泉女学園大学,not_found,active,university,private,main,not_applicable,not_found,2060032,13,東京都,多摩市,東京都多摩市南野２－１０－１,not_found,https://www.mext.go.jp/content/20260529-mxt_chousa01-000011635_6.csv,2026-05-20,2026-07-14T02:34:06Z,2026-07-14T02:34:06Z,verified_registry_identity,"Identity verified against MEXT 2026-05-01 provisional F1 registry; English name, website, experimental code, former name, and corporation require later official-source enrichment."
univ_f113310103938,F113310103938,not_found,多摩大学,not_found,多摩大学,not_found,active,university,private,main,not_applicable,not_found,2060022,13,東京都,多摩市,東京都多摩市聖ケ丘４－１－１,not_found,https://www.mext.go.jp/content/20260529-mxt_chousa01-000011635_6.csv,2026-05-20,2026-07-14T02:34:06Z,2026-07-14T02:34:06Z,verified_registry_identity,"Identity verified against MEXT 2026-05-01 provisional F1 registry; English name, website, experimental code, former name, and corporation require later official-source enrichment."
univ_f113310103947,F113310103947,not_found,東京純心大学,not_found,東京純心大学,not_found,active,university,private,main,not_applicable,not_found,1920011,13,東京都,八王子市,東京都八王子市滝山町２－６００,not_found,https://www.mext.go.jp/content/20260529-mxt_chousa01-000011635_6.csv,2026-05-20,2026-07-14T02:34:06Z,2026-07-14T02:34:06Z,verified_registry_identity,"Identity verified against MEXT 2026-05-01 provisional F1 registry; English name, website, experimental code, former name, and corporation require later official-source enrichment."
univ_f113310103956,F113310103956,not_found,嘉悦大学,not_found,嘉悦大学,not_found,active,university,private,main,not_applicable,not_found,1878578,13,東京都,小平市,東京都小平市花小金井南町２丁目８番４号,not_found,https://www.mext.go.jp/content/20260529-mxt_chousa01-000011635_6.csv,2026-05-20,2026-07-14T02:34:06Z,2026-07-14T02:34:06Z,verified_registry_identity,"Identity verified against MEXT 2026-05-01 provisional F1 registry; English name, website, experimental code, former name, and corporation require later official-source enrichment."
univ_f113310103965,F113310103965,not_found,東京富士大学,not_found,東京富士大学,not_found,active,university,private,main,not_applicable,not_found,1618556,13,東京都,新宿区,東京都新宿区下落合一丁目七番七号,not_found,https://www.mext.go.jp/content/20260529-mxt_chousa01-000011635_6.csv,2026-05-20,2026-07-14T02:34:06Z,2026-07-14T02:34:06Z,verified_registry_identity,"Identity verified against MEXT 2026-05-01 provisional F1 registry; English name, website, experimental code, former name, and corporation require later official-source enrichment."
univ_f113310103974,F113310103974,not_found,ＬＥＣ東京リーガルマインド大学院大学,not_found,LEC東京リーガルマインド大学院大学,not_found,active,university,private,main,not_applicable,not_found,1010061,13,東京都,千代田区,東京都千代田区神田三崎町２－２－１５,not_found,https://www.mext.go.jp/content/20260529-mxt_chousa01-000011635_6.csv,2026-05-20,2026-07-14T02:34:06Z,2026-07-14T02:34:06Z,verified_registry_identity,"Identity verified against MEXT 2026-05-01 provisional F1 registry; English name, website, experimental code, former name, and corporation require later official-source enrichment."
univ_f113310103983,F113310103983,not_found,デジタルハリウッド大学,not_found,デジタルハリウッド大学,not_found,active,university,private,main,not_applicable,not_found,1010062,13,東京都,千代田区,東京都千代田区神田駿河台４－６　御茶ノ水ソラシティ　アカデミア３Ｆ／４Ｆ,not_found,https://www.mext.go.jp/content/20260529-mxt_chousa01-000011635_6.csv,2026-05-20,2026-07-14T02:34:06Z,2026-07-14T02:34:06Z,verified_registry_identity,"Identity verified against MEXT 2026-05-01 provisional F1 registry; English name, website, experimental code, former name, and corporation require later official-source enrichment."
univ_f113310103992,F113310103992,not_found,白梅学園大学,not_found,白梅学園大学,not_found,active,university,private,main,not_applicable,not_found,1870032,13,東京都,小平市,東京都小平市小川町１丁目８３０番地,not_found,https://www.mext.go.jp/content/20260529-mxt_chousa01-000011635_6.csv,2026-05-20,2026-07-14T02:34:06Z,2026-07-14T02:34:06Z,verified_registry_identity,"Identity verified against MEXT 2026-05-01 provisional F1 registry; English name, website, experimental code, former name, and corporation require later official-source enrichment."
univ_f113310104009,F113310104009,not_found,東京医療保健大学,not_found,東京医療保健大学,not_found,active,university,private,main,not_applicable,not_found,1418648,13,東京都,品川区,東京都品川区東五反田４－１－１７,not_found,https://www.mext.go.jp/content/20260529-mxt_chousa01-000011635_6.csv,2026-05-20,2026-07-14T02:34:06Z,2026-07-14T02:34:06Z,verified_registry_identity,"Identity verified against MEXT 2026-05-01 provisional F1 registry; English name, website, experimental code, former name, and corporation require later official-source enrichment."
univ_f113310104018,F113310104018,not_found,東京聖栄大学,not_found,東京聖栄大学,not_found,active,university,private,main,not_applicable,not_found,1248530,13,東京都,葛飾区,東京都葛飾区西新小岩一丁目４番６号,not_found,https://www.mext.go.jp/content/20260529-mxt_chousa01-000011635_6.csv,2026-05-20,2026-07-14T02:34:06Z,2026-07-14T02:34:06Z,verified_registry_identity,"Identity verified against MEXT 2026-05-01 provisional F1 registry; English name, website, experimental code, former name, and corporation require later official-source enrichment."
univ_f113310104027,F113310104027,not_found,ビジネス・ブレークスルー大学,not_found,ビジネス・ブレークスルー大学,not_found,active,university,private,main,not_applicable,not_found,1020085,13,東京都,千代田区,東京都千代田区六番町１－７　Ｏｈｍａｅ＠ｗｏｒｋビル,not_found,https://www.mext.go.jp/content/20260529-mxt_chousa01-000011635_6.csv,2026-05-20,2026-07-14T02:34:06Z,2026-07-14T02:34:06Z,verified_registry_identity,"Identity verified against MEXT 2026-05-01 provisional F1 registry; English name, website, experimental code, former name, and corporation require later official-source enrichment."
univ_f113310104036,F113310104036,not_found,グロービス経営大学院大学,not_found,グロービス経営大学院大学,not_found,active,university,private,main,not_applicable,not_found,1020084,13,東京都,千代田区,東京都千代田区二番町５番地１,not_found,https://www.mext.go.jp/content/20260529-mxt_chousa01-000011635_6.csv,2026-05-20,2026-07-14T02:34:06Z,2026-07-14T02:34:06Z,verified_registry_identity,"Identity verified against MEXT 2026-05-01 provisional F1 registry; English name, website, experimental code, former name, and corporation require later official-source enrichment."
univ_f113310104045,F113310104045,not_found,文化ファッション大学院大学,not_found,文化ファッション大学院大学,not_found,active,university,private,main,not_applicable,not_found,1510053,13,東京都,渋谷区,東京都渋谷区代々木三丁目２２番１号,not_found,https://www.mext.go.jp/content/20260529-mxt_chousa01-000011635_6.csv,2026-05-20,2026-07-14T02:34:06Z,2026-07-14T02:34:06Z,verified_registry_identity,"Identity verified against MEXT 2026-05-01 provisional F1 registry; English name, website, experimental code, former name, and corporation require later official-source enrichment."
univ_f113310104054,F113310104054,not_found,大原大学院大学,not_found,大原大学院大学,not_found,active,university,private,main,not_applicable,not_found,1010065,13,東京都,千代田区,東京都千代田区西神田１－２－１０,not_found,https://www.mext.go.jp/content/20260529-mxt_chousa01-000011635_6.csv,2026-05-20,2026-07-14T02:34:06Z,2026-07-14T02:34:06Z,verified_registry_identity,"Identity verified against MEXT 2026-05-01 provisional F1 registry; English name, website, experimental code, former name, and corporation require later official-source enrichment."
univ_f113310104063,F113310104063,not_found,東京未来大学,not_found,東京未来大学,not_found,active,university,private,main,not_applicable,not_found,1200023,13,東京都,足立区,東京都足立区千住曙町３４番１２,not_found,https://www.mext.go.jp/content/20260529-mxt_chousa01-000011635_6.csv,2026-05-20,2026-07-14T02:34:06Z,2026-07-14T02:34:06Z,verified_registry_identity,"Identity verified against MEXT 2026-05-01 provisional F1 registry; English name, website, experimental code, former name, and corporation require later official-source enrichment."
univ_f113310104072,F113310104072,not_found,ハリウッド大学院大学,not_found,ハリウッド大学院大学,not_found,active,university,private,main,not_applicable,not_found,1060032,13,東京都,港区,東京都港区六本木６丁目４番１号,not_found,https://www.mext.go.jp/content/20260529-mxt_chousa01-000011635_6.csv,2026-05-20,2026-07-14T02:34:06Z,2026-07-14T02:34:06Z,verified_registry_identity,"Identity verified against MEXT 2026-05-01 provisional F1 registry; English name, website, experimental code, former name, and corporation require later official-source enrichment."
univ_f113310104081,F113310104081,not_found,ＳＢＩ大学院大学,not_found,SBI大学院大学,not_found,active,university,private,main,not_applicable,not_found,1066021,13,東京都,港区,東京都港区六本木１－６－１　泉ガーデンタワー２１階,not_found,https://www.mext.go.jp/content/20260529-mxt_chousa01-000011635_6.csv,2026-05-20,2026-07-14T02:34:06Z,2026-07-14T02:34:06Z,verified_registry_identity,"Identity verified against MEXT 2026-05-01 provisional F1 registry; English name, website, experimental code, former name, and corporation require later official-source enrichment."
univ_f113310104090,F113310104090,not_found,こども教育宝仙大学,not_found,こども教育宝仙大学,not_found,active,university,private,main,not_applicable,not_found,1640011,13,東京都,中野区,東京都中野区中央二丁目３３番２６号,not_found,https://www.mext.go.jp/content/20260529-mxt_chousa01-000011635_6.csv,2026-05-20,2026-07-14T02:34:06Z,2026-07-14T02:34:06Z,verified_registry_identity,"Identity verified against MEXT 2026-05-01 provisional F1 registry; English name, website, experimental code, former name, and corporation require later official-source enrichment."
univ_f113310104107,F113310104107,not_found,東京有明医療大学,not_found,東京有明医療大学,not_found,active,university,private,main,not_applicable,not_found,1350063,13,東京都,江東区,東京都江東区有明２丁目９番１号,not_found,https://www.mext.go.jp/content/20260529-mxt_chousa01-000011635_6.csv,2026-05-20,2026-07-14T02:34:06Z,2026-07-14T02:34:06Z,verified_registry_identity,"Identity verified against MEXT 2026-05-01 provisional F1 registry; English name, website, experimental code, former name, and corporation require later official-source enrichment."
univ_f113310104116,F113310104116,not_found,東京工芸大学,not_found,東京工芸大学,not_found,active,university,private,main,not_applicable,not_found,1648678,13,東京都,中野区,東京都中野区本町２－９－５,not_found,https://www.mext.go.jp/content/20260529-mxt_chousa01-000011635_6.csv,2026-05-20,2026-07-14T02:34:06Z,2026-07-14T02:34:06Z,verified_registry_identity,"Identity verified against MEXT 2026-05-01 provisional F1 registry; English name, website, experimental code, former name, and corporation require later official-source enrichment."
univ_f113310104125,F113310104125,not_found,産業能率大学,not_found,産業能率大学,not_found,active,university,private,main,not_applicable,not_found,1588630,13,東京都,世田谷区,東京都世田谷区等々力６－３９－１５,not_found,https://www.mext.go.jp/content/20260529-mxt_chousa01-000011635_6.csv,2026-05-20,2026-07-14T02:34:06Z,2026-07-14T02:34:06Z,verified_registry_identity,"Identity verified against MEXT 2026-05-01 provisional F1 registry; English name, website, experimental code, former name, and corporation require later official-source enrichment."
univ_f113310104134,F113310104134,not_found,ヤマザキ動物看護大学,not_found,ヤマザキ動物看護大学,not_found,active,university,private,main,not_applicable,not_found,1920364,13,東京都,八王子市,東京都八王子市南大沢４－７－２,not_found,https://www.mext.go.jp/content/20260529-mxt_chousa01-000011635_6.csv,2026-05-20,2026-07-14T02:34:06Z,2026-07-14T02:34:06Z,verified_registry_identity,"Identity verified against MEXT 2026-05-01 provisional F1 registry; English name, website, experimental code, former name, and corporation require later official-source enrichment."
univ_f113310104143,F113310104143,not_found,東京医療学院大学,not_found,東京医療学院大学,not_found,active,university,private,main,not_applicable,not_found,2060033,13,東京都,多摩市,東京都多摩市落合４－１１,not_found,https://www.mext.go.jp/content/20260529-mxt_chousa01-000011635_6.csv,2026-05-20,2026-07-14T02:34:06Z,2026-07-14T02:34:06Z,verified_registry_identity,"Identity verified against MEXT 2026-05-01 provisional F1 registry; English name, website, experimental code, former name, and corporation require later official-source enrichment."
univ_f113310104152,F113310104152,not_found,事業構想大学院大学,not_found,事業構想大学院大学,not_found,active,university,private,main,not_applicable,not_found,1070062,13,東京都,港区,東京都港区南青山３－１３－１６,not_found,https://www.mext.go.jp/content/20260529-mxt_chousa01-000011635_6.csv,2026-05-20,2026-07-14T02:34:06Z,2026-07-14T02:34:06Z,verified_registry_identity,"Identity verified against MEXT 2026-05-01 provisional F1 registry; English name, website, experimental code, former name, and corporation require later official-source enrichment."
univ_f113310104161,F113310104161,not_found,社会構想大学院大学,not_found,社会構想大学院大学,not_found,active,university,private,main,not_applicable,not_found,1698518,13,東京都,港区,東京都港区南青山３ー１３ー１８,not_found,https://www.mext.go.jp/content/20260529-mxt_chousa01-000011635_6.csv,2026-05-20,2026-07-14T02:34:06Z,2026-07-14T02:34:06Z,verified_registry_identity,"Identity verified against MEXT 2026-05-01 provisional F1 registry; English name, website, experimental code, former name, and corporation require later official-source enrichment."
univ_f113310104170,F113310104170,not_found,帝京科学大学,not_found,帝京科学大学,not_found,active,university,private,main,not_applicable,not_found,1200045,13,東京都,足立区,東京都足立区千住桜木２－２－１,not_found,https://www.mext.go.jp/content/20260529-mxt_chousa01-000011635_6.csv,2026-05-20,2026-07-14T02:34:06Z,2026-07-14T02:34:06Z,verified_registry_identity,"Identity verified against MEXT 2026-05-01 provisional F1 registry; English name, website, experimental code, former name, and corporation require later official-source enrichment."
univ_f113310104189,F113310104189,not_found,東京情報デザイン専門職大学,not_found,東京情報デザイン専門職大学,not_found,active,university,private,main,not_applicable,not_found,1320034,13,東京都,江戸川区,東京都江戸川区小松川２－７－１,not_found,https://www.mext.go.jp/content/20260529-mxt_chousa01-000011635_6.csv,2026-05-20,2026-07-14T02:34:06Z,2026-07-14T02:34:06Z,verified_registry_identity,"Identity verified against MEXT 2026-05-01 provisional F1 registry; English name, website, experimental code, former name, and corporation require later official-source enrichment."
univ_f113310104198,F113310104198,not_found,東京国際大学,not_found,東京国際大学,not_found,active,university,private,main,not_applicable,not_found,1700013,13,東京都,豊島区,東京都豊島区東池袋４－４２－３１,not_found,https://www.mext.go.jp/content/20260529-mxt_chousa01-000011635_6.csv,2026-05-20,2026-07-14T02:34:06Z,2026-07-14T02:34:06Z,verified_registry_identity,"Identity verified against MEXT 2026-05-01 provisional F1 registry; English name, website, experimental code, former name, and corporation require later official-source enrichment."
univ_f113310112027,F113310112027,not_found,東京経営大学,not_found,東京経営大学,not_found,active,university,private,main,not_applicable,not_found,1010065,13,東京都,千代田区,東京都千代田区西神田２丁目２－１０,not_found,https://www.mext.go.jp/content/20260529-mxt_chousa01-000011635_6.csv,2026-05-20,2026-07-14T02:34:06Z,2026-07-14T02:34:06Z,verified_registry_identity,"Identity verified against MEXT 2026-05-01 provisional F1 registry; English name, website, experimental code, former name, and corporation require later official-source enrichment."
univ_f114110104592,F114110104592,not_found,横浜国立大学,not_found,横浜国立大学,not_found,active,university,national,main,not_applicable,not_found,2408501,14,神奈川県,横浜市,神奈川県横浜市保土ケ谷区常盤台７９－１,not_found,https://www.mext.go.jp/content/20260529-mxt_chousa01-000011635_6.csv,2026-05-20,2026-07-14T02:34:06Z,2026-07-14T02:34:06Z,verified_registry_identity,"Identity verified against MEXT 2026-05-01 provisional F1 registry; English name, website, experimental code, former name, and corporation require later official-source enrichment."
univ_f114110104609,F114110104609,not_found,総合研究大学院大学,not_found,総合研究大学院大学,not_found,active,university,national,main,not_applicable,not_found,2400193,14,神奈川県,三浦郡葉山町,神奈川県三浦郡葉山町（湘南国際村）,not_found,https://www.mext.go.jp/content/20260529-mxt_chousa01-000011635_6.csv,2026-05-20,2026-07-14T02:34:06Z,2026-07-14T02:34:06Z,verified_registry_identity,"Identity verified against MEXT 2026-05-01 provisional F1 registry; English name, website, experimental code, former name, and corporation require later official-source enrichment."
univ_f114210104616,F114210104616,not_found,横浜市立大学,not_found,横浜市立大学,not_found,active,university,public,main,not_applicable,not_found,2360027,14,神奈川県,横浜市,神奈川県横浜市金沢区瀬戸２２－２,not_found,https://www.mext.go.jp/content/20260529-mxt_chousa01-000011635_6.csv,2026-05-20,2026-07-14T02:34:06Z,2026-07-14T02:34:06Z,verified_registry_identity,"Identity verified against MEXT 2026-05-01 provisional F1 registry; English name, website, experimental code, former name, and corporation require later official-source enrichment."
univ_f114210104625,F114210104625,not_found,神奈川県立保健福祉大学,not_found,神奈川県立保健福祉大学,not_found,active,university,public,main,not_applicable,not_found,2380013,14,神奈川県,横須賀市,神奈川県横須賀市平成町１丁目１０番１,not_found,https://www.mext.go.jp/content/20260529-mxt_chousa01-000011635_6.csv,2026-05-20,2026-07-14T02:34:06Z,2026-07-14T02:34:06Z,verified_registry_identity,"Identity verified against MEXT 2026-05-01 provisional F1 registry; English name, website, experimental code, former name, and corporation require later official-source enrichment."
univ_f114210111993,F114210111993,not_found,川崎市立看護大学,not_found,川崎市立看護大学,not_found,active,university,public,main,not_applicable,not_found,2120054,14,神奈川県,川崎市,神奈川県川崎市幸区小倉４－３０－１,not_found,https://www.mext.go.jp/content/20260529-mxt_chousa01-000011635_6.csv,2026-05-20,2026-07-14T02:34:06Z,2026-07-14T02:34:06Z,verified_registry_identity,"Identity verified against MEXT 2026-05-01 provisional F1 registry; English name, website, experimental code, former name, and corporation require later official-source enrichment."
univ_f114310104632,F114310104632,not_found,星槎大学,not_found,星槎大学,not_found,active,university,private,main,not_applicable,not_found,2500631,14,神奈川県,足柄下郡箱根町,神奈川県足柄下郡箱根町仙石原８１７－２５５,not_found,https://www.mext.go.jp/content/20260529-mxt_chousa01-000011635_6.csv,2026-05-20,2026-07-14T02:34:06Z,2026-07-14T02:34:06Z,verified_registry_identity,"Identity verified against MEXT 2026-05-01 provisional F1 registry; English name, website, experimental code, former name, and corporation require later official-source enrichment."
univ_f114310104641,F114310104641,not_found,神奈川大学,not_found,神奈川大学,not_found,active,university,private,main,not_applicable,not_found,2218686,14,神奈川県,横浜市,神奈川県横浜市神奈川区六角橋３－２７－１,not_found,https://www.mext.go.jp/content/20260529-mxt_chousa01-000011635_6.csv,2026-05-20,2026-07-14T02:34:06Z,2026-07-14T02:34:06Z,verified_registry_identity,"Identity verified against MEXT 2026-05-01 provisional F1 registry; English name, website, experimental code, former name, and corporation require later official-source enrichment."
univ_f114310104650,F114310104650,not_found,関東学院大学,not_found,関東学院大学,not_found,active,university,private,main,not_applicable,not_found,2368501,14,神奈川県,横浜市,神奈川県横浜市金沢区六浦東１－５０－１,not_found,https://www.mext.go.jp/content/20260529-mxt_chousa01-000011635_6.csv,2026-05-20,2026-07-14T02:34:06Z,2026-07-14T02:34:06Z,verified_registry_identity,"Identity verified against MEXT 2026-05-01 provisional F1 registry; English name, website, experimental code, former name, and corporation require later official-source enrichment."
univ_f114310104669,F114310104669,not_found,鶴見大学,not_found,鶴見大学,not_found,active,university,private,main,not_applicable,not_found,2308501,14,神奈川県,横浜市,神奈川県横浜市鶴見区鶴見２－１－３,not_found,https://www.mext.go.jp/content/20260529-mxt_chousa01-000011635_6.csv,2026-05-20,2026-07-14T02:34:06Z,2026-07-14T02:34:06Z,verified_registry_identity,"Identity verified against MEXT 2026-05-01 provisional F1 registry; English name, website, experimental code, former name, and corporation require later official-source enrichment."
univ_f114310104678,F114310104678,not_found,フェリス女学院大学,not_found,フェリス女学院大学,not_found,active,university,private,main,not_applicable,not_found,2458650,14,神奈川県,横浜市,神奈川県横浜市泉区緑園４－５－３,not_found,https://www.mext.go.jp/content/20260529-mxt_chousa01-000011635_6.csv,2026-05-20,2026-07-14T02:34:06Z,2026-07-14T02:34:06Z,verified_registry_identity,"Identity verified against MEXT 2026-05-01 provisional F1 registry; English name, website, experimental code, former name, and corporation require later official-source enrichment."
univ_f114310104687,F114310104687,not_found,横浜商科大学,not_found,横浜商科大学,not_found,active,university,private,main,not_applicable,not_found,2308577,14,神奈川県,横浜市,神奈川県横浜市鶴見区東寺尾４－１１－１,not_found,https://www.mext.go.jp/content/20260529-mxt_chousa01-000011635_6.csv,2026-05-20,2026-07-14T02:34:06Z,2026-07-14T02:34:06Z,verified_registry_identity,"Identity verified against MEXT 2026-05-01 provisional F1 registry; English name, website, experimental code, former name, and corporation require later official-source enrichment."
univ_f114310104696,F114310104696,not_found,八洲学園大学,not_found,八洲学園大学,not_found,active,university,private,main,not_applicable,not_found,2200021,14,神奈川県,横浜市,神奈川県横浜市西区桜木町７丁目４２番地,not_found,https://www.mext.go.jp/content/20260529-mxt_chousa01-000011635_6.csv,2026-05-20,2026-07-14T02:34:06Z,2026-07-14T02:34:06Z,verified_registry_identity,"Identity verified against MEXT 2026-05-01 provisional F1 registry; English name, website, experimental code, former name, and corporation require later official-source enrichment."
univ_f114310104703,F114310104703,not_found,情報セキュリティ大学院大学,not_found,情報セキュリティ大学院大学,not_found,active,university,private,main,not_applicable,not_found,2210835,14,神奈川県,横浜市,神奈川県横浜市神奈川区鶴屋町二丁目１４番地１,not_found,https://www.mext.go.jp/content/20260529-mxt_chousa01-000011635_6.csv,2026-05-20,2026-07-14T02:34:06Z,2026-07-14T02:34:06Z,verified_registry_identity,"Identity verified against MEXT 2026-05-01 provisional F1 registry; English name, website, experimental code, former name, and corporation require later official-source enrichment."
univ_f114310104712,F114310104712,not_found,横浜薬科大学,not_found,横浜薬科大学,not_found,active,university,private,main,not_applicable,not_found,2450066,14,神奈川県,横浜市,神奈川県横浜市戸塚区俣野町字東原６０１番１号,not_found,https://www.mext.go.jp/content/20260529-mxt_chousa01-000011635_6.csv,2026-05-20,2026-07-14T02:34:06Z,2026-07-14T02:34:06Z,verified_registry_identity,"Identity verified against MEXT 2026-05-01 provisional F1 registry; English name, website, experimental code, former name, and corporation require later official-source enrichment."
univ_f114310104721,F114310104721,not_found,麻布大学,not_found,麻布大学,not_found,active,university,private,main,not_applicable,not_found,2525201,14,神奈川県,相模原市,神奈川県相模原市中央区淵野辺１－１７－７１,not_found,https://www.mext.go.jp/content/20260529-mxt_chousa01-000011635_6.csv,2026-05-20,2026-07-14T02:34:06Z,2026-07-14T02:34:06Z,verified_registry_identity,"Identity verified against MEXT 2026-05-01 provisional F1 registry; English name, website, experimental code, former name, and corporation require later official-source enrichment."
univ_f114310104730,F114310104730,not_found,神奈川歯科大学,not_found,神奈川歯科大学,not_found,active,university,private,main,not_applicable,not_found,2388580,14,神奈川県,横須賀市,神奈川県横須賀市稲岡町８２,not_found,https://www.mext.go.jp/content/20260529-mxt_chousa01-000011635_6.csv,2026-05-20,2026-07-14T02:34:06Z,2026-07-14T02:34:06Z,verified_registry_identity,"Identity verified against MEXT 2026-05-01 provisional F1 registry; English name, website, experimental code, former name, and corporation require later official-source enrichment."
univ_f114310104749,F114310104749,not_found,鎌倉女子大学,not_found,鎌倉女子大学,not_found,active,university,private,main,not_applicable,not_found,2478512,14,神奈川県,鎌倉市,神奈川県鎌倉市大船６－１－３,not_found,https://www.mext.go.jp/content/20260529-mxt_chousa01-000011635_6.csv,2026-05-20,2026-07-14T02:34:06Z,2026-07-14T02:34:06Z,verified_registry_identity,"Identity verified against MEXT 2026-05-01 provisional F1 registry; English name, website, experimental code, former name, and corporation require later official-source enrichment."
univ_f114310104758,F114310104758,not_found,湘南工科大学,not_found,湘南工科大学,not_found,active,university,private,main,not_applicable,not_found,2518511,14,神奈川県,藤沢市,神奈川県藤沢市辻堂西海岸１－１－２５,not_found,https://www.mext.go.jp/content/20260529-mxt_chousa01-000011635_6.csv,2026-05-20,2026-07-14T02:34:06Z,2026-07-14T02:34:06Z,verified_registry_identity,"Identity verified against MEXT 2026-05-01 provisional F1 registry; English name, website, experimental code, former name, and corporation require later official-source enrichment."
univ_f114310104767,F114310104767,not_found,相模女子大学,not_found,相模女子大学,not_found,active,university,private,main,not_applicable,not_found,2520383,14,神奈川県,相模原市,神奈川県相模原市南区文京２－１－１,not_found,https://www.mext.go.jp/content/20260529-mxt_chousa01-000011635_6.csv,2026-05-20,2026-07-14T02:34:06Z,2026-07-14T02:34:06Z,verified_registry_identity,"Identity verified against MEXT 2026-05-01 provisional F1 registry; English name, website, experimental code, former name, and corporation require later official-source enrichment."
univ_f114310104776,F114310104776,not_found,洗足学園音楽大学,not_found,洗足学園音楽大学,not_found,active,university,private,main,not_applicable,not_found,2138580,14,神奈川県,川崎市,神奈川県川崎市高津区久本２－３－１,not_found,https://www.mext.go.jp/content/20260529-mxt_chousa01-000011635_6.csv,2026-05-20,2026-07-14T02:34:06Z,2026-07-14T02:34:06Z,verified_registry_identity,"Identity verified against MEXT 2026-05-01 provisional F1 registry; English name, website, experimental code, former name, and corporation require later official-source enrichment."
univ_f114310104785,F114310104785,not_found,聖マリアンナ医科大学,not_found,聖マリアンナ医科大学,not_found,active,university,private,main,not_applicable,not_found,2160015,14,神奈川県,川崎市,神奈川県川崎市宮前区菅生２－１６－１,not_found,https://www.mext.go.jp/content/20260529-mxt_chousa01-000011635_6.csv,2026-05-20,2026-07-14T02:34:06Z,2026-07-14T02:34:06Z,verified_registry_identity,"Identity verified against MEXT 2026-05-01 provisional F1 registry; English name, website, experimental code, former name, and corporation require later official-source enrichment."
univ_f114310104794,F114310104794,not_found,神奈川工科大学,not_found,神奈川工科大学,not_found,active,university,private,main,not_applicable,not_found,2430203,14,神奈川県,厚木市,神奈川県厚木市下荻野１０３０,not_found,https://www.mext.go.jp/content/20260529-mxt_chousa01-000011635_6.csv,2026-05-20,2026-07-14T02:34:06Z,2026-07-14T02:34:06Z,verified_registry_identity,"Identity verified against MEXT 2026-05-01 provisional F1 registry; English name, website, experimental code, former name, and corporation require later official-source enrichment."
univ_f114310104801,F114310104801,not_found,昭和音楽大学,not_found,昭和音楽大学,not_found,active,university,private,main,not_applicable,not_found,2158558,14,神奈川県,川崎市,神奈川県川崎市麻生区上麻生１－１１－１,not_found,https://www.mext.go.jp/content/20260529-mxt_chousa01-000011635_6.csv,2026-05-20,2026-07-14T02:34:06Z,2026-07-14T02:34:06Z,verified_registry_identity,"Identity verified against MEXT 2026-05-01 provisional F1 registry; English name, website, experimental code, former name, and corporation require later official-source enrichment."
univ_f114310104810,F114310104810,not_found,桐蔭横浜大学,not_found,桐蔭横浜大学,not_found,active,university,private,main,not_applicable,not_found,2250025,14,神奈川県,横浜市,神奈川県横浜市青葉区鉄町１６１４,not_found,https://www.mext.go.jp/content/20260529-mxt_chousa01-000011635_6.csv,2026-05-20,2026-07-14T02:34:06Z,2026-07-14T02:34:06Z,verified_registry_identity,"Identity verified against MEXT 2026-05-01 provisional F1 registry; English name, website, experimental code, former name, and corporation require later official-source enrichment."
univ_f114310104829,F114310104829,not_found,東洋英和女学院大学,not_found,東洋英和女学院大学,not_found,active,university,private,main,not_applicable,not_found,2260015,14,神奈川県,横浜市,神奈川県横浜市緑区三保町３２,not_found,https://www.mext.go.jp/content/20260529-mxt_chousa01-000011635_6.csv,2026-05-20,2026-07-14T02:34:06Z,2026-07-14T02:34:06Z,verified_registry_identity,"Identity verified against MEXT 2026-05-01 provisional F1 registry; English name, website, experimental code, former name, and corporation require later official-source enrichment."
univ_f114310104838,F114310104838,not_found,松蔭大学,not_found,松蔭大学,not_found,active,university,private,main,not_applicable,not_found,2430124,14,神奈川県,厚木市,神奈川県厚木市森の里若宮９番１号,not_found,https://www.mext.go.jp/content/20260529-mxt_chousa01-000011635_6.csv,2026-05-20,2026-07-14T02:34:06Z,2026-07-14T02:34:06Z,verified_registry_identity,"Identity verified against MEXT 2026-05-01 provisional F1 registry; English name, website, experimental code, former name, and corporation require later official-source enrichment."
univ_f114310104847,F114310104847,not_found,田園調布学園大学,not_found,田園調布学園大学,not_found,active,university,private,main,not_applicable,not_found,2158542,14,神奈川県,川崎市,神奈川県川崎市麻生区東百合丘三丁目４番１号,not_found,https://www.mext.go.jp/content/20260529-mxt_chousa01-000011635_6.csv,2026-05-20,2026-07-14T02:34:06Z,2026-07-14T02:34:06Z,verified_registry_identity,"Identity verified against MEXT 2026-05-01 provisional F1 registry; English name, website, experimental code, former name, and corporation require later official-source enrichment."
univ_f114310104856,F114310104856,not_found,横浜美術大学,not_found,横浜美術大学,not_found,active,university,private,main,not_applicable,not_found,2270033,14,神奈川県,横浜市,神奈川県横浜市青葉区鴨志田町１２０４番地,not_found,https://www.mext.go.jp/content/20260529-mxt_chousa01-000011635_6.csv,2026-05-20,2026-07-14T02:34:06Z,2026-07-14T02:34:06Z,verified_registry_identity,"Identity verified against MEXT 2026-05-01 provisional F1 registry; English name, website, experimental code, former name, and corporation require later official-source enrichment."
univ_f114310104865,F114310104865,not_found,日本映画大学,not_found,日本映画大学,not_found,active,university,private,main,not_applicable,not_found,2150004,14,神奈川県,川崎市,神奈川県川崎市麻生区万福寺一丁目１６－３０,not_found,https://www.mext.go.jp/content/20260529-mxt_chousa01-000011635_6.csv,2026-05-20,2026-07-14T02:34:06Z,2026-07-14T02:34:06Z,verified_registry_identity,"Identity verified against MEXT 2026-05-01 provisional F1 registry; English name, website, experimental code, former name, and corporation require later official-source enrichment."
univ_f114310104874,F114310104874,not_found,横浜創英大学,not_found,横浜創英大学,not_found,active,university,private,main,not_applicable,not_found,2260015,14,神奈川県,横浜市,神奈川県横浜市緑区三保町１番地,not_found,https://www.mext.go.jp/content/20260529-mxt_chousa01-000011635_6.csv,2026-05-20,2026-07-14T02:34:06Z,2026-07-14T02:34:06Z,verified_registry_identity,"Identity verified against MEXT 2026-05-01 provisional F1 registry; English name, website, experimental code, former name, and corporation require later official-source enrichment."
univ_f114310104883,F114310104883,not_found,湘南医療大学,not_found,湘南医療大学,not_found,active,university,private,main,not_applicable,not_found,2440806,14,神奈川県,横浜市,神奈川県横浜市戸塚区上品濃１６－４８,not_found,https://www.mext.go.jp/content/20260529-mxt_chousa01-000011635_6.csv,2026-05-20,2026-07-14T02:34:06Z,2026-07-14T02:34:06Z,verified_registry_identity,"Identity verified against MEXT 2026-05-01 provisional F1 registry; English name, website, experimental code, former name, and corporation require later official-source enrichment."
univ_f114310104892,F114310104892,not_found,湘南鎌倉医療大学,not_found,湘南鎌倉医療大学,not_found,active,university,private,main,not_applicable,not_found,2470066,14,神奈川県,鎌倉市,神奈川県鎌倉市山崎１１９５－３,not_found,https://www.mext.go.jp/content/20260529-mxt_chousa01-000011635_6.csv,2026-05-20,2026-07-14T02:34:06Z,2026-07-14T02:34:06Z,verified_registry_identity,"Identity verified against MEXT 2026-05-01 provisional F1 registry; English name, website, experimental code, former name, and corporation require later official-source enrichment."
univ_f114310104909,F114310104909,not_found,ビューティ＆ウェルネス専門職大学,not_found,ビューティ&ウェルネス専門職大学,not_found,active,university,private,main,not_applicable,not_found,2240012,14,神奈川県,横浜市,神奈川県横浜市都筑区牛久保３－９－３,not_found,https://www.mext.go.jp/content/20260529-mxt_chousa01-000011635_6.csv,2026-05-20,2026-07-14T02:34:06Z,2026-07-14T02:34:06Z,verified_registry_identity,"Identity verified against MEXT 2026-05-01 provisional F1 registry; English name, website, experimental code, former name, and corporation require later official-source enrichment."
univ_f114310104918,F114310104918,not_found,グローバルＢｉｚ専門職大学,not_found,グローバルBiz専門職大学,not_found,active,university,private,main,not_applicable,not_found,2100007,14,神奈川県,川崎市,神奈川県川崎市川崎区駅前本町２２－１,not_found,https://www.mext.go.jp/content/20260529-mxt_chousa01-000011635_6.csv,2026-05-20,2026-07-14T02:34:06Z,2026-07-14T02:34:06Z,verified_registry_identity,"Identity verified against MEXT 2026-05-01 provisional F1 registry; English name, website, experimental code, former name, and corporation require later official-source enrichment."
univ_f114310112053,F114310112053,not_found,ＺＥＮ大学,not_found,ZEN大学,not_found,active,university,private,main,not_applicable,not_found,2490007,14,神奈川県,逗子市,神奈川県逗子市新宿３丁目１２番１１号,not_found,https://www.mext.go.jp/content/20260529-mxt_chousa01-000011635_6.csv,2026-05-20,2026-07-14T02:34:06Z,2026-07-14T02:34:06Z,verified_registry_identity,"Identity verified against MEXT 2026-05-01 provisional F1 registry; English name, website, experimental code, former name, and corporation require later official-source enrichment."
univ_f115110105046,F115110105046,not_found,新潟大学,not_found,新潟大学,not_found,active,university,national,main,not_applicable,not_found,9502181,15,新潟県,新潟市,新潟県新潟市西区五十嵐２の町８０５０番地,not_found,https://www.mext.go.jp/content/20260529-mxt_chousa01-000011635_6.csv,2026-05-20,2026-07-14T02:34:06Z,2026-07-14T02:34:06Z,verified_registry_identity,"Identity verified against MEXT 2026-05-01 provisional F1 registry; English name, website, experimental code, former name, and corporation require later official-source enrichment."
univ_f115110105055,F115110105055,not_found,長岡技術科学大学,not_found,長岡技術科学大学,not_found,active,university,national,main,not_applicable,not_found,9402188,15,新潟県,長岡市,新潟県長岡市上富岡町１６０３－１,not_found,https://www.mext.go.jp/content/20260529-mxt_chousa01-000011635_6.csv,2026-05-20,2026-07-14T02:34:06Z,2026-07-14T02:34:06Z,verified_registry_identity,"Identity verified against MEXT 2026-05-01 provisional F1 registry; English name, website, experimental code, former name, and corporation require later official-source enrichment."
univ_f115110105064,F115110105064,not_found,上越教育大学,not_found,上越教育大学,not_found,active,university,national,main,not_applicable,not_found,9438512,15,新潟県,上越市,新潟県上越市山屋敷町１,not_found,https://www.mext.go.jp/content/20260529-mxt_chousa01-000011635_6.csv,2026-05-20,2026-07-14T02:34:06Z,2026-07-14T02:34:06Z,verified_registry_identity,"Identity verified against MEXT 2026-05-01 provisional F1 registry; English name, website, experimental code, former name, and corporation require later official-source enrichment."
univ_f115210105071,F115210105071,not_found,新潟県立看護大学,not_found,新潟県立看護大学,not_found,active,university,public,main,not_applicable,not_found,9430147,15,新潟県,上越市,新潟県上越市新南町２４０番地,not_found,https://www.mext.go.jp/content/20260529-mxt_chousa01-000011635_6.csv,2026-05-20,2026-07-14T02:34:06Z,2026-07-14T02:34:06Z,verified_registry_identity,"Identity verified against MEXT 2026-05-01 provisional F1 registry; English name, website, experimental code, former name, and corporation require later official-source enrichment."
univ_f115210105080,F115210105080,not_found,新潟県立大学,not_found,新潟県立大学,not_found,active,university,public,main,not_applicable,not_found,9508680,15,新潟県,新潟市,新潟県新潟市東区海老ケ瀬４７１,not_found,https://www.mext.go.jp/content/20260529-mxt_chousa01-000011635_6.csv,2026-05-20,2026-07-14T02:34:06Z,2026-07-14T02:34:06Z,verified_registry_identity,"Identity verified against MEXT 2026-05-01 provisional F1 registry; English name, website, experimental code, former name, and corporation require later official-source enrichment."
univ_f115210105099,F115210105099,not_found,長岡造形大学,not_found,長岡造形大学,not_found,active,university,public,main,not_applicable,not_found,9402088,15,新潟県,長岡市,新潟県長岡市千秋４丁目１９７番地,not_found,https://www.mext.go.jp/content/20260529-mxt_chousa01-000011635_6.csv,2026-05-20,2026-07-14T02:34:06Z,2026-07-14T02:34:06Z,verified_registry_identity,"Identity verified against MEXT 2026-05-01 provisional F1 registry; English name, website, experimental code, former name, and corporation require later official-source enrichment."
univ_f115210111849,F115210111849,not_found,三条市立大学,not_found,三条市立大学,not_found,active,university,public,main,not_applicable,not_found,9550091,15,新潟県,三条市,新潟県三条市上須頃５００２番地５,not_found,https://www.mext.go.jp/content/20260529-mxt_chousa01-000011635_6.csv,2026-05-20,2026-07-14T02:34:06Z,2026-07-14T02:34:06Z,verified_registry_identity,"Identity verified against MEXT 2026-05-01 provisional F1 registry; English name, website, experimental code, former name, and corporation require later official-source enrichment."
univ_f115310105104,F115310105104,not_found,長岡大学,not_found,長岡大学,not_found,active,university,private,main,not_applicable,not_found,9400828,15,新潟県,長岡市,新潟県長岡市御山町８０番地８,not_found,https://www.mext.go.jp/content/20260529-mxt_chousa01-000011635_6.csv,2026-05-20,2026-07-14T02:34:06Z,2026-07-14T02:34:06Z,verified_registry_identity,"Identity verified against MEXT 2026-05-01 provisional F1 registry; English name, website, experimental code, former name, and corporation require later official-source enrichment."
univ_f115310105113,F115310105113,not_found,新潟医療福祉大学,not_found,新潟医療福祉大学,not_found,active,university,private,main,not_applicable,not_found,9503198,15,新潟県,新潟市,新潟県新潟市北区島見町１３９８番地,not_found,https://www.mext.go.jp/content/20260529-mxt_chousa01-000011635_6.csv,2026-05-20,2026-07-14T02:34:06Z,2026-07-14T02:34:06Z,verified_registry_identity,"Identity verified against MEXT 2026-05-01 provisional F1 registry; English name, website, experimental code, former name, and corporation require later official-source enrichment."
univ_f115310105122,F115310105122,not_found,新潟青陵大学,not_found,新潟青陵大学,not_found,active,university,private,main,not_applicable,not_found,9518121,15,新潟県,新潟市,新潟県新潟市中央区水道町１丁目５９３９番地,not_found,https://www.mext.go.jp/content/20260529-mxt_chousa01-000011635_6.csv,2026-05-20,2026-07-14T02:34:06Z,2026-07-14T02:34:06Z,verified_registry_identity,"Identity verified against MEXT 2026-05-01 provisional F1 registry; English name, website, experimental code, former name, and corporation require later official-source enrichment."
univ_f115310105131,F115310105131,not_found,新潟工科大学,not_found,新潟工科大学,not_found,active,university,private,main,not_applicable,not_found,9451195,15,新潟県,柏崎市,新潟県柏崎市大字藤橋１７１９番地,not_found,https://www.mext.go.jp/content/20260529-mxt_chousa01-000011635_6.csv,2026-05-20,2026-07-14T02:34:06Z,2026-07-14T02:34:06Z,verified_registry_identity,"Identity verified against MEXT 2026-05-01 provisional F1 registry; English name, website, experimental code, former name, and corporation require later official-source enrichment."
univ_f115310105140,F115310105140,not_found,新潟経営大学,not_found,新潟経営大学,not_found,active,university,private,main,not_applicable,not_found,9591321,15,新潟県,加茂市,新潟県加茂市希望ケ丘２９０９－２,not_found,https://www.mext.go.jp/content/20260529-mxt_chousa01-000011635_6.csv,2026-05-20,2026-07-14T02:34:06Z,2026-07-14T02:34:06Z,verified_registry_identity,"Identity verified against MEXT 2026-05-01 provisional F1 registry; English name, website, experimental code, former name, and corporation require later official-source enrichment."
univ_f115310105159,F115310105159,not_found,新潟国際情報大学,not_found,新潟国際情報大学,not_found,active,university,private,main,not_applicable,not_found,9502292,15,新潟県,新潟市,新潟県新潟市西区みずき野３丁目１番１号,not_found,https://www.mext.go.jp/content/20260529-mxt_chousa01-000011635_6.csv,2026-05-20,2026-07-14T02:34:06Z,2026-07-14T02:34:06Z,verified_registry_identity,"Identity verified against MEXT 2026-05-01 provisional F1 registry; English name, website, experimental code, former name, and corporation require later official-source enrichment."
univ_f115310105168,F115310105168,not_found,敬和学園大学,not_found,敬和学園大学,not_found,active,university,private,main,not_applicable,not_found,9578585,15,新潟県,新発田市,新潟県新発田市富塚字三賀境１２７０,not_found,https://www.mext.go.jp/content/20260529-mxt_chousa01-000011635_6.csv,2026-05-20,2026-07-14T02:34:06Z,2026-07-14T02:34:06Z,verified_registry_identity,"Identity verified against MEXT 2026-05-01 provisional F1 registry; English name, website, experimental code, former name, and corporation require later official-source enrichment."
univ_f115310105177,F115310105177,not_found,新潟薬科大学,not_found,新潟薬科大学,not_found,active,university,private,main,not_applicable,not_found,9568603,15,新潟県,新潟市,新潟県新潟市秋葉区東島２６５－１,not_found,https://www.mext.go.jp/content/20260529-mxt_chousa01-000011635_6.csv,2026-05-20,2026-07-14T02:34:06Z,2026-07-14T02:34:06Z,verified_registry_identity,"Identity verified against MEXT 2026-05-01 provisional F1 registry; English name, website, experimental code, former name, and corporation require later official-source enrichment."
univ_f115310105186,F115310105186,not_found,国際大学,not_found,国際大学,not_found,active,university,private,main,not_applicable,not_found,9497277,15,新潟県,南魚沼市,新潟県南魚沼市国際町７７７,not_found,https://www.mext.go.jp/content/20260529-mxt_chousa01-000011635_6.csv,2026-05-20,2026-07-14T02:34:06Z,2026-07-14T02:34:06Z,verified_registry_identity,"Identity verified against MEXT 2026-05-01 provisional F1 registry; English name, website, experimental code, former name, and corporation require later official-source enrichment."
univ_f115310105195,F115310105195,not_found,新潟産業大学,not_found,新潟産業大学,not_found,active,university,private,main,not_applicable,not_found,9451393,15,新潟県,柏崎市,新潟県柏崎市大字軽井川４７３０,not_found,https://www.mext.go.jp/content/20260529-mxt_chousa01-000011635_6.csv,2026-05-20,2026-07-14T02:34:06Z,2026-07-14T02:34:06Z,verified_registry_identity,"Identity verified against MEXT 2026-05-01 provisional F1 registry; English name, website, experimental code, former name, and corporation require later official-source enrichment."
univ_f115310105202,F115310105202,not_found,開志創造?学,not_found,開志創造?学,not_found,active,university,private,main,not_applicable,not_found,9500916,15,新潟県,新潟市,新潟県新潟市中央区米山三丁目１番４６号,not_found,https://www.mext.go.jp/content/20260529-mxt_chousa01-000011635_6.csv,2026-05-20,2026-07-14T02:34:06Z,2026-07-14T02:34:06Z,verified_registry_identity,"Identity verified against MEXT 2026-05-01 provisional F1 registry; English name, website, experimental code, former name, and corporation require later official-source enrichment."
univ_f115310105211,F115310105211,not_found,新潟リハビリテーション大学,not_found,新潟リハビリテーション大学,not_found,active,university,private,main,not_applicable,not_found,9580053,15,新潟県,村上市,新潟県村上市上の山２番１６号,not_found,https://www.mext.go.jp/content/20260529-mxt_chousa01-000011635_6.csv,2026-05-20,2026-07-14T02:34:06Z,2026-07-14T02:34:06Z,verified_registry_identity,"Identity verified against MEXT 2026-05-01 provisional F1 registry; English name, website, experimental code, former name, and corporation require later official-source enrichment."
univ_f115310105220,F115310105220,not_found,新潟食料農業大学,not_found,新潟食料農業大学,not_found,active,university,private,main,not_applicable,not_found,9503197,15,新潟県,新潟市,新潟県新潟市北区島見町９４０番地,not_found,https://www.mext.go.jp/content/20260529-mxt_chousa01-000011635_6.csv,2026-05-20,2026-07-14T02:34:06Z,2026-07-14T02:34:06Z,verified_registry_identity,"Identity verified against MEXT 2026-05-01 provisional F1 registry; English name, website, experimental code, former name, and corporation require later official-source enrichment."
univ_f115310105239,F115310105239,not_found,開志専門職大学,not_found,開志専門職大学,not_found,active,university,private,main,not_applicable,not_found,9500914,15,新潟県,新潟市,新潟県新潟市中央区紫竹山６－３－５,not_found,https://www.mext.go.jp/content/20260529-mxt_chousa01-000011635_6.csv,2026-05-20,2026-07-14T02:34:06Z,2026-07-14T02:34:06Z,verified_registry_identity,"Identity verified against MEXT 2026-05-01 provisional F1 registry; English name, website, experimental code, former name, and corporation require later official-source enrichment."
univ_f115310105248,F115310105248,not_found,長岡崇徳大学,not_found,長岡崇徳大学,not_found,active,university,private,main,not_applicable,not_found,9402135,15,新潟県,長岡市,新潟県長岡市深沢町２２７８－８,not_found,https://www.mext.go.jp/content/20260529-mxt_chousa01-000011635_6.csv,2026-05-20,2026-07-14T02:34:06Z,2026-07-14T02:34:06Z,verified_registry_identity,"Identity verified against MEXT 2026-05-01 provisional F1 registry; English name, website, experimental code, former name, and corporation require later official-source enrichment."
univ_f116110105312,F116110105312,not_found,富山大学,not_found,富山大学,not_found,active,university,national,main,not_applicable,not_found,9308555,16,富山県,富山市,富山県富山市五福３１９０,not_found,https://www.mext.go.jp/content/20260529-mxt_chousa01-000011635_6.csv,2026-05-20,2026-07-14T02:34:06Z,2026-07-14T02:34:06Z,verified_registry_identity,"Identity verified against MEXT 2026-05-01 provisional F1 registry; English name, website, experimental code, former name, and corporation require later official-source enrichment."
univ_f116210105329,F116210105329,not_found,富山県立大学,not_found,富山県立大学,not_found,active,university,public,main,not_applicable,not_found,9390398,16,富山県,射水市,富山県射水市黒河５１８０,not_found,https://www.mext.go.jp/content/20260529-mxt_chousa01-000011635_6.csv,2026-05-20,2026-07-14T02:34:06Z,2026-07-14T02:34:06Z,verified_registry_identity,"Identity verified against MEXT 2026-05-01 provisional F1 registry; English name, website, experimental code, former name, and corporation require later official-source enrichment."
univ_f116310105336,F116310105336,not_found,高岡法科大学,not_found,高岡法科大学,not_found,active,university,private,main,not_applicable,not_found,9391193,16,富山県,高岡市,富山県高岡市戸出石代３０７－３,not_found,https://www.mext.go.jp/content/20260529-mxt_chousa01-000011635_6.csv,2026-05-20,2026-07-14T02:34:06Z,2026-07-14T02:34:06Z,verified_registry_identity,"Identity verified against MEXT 2026-05-01 provisional F1 registry; English name, website, experimental code, former name, and corporation require later official-source enrichment."
univ_f116310105345,F116310105345,not_found,富山国際大学,not_found,富山国際大学,not_found,active,university,private,main,not_applicable,not_found,9301292,16,富山県,富山市,富山県富山市東黒牧６５－１,not_found,https://www.mext.go.jp/content/20260529-mxt_chousa01-000011635_6.csv,2026-05-20,2026-07-14T02:34:06Z,2026-07-14T02:34:06Z,verified_registry_identity,"Identity verified against MEXT 2026-05-01 provisional F1 registry; English name, website, experimental code, former name, and corporation require later official-source enrichment."
univ_f116310105354,F116310105354,not_found,桐朋学園大学院大学,not_found,桐朋学園大学院大学,not_found,active,university,private,main,not_applicable,not_found,9300138,16,富山県,富山市,富山県富山市呉羽町１８８４番地１７,not_found,https://www.mext.go.jp/content/20260529-mxt_chousa01-000011635_6.csv,2026-05-20,2026-07-14T02:34:06Z,2026-07-14T02:34:06Z,verified_registry_identity,"Identity verified against MEXT 2026-05-01 provisional F1 registry; English name, website, experimental code, former name, and corporation require later official-source enrichment."
univ_f117110105393,F117110105393,not_found,金沢大学,not_found,金沢大学,not_found,active,university,national,main,not_applicable,not_found,9201192,17,石川県,金沢市,石川県金沢市角間町,not_found,https://www.mext.go.jp/content/20260529-mxt_chousa01-000011635_6.csv,2026-05-20,2026-07-14T02:34:06Z,2026-07-14T02:34:06Z,verified_registry_identity,"Identity verified against MEXT 2026-05-01 provisional F1 registry; English name, website, experimental code, former name, and corporation require later official-source enrichment."
univ_f117110105400,F117110105400,not_found,北陸先端科学技術大学院大学,not_found,北陸先端科学技術大学院大学,not_found,active,university,national,main,not_applicable,not_found,9231292,17,石川県,能美市,石川県能美市旭台１－１,not_found,https://www.mext.go.jp/content/20260529-mxt_chousa01-000011635_6.csv,2026-05-20,2026-07-14T02:34:06Z,2026-07-14T02:34:06Z,verified_registry_identity,"Identity verified against MEXT 2026-05-01 provisional F1 registry; English name, website, experimental code, former name, and corporation require later official-source enrichment."
univ_f117210105417,F117210105417,not_found,公立小松大学,not_found,公立小松大学,not_found,active,university,public,main,not_applicable,not_found,9238511,17,石川県,小松市,石川県小松市四丁町ヌ１－３,not_found,https://www.mext.go.jp/content/20260529-mxt_chousa01-000011635_6.csv,2026-05-20,2026-07-14T02:34:06Z,2026-07-14T02:34:06Z,verified_registry_identity,"Identity verified against MEXT 2026-05-01 provisional F1 registry; English name, website, experimental code, former name, and corporation require later official-source enrichment."
univ_f117210105426,F117210105426,not_found,石川県立大学,not_found,石川県立大学,not_found,active,university,public,main,not_applicable,not_found,9218836,17,石川県,野々市市,石川県野々市市末松１丁目３０８番地,not_found,https://www.mext.go.jp/content/20260529-mxt_chousa01-000011635_6.csv,2026-05-20,2026-07-14T02:34:06Z,2026-07-14T02:34:06Z,verified_registry_identity,"Identity verified against MEXT 2026-05-01 provisional F1 registry; English name, website, experimental code, former name, and corporation require later official-source enrichment."
univ_f117210105435,F117210105435,not_found,金沢美術工芸大学,not_found,金沢美術工芸大学,not_found,active,university,public,main,not_applicable,not_found,9208656,17,石川県,金沢市,石川県金沢市小立野２－４０－１,not_found,https://www.mext.go.jp/content/20260529-mxt_chousa01-000011635_6.csv,2026-05-20,2026-07-14T02:34:06Z,2026-07-14T02:34:06Z,verified_registry_identity,"Identity verified against MEXT 2026-05-01 provisional F1 registry; English name, website, experimental code, former name, and corporation require later official-source enrichment."
univ_f117210105444,F117210105444,not_found,石川県立看護大学,not_found,石川県立看護大学,not_found,active,university,public,main,not_applicable,not_found,9291210,17,石川県,かほく市,石川県かほく市学園台１丁目１番地,not_found,https://www.mext.go.jp/content/20260529-mxt_chousa01-000011635_6.csv,2026-05-20,2026-07-14T02:34:06Z,2026-07-14T02:34:06Z,verified_registry_identity,"Identity verified against MEXT 2026-05-01 provisional F1 registry; English name, website, experimental code, former name, and corporation require later official-source enrichment."
univ_f117310105451,F117310105451,not_found,金沢星稜大学,not_found,金沢星稜大学,not_found,active,university,private,main,not_applicable,not_found,9208620,17,石川県,金沢市,石川県金沢市御所町丑１０－１,not_found,https://www.mext.go.jp/content/20260529-mxt_chousa01-000011635_6.csv,2026-05-20,2026-07-14T02:34:06Z,2026-07-14T02:34:06Z,verified_registry_identity,"Identity verified against MEXT 2026-05-01 provisional F1 registry; English name, website, experimental code, former name, and corporation require later official-source enrichment."
univ_f117310105460,F117310105460,not_found,金沢工業大学,not_found,金沢工業大学,not_found,active,university,private,main,not_applicable,not_found,9218501,17,石川県,野々市市,石川県野々市市扇が丘７－１,not_found,https://www.mext.go.jp/content/20260529-mxt_chousa01-000011635_6.csv,2026-05-20,2026-07-14T02:34:06Z,2026-07-14T02:34:06Z,verified_registry_identity,"Identity verified against MEXT 2026-05-01 provisional F1 registry; English name, website, experimental code, former name, and corporation require later official-source enrichment."
univ_f117310105479,F117310105479,not_found,金沢医科大学,not_found,金沢医科大学,not_found,active,university,private,main,not_applicable,not_found,9200293,17,石川県,河北郡内灘町,石川県河北郡内灘町字大学１－１,not_found,https://www.mext.go.jp/content/20260529-mxt_chousa01-000011635_6.csv,2026-05-20,2026-07-14T02:34:06Z,2026-07-14T02:34:06Z,verified_registry_identity,"Identity verified against MEXT 2026-05-01 provisional F1 registry; English name, website, experimental code, former name, and corporation require later official-source enrichment."
univ_f117310105488,F117310105488,not_found,北陸大学,not_found,北陸大学,not_found,active,university,private,main,not_applicable,not_found,9201148,17,石川県,金沢市,石川県金沢市太陽が丘１－１,not_found,https://www.mext.go.jp/content/20260529-mxt_chousa01-000011635_6.csv,2026-05-20,2026-07-14T02:34:06Z,2026-07-14T02:34:06Z,verified_registry_identity,"Identity verified against MEXT 2026-05-01 provisional F1 registry; English name, website, experimental code, former name, and corporation require later official-source enrichment."
univ_f117310105497,F117310105497,not_found,金沢学院大学,not_found,金沢学院大学,not_found,active,university,private,main,not_applicable,not_found,9201302,17,石川県,金沢市,石川県金沢市末町１０－５,not_found,https://www.mext.go.jp/content/20260529-mxt_chousa01-000011635_6.csv,2026-05-20,2026-07-14T02:34:06Z,2026-07-14T02:34:06Z,verified_registry_identity,"Identity verified against MEXT 2026-05-01 provisional F1 registry; English name, website, experimental code, former name, and corporation require later official-source enrichment."
univ_f117310105503,F117310105503,not_found,金城大学,not_found,金城大学,not_found,active,university,private,main,not_applicable,not_found,9240063,17,石川県,白山市,石川県白山市笠間町１２００番地,not_found,https://www.mext.go.jp/content/20260529-mxt_chousa01-000011635_6.csv,2026-05-20,2026-07-14T02:34:06Z,2026-07-14T02:34:06Z,verified_registry_identity,"Identity verified against MEXT 2026-05-01 provisional F1 registry; English name, website, experimental code, former name, and corporation require later official-source enrichment."
univ_f117310105512,F117310105512,not_found,北陸学院大学,not_found,北陸学院大学,not_found,active,university,private,main,not_applicable,not_found,9201346,17,石川県,金沢市,石川県金沢市三小牛町イ１１番地,not_found,https://www.mext.go.jp/content/20260529-mxt_chousa01-000011635_6.csv,2026-05-20,2026-07-14T02:34:06Z,2026-07-14T02:34:06Z,verified_registry_identity,"Identity verified against MEXT 2026-05-01 provisional F1 registry; English name, website, experimental code, former name, and corporation require later official-source enrichment."
univ_f117310111854,F117310111854,not_found,かなざわ食マネジメント専門職大学,not_found,かなざわ食マネジメント専門職大学,not_found,active,university,private,main,not_applicable,not_found,9240011,17,石川県,白山市,石川県白山市横江町５２５０,not_found,https://www.mext.go.jp/content/20260529-mxt_chousa01-000011635_6.csv,2026-05-20,2026-07-14T02:34:06Z,2026-07-14T02:34:06Z,verified_registry_identity,"Identity verified against MEXT 2026-05-01 provisional F1 registry; English name, website, experimental code, former name, and corporation require later official-source enrichment."
univ_f118110105597,F118110105597,not_found,福井大学,not_found,福井大学,not_found,active,university,national,main,not_applicable,not_found,9108507,18,福井県,福井市,福井県福井市文京３－９－１,not_found,https://www.mext.go.jp/content/20260529-mxt_chousa01-000011635_6.csv,2026-05-20,2026-07-14T02:34:06Z,2026-07-14T02:34:06Z,verified_registry_identity,"Identity verified against MEXT 2026-05-01 provisional F1 registry; English name, website, experimental code, former name, and corporation require later official-source enrichment."
univ_f118210105602,F118210105602,not_found,福井県立大学,not_found,福井県立大学,not_found,active,university,public,main,not_applicable,not_found,9101195,18,福井県,吉田郡永平寺町,福井県吉田郡永平寺町松岡兼定島４－１－１,not_found,https://www.mext.go.jp/content/20260529-mxt_chousa01-000011635_6.csv,2026-05-20,2026-07-14T02:34:06Z,2026-07-14T02:34:06Z,verified_registry_identity,"Identity verified against MEXT 2026-05-01 provisional F1 registry; English name, website, experimental code, former name, and corporation require later official-source enrichment."
univ_f118210105611,F118210105611,not_found,敦賀市立看護大学,not_found,敦賀市立看護大学,not_found,active,university,public,main,not_applicable,not_found,9140814,18,福井県,敦賀市,福井県敦賀市木崎７８－２－１,not_found,https://www.mext.go.jp/content/20260529-mxt_chousa01-000011635_6.csv,2026-05-20,2026-07-14T02:34:06Z,2026-07-14T02:34:06Z,verified_registry_identity,"Identity verified against MEXT 2026-05-01 provisional F1 registry; English name, website, experimental code, former name, and corporation require later official-source enrichment."
univ_f118310105628,F118310105628,not_found,福井工業大学,not_found,福井工業大学,not_found,active,university,private,main,not_applicable,not_found,9100028,18,福井県,福井市,福井県福井市学園３－６－１,not_found,https://www.mext.go.jp/content/20260529-mxt_chousa01-000011635_6.csv,2026-05-20,2026-07-14T02:34:06Z,2026-07-14T02:34:06Z,verified_registry_identity,"Identity verified against MEXT 2026-05-01 provisional F1 registry; English name, website, experimental code, former name, and corporation require later official-source enrichment."
univ_f118310105637,F118310105637,not_found,仁愛大学,not_found,仁愛大学,not_found,active,university,private,main,not_applicable,not_found,9158586,18,福井県,越前市,福井県越前市大手町３－１－１,not_found,https://www.mext.go.jp/content/20260529-mxt_chousa01-000011635_6.csv,2026-05-20,2026-07-14T02:34:06Z,2026-07-14T02:34:06Z,verified_registry_identity,"Identity verified against MEXT 2026-05-01 provisional F1 registry; English name, website, experimental code, former name, and corporation require later official-source enrichment."
univ_f118310105646,F118310105646,not_found,福井医療大学,not_found,福井医療大学,not_found,active,university,private,main,not_applicable,not_found,9103190,18,福井県,福井市,福井県福井市江上町５５－１３－１,not_found,https://www.mext.go.jp/content/20260529-mxt_chousa01-000011635_6.csv,2026-05-20,2026-07-14T02:34:06Z,2026-07-14T02:34:06Z,verified_registry_identity,"Identity verified against MEXT 2026-05-01 provisional F1 registry; English name, website, experimental code, former name, and corporation require later official-source enrichment."
univ_f119110105676,F119110105676,not_found,山梨大学,not_found,山梨大学,not_found,active,university,national,main,not_applicable,not_found,4008510,19,山梨県,甲府市,山梨県甲府市武田４－４－３７,not_found,https://www.mext.go.jp/content/20260529-mxt_chousa01-000011635_6.csv,2026-05-20,2026-07-14T02:34:06Z,2026-07-14T02:34:06Z,verified_registry_identity,"Identity verified against MEXT 2026-05-01 provisional F1 registry; English name, website, experimental code, former name, and corporation require later official-source enrichment."
univ_f119210105683,F119210105683,not_found,都留文科大学,not_found,都留文科大学,not_found,active,university,public,main,not_applicable,not_found,4020054,19,山梨県,都留市,山梨県都留市田原３－８－１,not_found,https://www.mext.go.jp/content/20260529-mxt_chousa01-000011635_6.csv,2026-05-20,2026-07-14T02:34:06Z,2026-07-14T02:34:06Z,verified_registry_identity,"Identity verified against MEXT 2026-05-01 provisional F1 registry; English name, website, experimental code, former name, and corporation require later official-source enrichment."
univ_f119210105692,F119210105692,not_found,山梨県立大学,not_found,山梨県立大学,not_found,active,university,public,main,not_applicable,not_found,4000035,19,山梨県,甲府市,山梨県甲府市飯田５－１１－１,not_found,https://www.mext.go.jp/content/20260529-mxt_chousa01-000011635_6.csv,2026-05-20,2026-07-14T02:34:06Z,2026-07-14T02:34:06Z,verified_registry_identity,"Identity verified against MEXT 2026-05-01 provisional F1 registry; English name, website, experimental code, former name, and corporation require later official-source enrichment."
univ_f119310105707,F119310105707,not_found,山梨学院大学,not_found,山梨学院大学,not_found,active,university,private,main,not_applicable,not_found,4008575,19,山梨県,甲府市,山梨県甲府市酒折２－４－５,not_found,https://www.mext.go.jp/content/20260529-mxt_chousa01-000011635_6.csv,2026-05-20,2026-07-14T02:34:06Z,2026-07-14T02:34:06Z,verified_registry_identity,"Identity verified against MEXT 2026-05-01 provisional F1 registry; English name, website, experimental code, former name, and corporation require later official-source enrichment."
univ_f119310105716,F119310105716,not_found,身延山大学,not_found,身延山大学,not_found,active,university,private,main,not_applicable,not_found,4092597,19,山梨県,南巨摩郡身延町,山梨県南巨摩郡身延町身延３５６７,not_found,https://www.mext.go.jp/content/20260529-mxt_chousa01-000011635_6.csv,2026-05-20,2026-07-14T02:34:06Z,2026-07-14T02:34:06Z,verified_registry_identity,"Identity verified against MEXT 2026-05-01 provisional F1 registry; English name, website, experimental code, former name, and corporation require later official-source enrichment."
univ_f119310105725,F119310105725,not_found,山梨英和大学,not_found,山梨英和大学,not_found,active,university,private,main,not_applicable,not_found,4008555,19,山梨県,甲府市,山梨県甲府市横根町八八八番地,not_found,https://www.mext.go.jp/content/20260529-mxt_chousa01-000011635_6.csv,2026-05-20,2026-07-14T02:34:06Z,2026-07-14T02:34:06Z,verified_registry_identity,"Identity verified against MEXT 2026-05-01 provisional F1 registry; English name, website, experimental code, former name, and corporation require later official-source enrichment."
univ_f119310105734,F119310105734,not_found,健康科学大学,not_found,健康科学大学,not_found,active,university,private,main,not_applicable,not_found,4010380,19,山梨県,南都留郡富士河口湖町,山梨県南都留郡富士河口湖町小立７１８７,not_found,https://www.mext.go.jp/content/20260529-mxt_chousa01-000011635_6.csv,2026-05-20,2026-07-14T02:34:06Z,2026-07-14T02:34:06Z,verified_registry_identity,"Identity verified against MEXT 2026-05-01 provisional F1 registry; English name, website, experimental code, former name, and corporation require later official-source enrichment."
univ_f120110105771,F120110105771,not_found,信州大学,not_found,信州大学,not_found,active,university,national,main,not_applicable,not_found,3908621,20,長野県,松本市,長野県松本市旭３－１－１,not_found,https://www.mext.go.jp/content/20260529-mxt_chousa01-000011635_6.csv,2026-05-20,2026-07-14T02:34:06Z,2026-07-14T02:34:06Z,verified_registry_identity,"Identity verified against MEXT 2026-05-01 provisional F1 registry; English name, website, experimental code, former name, and corporation require later official-source enrichment."
univ_f120210105788,F120210105788,not_found,公立諏訪東京理科大学,not_found,公立諏訪東京理科大学,not_found,active,university,public,main,not_applicable,not_found,3910292,20,長野県,茅野市,長野県茅野市豊平５０００－１,not_found,https://www.mext.go.jp/content/20260529-mxt_chousa01-000011635_6.csv,2026-05-20,2026-07-14T02:34:06Z,2026-07-14T02:34:06Z,verified_registry_identity,"Identity verified against MEXT 2026-05-01 provisional F1 registry; English name, website, experimental code, former name, and corporation require later official-source enrichment."
univ_f120210105797,F120210105797,not_found,長野県立大学,not_found,長野県立大学,not_found,active,university,public,main,not_applicable,not_found,3808525,20,長野県,長野市,長野県長野市三輪８－４９－７,not_found,https://www.mext.go.jp/content/20260529-mxt_chousa01-000011635_6.csv,2026-05-20,2026-07-14T02:34:06Z,2026-07-14T02:34:06Z,verified_registry_identity,"Identity verified against MEXT 2026-05-01 provisional F1 registry; English name, website, experimental code, former name, and corporation require later official-source enrichment."
univ_f120210105804,F120210105804,not_found,長野県看護大学,not_found,長野県看護大学,not_found,active,university,public,main,not_applicable,not_found,3994117,20,長野県,駒ケ根市,長野県駒ケ根市赤穂１６９４,not_found,https://www.mext.go.jp/content/20260529-mxt_chousa01-000011635_6.csv,2026-05-20,2026-07-14T02:34:06Z,2026-07-14T02:34:06Z,verified_registry_identity,"Identity verified against MEXT 2026-05-01 provisional F1 registry; English name, website, experimental code, former name, and corporation require later official-source enrichment."
univ_f120210105813,F120210105813,not_found,長野大学,not_found,長野大学,not_found,active,university,public,main,not_applicable,not_found,3861298,20,長野県,上田市,長野県上田市下之郷６５８－１,not_found,https://www.mext.go.jp/content/20260529-mxt_chousa01-000011635_6.csv,2026-05-20,2026-07-14T02:34:06Z,2026-07-14T02:34:06Z,verified_registry_identity,"Identity verified against MEXT 2026-05-01 provisional F1 registry; English name, website, experimental code, former name, and corporation require later official-source enrichment."
univ_f120310105820,F120310105820,not_found,松本歯科大学,not_found,松本歯科大学,not_found,active,university,private,main,not_applicable,not_found,3990781,20,長野県,塩尻市,長野県塩尻市広丘郷原１７８０番地,not_found,https://www.mext.go.jp/content/20260529-mxt_chousa01-000011635_6.csv,2026-05-20,2026-07-14T02:34:06Z,2026-07-14T02:34:06Z,verified_registry_identity,"Identity verified against MEXT 2026-05-01 provisional F1 registry; English name, website, experimental code, former name, and corporation require later official-source enrichment."
univ_f120310105839,F120310105839,not_found,松本大学,not_found,松本大学,not_found,active,university,private,main,not_applicable,not_found,3901295,20,長野県,松本市,長野県松本市新村２０９５－１,not_found,https://www.mext.go.jp/content/20260529-mxt_chousa01-000011635_6.csv,2026-05-20,2026-07-14T02:34:06Z,2026-07-14T02:34:06Z,verified_registry_identity,"Identity verified against MEXT 2026-05-01 provisional F1 registry; English name, website, experimental code, former name, and corporation require later official-source enrichment."
univ_f120310105848,F120310105848,not_found,清泉大学,not_found,清泉大学,not_found,active,university,private,main,not_applicable,not_found,3810085,20,長野県,長野市,長野県長野市上野二丁目１２０番地８,not_found,https://www.mext.go.jp/content/20260529-mxt_chousa01-000011635_6.csv,2026-05-20,2026-07-14T02:34:06Z,2026-07-14T02:34:06Z,verified_registry_identity,"Identity verified against MEXT 2026-05-01 provisional F1 registry; English name, website, experimental code, former name, and corporation require later official-source enrichment."
univ_f120310105857,F120310105857,not_found,佐久大学,not_found,佐久大学,not_found,active,university,private,main,not_applicable,not_found,3850022,20,長野県,佐久市,長野県佐久市岩村田２３８４番地,not_found,https://www.mext.go.jp/content/20260529-mxt_chousa01-000011635_6.csv,2026-05-20,2026-07-14T02:34:06Z,2026-07-14T02:34:06Z,verified_registry_identity,"Identity verified against MEXT 2026-05-01 provisional F1 registry; English name, website, experimental code, former name, and corporation require later official-source enrichment."
univ_f120310105866,F120310105866,not_found,長野保健医療大学,not_found,長野保健医療大学,not_found,active,university,private,main,not_applicable,not_found,3812227,20,長野県,長野市,長野県長野市川中島町今井原１１－１,not_found,https://www.mext.go.jp/content/20260529-mxt_chousa01-000011635_6.csv,2026-05-20,2026-07-14T02:34:06Z,2026-07-14T02:34:06Z,verified_registry_identity,"Identity verified against MEXT 2026-05-01 provisional F1 registry; English name, website, experimental code, former name, and corporation require later official-source enrichment."
univ_f120310111868,F120310111868,not_found,松本看護大学,not_found,松本看護大学,not_found,active,university,private,main,not_applicable,not_found,3990033,20,長野県,松本市,長野県松本市笹賀３１１８,not_found,https://www.mext.go.jp/content/20260529-mxt_chousa01-000011635_6.csv,2026-05-20,2026-07-14T02:34:06Z,2026-07-14T02:34:06Z,verified_registry_identity,"Identity verified against MEXT 2026-05-01 provisional F1 registry; English name, website, experimental code, former name, and corporation require later official-source enrichment."
univ_f121110105976,F121110105976,not_found,岐阜大学,not_found,岐阜大学,not_found,active,university,national,main,not_applicable,not_found,5011193,21,岐阜県,岐阜市,岐阜県岐阜市柳戸１－１,not_found,https://www.mext.go.jp/content/20260529-mxt_chousa01-000011635_6.csv,2026-05-20,2026-07-14T02:34:06Z,2026-07-14T02:34:06Z,verified_registry_identity,"Identity verified against MEXT 2026-05-01 provisional F1 registry; English name, website, experimental code, former name, and corporation require later official-source enrichment."
univ_f121210105983,F121210105983,not_found,岐阜薬科大学,not_found,岐阜薬科大学,not_found,active,university,public,main,not_applicable,not_found,5011196,21,岐阜県,岐阜市,岐阜県岐阜市大学西１－２５－４,not_found,https://www.mext.go.jp/content/20260529-mxt_chousa01-000011635_6.csv,2026-05-20,2026-07-14T02:34:06Z,2026-07-14T02:34:06Z,verified_registry_identity,"Identity verified against MEXT 2026-05-01 provisional F1 registry; English name, website, experimental code, former name, and corporation require later official-source enrichment."
univ_f121210105992,F121210105992,not_found,岐阜県立看護大学,not_found,岐阜県立看護大学,not_found,active,university,public,main,not_applicable,not_found,5016295,21,岐阜県,羽島市,岐阜県羽島市江吉良町字神宮３０４７番１,not_found,https://www.mext.go.jp/content/20260529-mxt_chousa01-000011635_6.csv,2026-05-20,2026-07-14T02:34:06Z,2026-07-14T02:34:06Z,verified_registry_identity,"Identity verified against MEXT 2026-05-01 provisional F1 registry; English name, website, experimental code, former name, and corporation require later official-source enrichment."
univ_f121210106009,F121210106009,not_found,情報科学芸術大学院大学,not_found,情報科学芸術大学院大学,not_found,active,university,public,main,not_applicable,not_found,5030006,21,岐阜県,大垣市,岐阜県大垣市加賀野４丁目１番地７,not_found,https://www.mext.go.jp/content/20260529-mxt_chousa01-000011635_6.csv,2026-05-20,2026-07-14T02:34:06Z,2026-07-14T02:34:06Z,verified_registry_identity,"Identity verified against MEXT 2026-05-01 provisional F1 registry; English name, website, experimental code, former name, and corporation require later official-source enrichment."
univ_f121310106016,F121310106016,not_found,中京学院大学,not_found,中京学院大学,not_found,active,university,private,main,not_applicable,not_found,5099195,21,岐阜県,中津川市,岐阜県中津川市千旦林１番地の１０４,not_found,https://www.mext.go.jp/content/20260529-mxt_chousa01-000011635_6.csv,2026-05-20,2026-07-14T02:34:06Z,2026-07-14T02:34:06Z,verified_registry_identity,"Identity verified against MEXT 2026-05-01 provisional F1 registry; English name, website, experimental code, former name, and corporation require later official-source enrichment."
univ_f121310106025,F121310106025,not_found,岐阜協立大学,not_found,岐阜協立大学,not_found,active,university,private,main,not_applicable,not_found,5030019,21,岐阜県,大垣市,岐阜県大垣市北方町５－５０,not_found,https://www.mext.go.jp/content/20260529-mxt_chousa01-000011635_6.csv,2026-05-20,2026-07-14T02:34:06Z,2026-07-14T02:34:06Z,verified_registry_identity,"Identity verified against MEXT 2026-05-01 provisional F1 registry; English name, website, experimental code, former name, and corporation require later official-source enrichment."
univ_f121310106034,F121310106034,not_found,岐阜女子大学,not_found,岐阜女子大学,not_found,active,university,private,main,not_applicable,not_found,5012592,21,岐阜県,岐阜市,岐阜県岐阜市太郎丸８０,not_found,https://www.mext.go.jp/content/20260529-mxt_chousa01-000011635_6.csv,2026-05-20,2026-07-14T02:34:06Z,2026-07-14T02:34:06Z,verified_registry_identity,"Identity verified against MEXT 2026-05-01 provisional F1 registry; English name, website, experimental code, former name, and corporation require later official-source enrichment."
univ_f121310106043,F121310106043,not_found,朝日大学,not_found,朝日大学,not_found,active,university,private,main,not_applicable,not_found,5010296,21,岐阜県,瑞穂市,岐阜県瑞穂市穂積１８５１番地の１,not_found,https://www.mext.go.jp/content/20260529-mxt_chousa01-000011635_6.csv,2026-05-20,2026-07-14T02:34:06Z,2026-07-14T02:34:06Z,verified_registry_identity,"Identity verified against MEXT 2026-05-01 provisional F1 registry; English name, website, experimental code, former name, and corporation require later official-source enrichment."
univ_f121310106052,F121310106052,not_found,岐阜聖徳学園大学,not_found,岐阜聖徳学園大学,not_found,active,university,private,main,not_applicable,not_found,5016194,21,岐阜県,岐阜市,岐阜県岐阜市柳津町高桑西１－１,not_found,https://www.mext.go.jp/content/20260529-mxt_chousa01-000011635_6.csv,2026-05-20,2026-07-14T02:34:06Z,2026-07-14T02:34:06Z,verified_registry_identity,"Identity verified against MEXT 2026-05-01 provisional F1 registry; English name, website, experimental code, former name, and corporation require later official-source enrichment."
univ_f121310106061,F121310106061,not_found,東海学院大学,not_found,東海学院大学,not_found,active,university,private,main,not_applicable,not_found,5048511,21,岐阜県,各務原市,岐阜県各務原市那加桐野町５－６８,not_found,https://www.mext.go.jp/content/20260529-mxt_chousa01-000011635_6.csv,2026-05-20,2026-07-14T02:34:06Z,2026-07-14T02:34:06Z,verified_registry_identity,"Identity verified against MEXT 2026-05-01 provisional F1 registry; English name, website, experimental code, former name, and corporation require later official-source enrichment."
univ_f121310106070,F121310106070,not_found,中部学院大学,not_found,中部学院大学,not_found,active,university,private,main,not_applicable,not_found,5013993,21,岐阜県,関市,岐阜県関市桐ヶ丘２－１,not_found,https://www.mext.go.jp/content/20260529-mxt_chousa01-000011635_6.csv,2026-05-20,2026-07-14T02:34:06Z,2026-07-14T02:34:06Z,verified_registry_identity,"Identity verified against MEXT 2026-05-01 provisional F1 registry; English name, website, experimental code, former name, and corporation require later official-source enrichment."
univ_f121310106089,F121310106089,not_found,岐阜医療科学大学,not_found,岐阜医療科学大学,not_found,active,university,private,main,not_applicable,not_found,5013892,21,岐阜県,関市,岐阜県関市市平賀字長峰７９５番地の１,not_found,https://www.mext.go.jp/content/20260529-mxt_chousa01-000011635_6.csv,2026-05-20,2026-07-14T02:34:06Z,2026-07-14T02:34:06Z,verified_registry_identity,"Identity verified against MEXT 2026-05-01 provisional F1 registry; English name, website, experimental code, former name, and corporation require later official-source enrichment."
univ_f121310106098,F121310106098,not_found,岐阜保健大学,not_found,岐阜保健大学,not_found,active,university,private,main,not_applicable,not_found,5008281,21,岐阜県,岐阜市,岐阜県岐阜市東鶉２－９２,not_found,https://www.mext.go.jp/content/20260529-mxt_chousa01-000011635_6.csv,2026-05-20,2026-07-14T02:34:06Z,2026-07-14T02:34:06Z,verified_registry_identity,"Identity verified against MEXT 2026-05-01 provisional F1 registry; English name, website, experimental code, former name, and corporation require later official-source enrichment."
univ_f121310106105,F121310106105,not_found,コー・イノベーション大学,not_found,コー・イノベーション大学,not_found,active,university,private,main,not_applicable,not_found,5094225,21,岐阜県,飛騨市,岐阜県飛騨市古川町金森町１１番地１５,not_found,https://www.mext.go.jp/content/20260529-mxt_chousa01-000011635_6.csv,2026-05-20,2026-07-14T02:34:06Z,2026-07-14T02:34:06Z,verified_registry_identity,"Identity verified against MEXT 2026-05-01 provisional F1 registry; English name, website, experimental code, former name, and corporation require later official-source enrichment."
univ_f122110106224,F122110106224,not_found,静岡大学,not_found,静岡大学,not_found,active,university,national,main,not_applicable,not_found,4228017,22,静岡県,静岡市,静岡県静岡市駿河区大谷８３６,not_found,https://www.mext.go.jp/content/20260529-mxt_chousa01-000011635_6.csv,2026-05-20,2026-07-14T02:34:06Z,2026-07-14T02:34:06Z,verified_registry_identity,"Identity verified against MEXT 2026-05-01 provisional F1 registry; English name, website, experimental code, former name, and corporation require later official-source enrichment."
univ_f122110106233,F122110106233,not_found,浜松医科大学,not_found,浜松医科大学,not_found,active,university,national,main,not_applicable,not_found,4313192,22,静岡県,浜松市,静岡県浜松市中央区半田山一丁目２０番１号,not_found,https://www.mext.go.jp/content/20260529-mxt_chousa01-000011635_6.csv,2026-05-20,2026-07-14T02:34:06Z,2026-07-14T02:34:06Z,verified_registry_identity,"Identity verified against MEXT 2026-05-01 provisional F1 registry; English name, website, experimental code, former name, and corporation require later official-source enrichment."
univ_f122210106240,F122210106240,not_found,静岡県立農林環境専門職大学,not_found,静岡県立農林環境専門職大学,not_found,active,university,public,main,not_applicable,not_found,4388577,22,静岡県,磐田市,静岡県磐田市富丘６７８－１,not_found,https://www.mext.go.jp/content/20260529-mxt_chousa01-000011635_6.csv,2026-05-20,2026-07-14T02:34:06Z,2026-07-14T02:34:06Z,verified_registry_identity,"Identity verified against MEXT 2026-05-01 provisional F1 registry; English name, website, experimental code, former name, and corporation require later official-source enrichment."
univ_f122210106259,F122210106259,not_found,静岡県立大学,not_found,静岡県立大学,not_found,active,university,public,main,not_applicable,not_found,4228526,22,静岡県,静岡市,静岡県静岡市駿河区谷田５２－１,not_found,https://www.mext.go.jp/content/20260529-mxt_chousa01-000011635_6.csv,2026-05-20,2026-07-14T02:34:06Z,2026-07-14T02:34:06Z,verified_registry_identity,"Identity verified against MEXT 2026-05-01 provisional F1 registry; English name, website, experimental code, former name, and corporation require later official-source enrichment."
univ_f122210106268,F122210106268,not_found,静岡文化芸術大学,not_found,静岡文化芸術大学,not_found,active,university,public,main,not_applicable,not_found,4308533,22,静岡県,浜松市,静岡県浜松市中央区中央２－１－１,not_found,https://www.mext.go.jp/content/20260529-mxt_chousa01-000011635_6.csv,2026-05-20,2026-07-14T02:34:06Z,2026-07-14T02:34:06Z,verified_registry_identity,"Identity verified against MEXT 2026-05-01 provisional F1 registry; English name, website, experimental code, former name, and corporation require later official-source enrichment."
univ_f122210111877,F122210111877,not_found,静岡社会健康医学大学院大学,not_found,静岡社会健康医学大学院大学,not_found,active,university,public,main,not_applicable,not_found,4200881,22,静岡県,静岡市,静岡県静岡市葵区北安東４－２７－２,not_found,https://www.mext.go.jp/content/20260529-mxt_chousa01-000011635_6.csv,2026-05-20,2026-07-14T02:34:06Z,2026-07-14T02:34:06Z,verified_registry_identity,"Identity verified against MEXT 2026-05-01 provisional F1 registry; English name, website, experimental code, former name, and corporation require later official-source enrichment."
univ_f122310106275,F122310106275,not_found,光産業創成大学院大学,not_found,光産業創成大学院大学,not_found,active,university,private,main,not_applicable,not_found,4311202,22,静岡県,浜松市,静岡県浜松市中央区呉松町１９５５番１,not_found,https://www.mext.go.jp/content/20260529-mxt_chousa01-000011635_6.csv,2026-05-20,2026-07-14T02:34:06Z,2026-07-14T02:34:06Z,verified_registry_identity,"Identity verified against MEXT 2026-05-01 provisional F1 registry; English name, website, experimental code, former name, and corporation require later official-source enrichment."
univ_f122310106284,F122310106284,not_found,静岡福祉大学,not_found,静岡福祉大学,not_found,active,university,private,main,not_applicable,not_found,4258611,22,静岡県,焼津市,静岡県焼津市本中根５４９番１,not_found,https://www.mext.go.jp/content/20260529-mxt_chousa01-000011635_6.csv,2026-05-20,2026-07-14T02:34:06Z,2026-07-14T02:34:06Z,verified_registry_identity,"Identity verified against MEXT 2026-05-01 provisional F1 registry; English name, website, experimental code, former name, and corporation require later official-source enrichment."
univ_f122310106293,F122310106293,not_found,浜松学院大学,not_found,浜松学院大学,not_found,active,university,private,main,not_applicable,not_found,4328012,22,静岡県,浜松市,静岡県浜松市中央区布橋三丁目２番３号,not_found,https://www.mext.go.jp/content/20260529-mxt_chousa01-000011635_6.csv,2026-05-20,2026-07-14T02:34:06Z,2026-07-14T02:34:06Z,verified_registry_identity,"Identity verified against MEXT 2026-05-01 provisional F1 registry; English name, website, experimental code, former name, and corporation require later official-source enrichment."
univ_f122310106300,F122310106300,not_found,静岡英和学院大学,not_found,静岡英和学院大学,not_found,active,university,private,main,not_applicable,not_found,4228545,22,静岡県,静岡市,静岡県静岡市駿河区池田１７６９番地,not_found,https://www.mext.go.jp/content/20260529-mxt_chousa01-000011635_6.csv,2026-05-20,2026-07-14T02:34:06Z,2026-07-14T02:34:06Z,verified_registry_identity,"Identity verified against MEXT 2026-05-01 provisional F1 registry; English name, website, experimental code, former name, and corporation require later official-source enrichment."
univ_f122310106319,F122310106319,not_found,常葉大学,not_found,常葉大学,not_found,active,university,private,main,not_applicable,not_found,4228581,22,静岡県,静岡市,静岡県静岡市駿河区弥生町６番１号,not_found,https://www.mext.go.jp/content/20260529-mxt_chousa01-000011635_6.csv,2026-05-20,2026-07-14T02:34:06Z,2026-07-14T02:34:06Z,verified_registry_identity,"Identity verified against MEXT 2026-05-01 provisional F1 registry; English name, website, experimental code, former name, and corporation require later official-source enrichment."
univ_f122310106328,F122310106328,not_found,静岡理工科大学,not_found,静岡理工科大学,not_found,active,university,private,main,not_applicable,not_found,4378555,22,静岡県,袋井市,静岡県袋井市豊沢２２００－２,not_found,https://www.mext.go.jp/content/20260529-mxt_chousa01-000011635_6.csv,2026-05-20,2026-07-14T02:34:06Z,2026-07-14T02:34:06Z,verified_registry_identity,"Identity verified against MEXT 2026-05-01 provisional F1 registry; English name, website, experimental code, former name, and corporation require later official-source enrichment."
univ_f122310106337,F122310106337,not_found,聖隷クリストファー大学,not_found,聖隷クリストファー大学,not_found,active,university,private,main,not_applicable,not_found,4338558,22,静岡県,浜松市,静岡県浜松市中央区三方原町３４５３,not_found,https://www.mext.go.jp/content/20260529-mxt_chousa01-000011635_6.csv,2026-05-20,2026-07-14T02:34:06Z,2026-07-14T02:34:06Z,verified_registry_identity,"Identity verified against MEXT 2026-05-01 provisional F1 registry; English name, website, experimental code, former name, and corporation require later official-source enrichment."
univ_f122310106346,F122310106346,not_found,静岡産業大学,not_found,静岡産業大学,not_found,active,university,private,main,not_applicable,not_found,4268668,22,静岡県,藤枝市,静岡県藤枝市駿河台４－１－１,not_found,https://www.mext.go.jp/content/20260529-mxt_chousa01-000011635_6.csv,2026-05-20,2026-07-14T02:34:06Z,2026-07-14T02:34:06Z,verified_registry_identity,"Identity verified against MEXT 2026-05-01 provisional F1 registry; English name, website, experimental code, former name, and corporation require later official-source enrichment."
univ_f123110106429,F123110106429,not_found,名古屋大学,not_found,名古屋大学,not_found,active,university,national,main,not_applicable,not_found,4648601,23,愛知県,名古屋市,愛知県名古屋市千種区不老町,not_found,https://www.mext.go.jp/content/20260529-mxt_chousa01-000011635_6.csv,2026-05-20,2026-07-14T02:34:06Z,2026-07-14T02:34:06Z,verified_registry_identity,"Identity verified against MEXT 2026-05-01 provisional F1 registry; English name, website, experimental code, former name, and corporation require later official-source enrichment."
univ_f123110106438,F123110106438,not_found,名古屋工業大学,not_found,名古屋工業大学,not_found,active,university,national,main,not_applicable,not_found,4668555,23,愛知県,名古屋市,愛知県名古屋市昭和区御器所町,not_found,https://www.mext.go.jp/content/20260529-mxt_chousa01-000011635_6.csv,2026-05-20,2026-07-14T02:34:06Z,2026-07-14T02:34:06Z,verified_registry_identity,"Identity verified against MEXT 2026-05-01 provisional F1 registry; English name, website, experimental code, former name, and corporation require later official-source enrichment."
univ_f123110106447,F123110106447,not_found,愛知教育大学,not_found,愛知教育大学,not_found,active,university,national,main,not_applicable,not_found,4488542,23,愛知県,刈谷市,愛知県刈谷市井ケ谷町広沢１,not_found,https://www.mext.go.jp/content/20260529-mxt_chousa01-000011635_6.csv,2026-05-20,2026-07-14T02:34:06Z,2026-07-14T02:34:06Z,verified_registry_identity,"Identity verified against MEXT 2026-05-01 provisional F1 registry; English name, website, experimental code, former name, and corporation require later official-source enrichment."
univ_f123110106456,F123110106456,not_found,豊橋技術科学大学,not_found,豊橋技術科学大学,not_found,active,university,national,main,not_applicable,not_found,4418580,23,愛知県,豊橋市,愛知県豊橋市天伯町字雲雀ヶ丘１－１,not_found,https://www.mext.go.jp/content/20260529-mxt_chousa01-000011635_6.csv,2026-05-20,2026-07-14T02:34:06Z,2026-07-14T02:34:06Z,verified_registry_identity,"Identity verified against MEXT 2026-05-01 provisional F1 registry; English name, website, experimental code, former name, and corporation require later official-source enrichment."
univ_f123210106463,F123210106463,not_found,名古屋市立大学,not_found,名古屋市立大学,not_found,active,university,public,main,not_applicable,not_found,4678601,23,愛知県,名古屋市,愛知県名古屋市瑞穂区瑞穂町字川澄１,not_found,https://www.mext.go.jp/content/20260529-mxt_chousa01-000011635_6.csv,2026-05-20,2026-07-14T02:34:06Z,2026-07-14T02:34:06Z,verified_registry_identity,"Identity verified against MEXT 2026-05-01 provisional F1 registry; English name, website, experimental code, former name, and corporation require later official-source enrichment."
univ_f123210106472,F123210106472,not_found,愛知県立芸術大学,not_found,愛知県立芸術大学,not_found,active,university,public,main,not_applicable,not_found,4801194,23,愛知県,長久手市,愛知県長久手市岩作三ケ峯１－１１４,not_found,https://www.mext.go.jp/content/20260529-mxt_chousa01-000011635_6.csv,2026-05-20,2026-07-14T02:34:06Z,2026-07-14T02:34:06Z,verified_registry_identity,"Identity verified against MEXT 2026-05-01 provisional F1 registry; English name, website, experimental code, former name, and corporation require later official-source enrichment."
univ_f123210106481,F123210106481,not_found,愛知県立大学,not_found,愛知県立大学,not_found,active,university,public,main,not_applicable,not_found,4801198,23,愛知県,長久手市,愛知県長久手市茨ケ廻間１５２２－３,not_found,https://www.mext.go.jp/content/20260529-mxt_chousa01-000011635_6.csv,2026-05-20,2026-07-14T02:34:06Z,2026-07-14T02:34:06Z,verified_registry_identity,"Identity verified against MEXT 2026-05-01 provisional F1 registry; English name, website, experimental code, former name, and corporation require later official-source enrichment."
univ_f123310106498,F123310106498,not_found,愛知工科大学,not_found,愛知工科大学,not_found,active,university,private,main,not_applicable,not_found,4430047,23,愛知県,蒲郡市西迫町,愛知県蒲郡市西迫町馬乗５０－２,not_found,https://www.mext.go.jp/content/20260529-mxt_chousa01-000011635_6.csv,2026-05-20,2026-07-14T02:34:06Z,2026-07-14T02:34:06Z,verified_registry_identity,"Identity verified against MEXT 2026-05-01 provisional F1 registry; English name, website, experimental code, former name, and corporation require later official-source enrichment."
univ_f123310106504,F123310106504,not_found,名古屋産業大学,not_found,名古屋産業大学,not_found,active,university,private,main,not_applicable,not_found,4880076,23,愛知県,尾張旭市,愛知県尾張旭市新居町山の田３２５５番地の５,not_found,https://www.mext.go.jp/content/20260529-mxt_chousa01-000011635_6.csv,2026-05-20,2026-07-14T02:34:06Z,2026-07-14T02:34:06Z,verified_registry_identity,"Identity verified against MEXT 2026-05-01 provisional F1 registry; English name, website, experimental code, former name, and corporation require later official-source enrichment."
univ_f123310106513,F123310106513,not_found,人間環境大学,not_found,人間環境大学,not_found,active,university,private,main,not_applicable,not_found,4443505,23,愛知県,岡崎市,愛知県岡崎市本宿町字上三本松６番２,not_found,https://www.mext.go.jp/content/20260529-mxt_chousa01-000011635_6.csv,2026-05-20,2026-07-14T02:34:06Z,2026-07-14T02:34:06Z,verified_registry_identity,"Identity verified against MEXT 2026-05-01 provisional F1 registry; English name, website, experimental code, former name, and corporation require later official-source enrichment."
univ_f123310106522,F123310106522,not_found,名古屋文理大学,not_found,名古屋文理大学,not_found,active,university,private,main,not_applicable,not_found,4928520,23,愛知県,稲沢市,愛知県稲沢市稲沢町前田３６５番地,not_found,https://www.mext.go.jp/content/20260529-mxt_chousa01-000011635_6.csv,2026-05-20,2026-07-14T02:34:06Z,2026-07-14T02:34:06Z,verified_registry_identity,"Identity verified against MEXT 2026-05-01 provisional F1 registry; English name, website, experimental code, former name, and corporation require later official-source enrichment."
univ_f123310106531,F123310106531,not_found,愛知みずほ大学,not_found,愛知みずほ大学,not_found,active,university,private,main,not_applicable,not_found,4670867,23,愛知県,名古屋市,愛知県名古屋市瑞穂区春敲町２－１３,not_found,https://www.mext.go.jp/content/20260529-mxt_chousa01-000011635_6.csv,2026-05-20,2026-07-14T02:34:06Z,2026-07-14T02:34:06Z,verified_registry_identity,"Identity verified against MEXT 2026-05-01 provisional F1 registry; English name, website, experimental code, former name, and corporation require later official-source enrichment."
univ_f123310106540,F123310106540,not_found,愛知学院大学,not_found,愛知学院大学,not_found,active,university,private,main,not_applicable,not_found,4700195,23,愛知県,日進市,愛知県日進市岩崎町阿良池１２,not_found,https://www.mext.go.jp/content/20260529-mxt_chousa01-000011635_6.csv,2026-05-20,2026-07-14T02:34:06Z,2026-07-14T02:34:06Z,verified_registry_identity,"Identity verified against MEXT 2026-05-01 provisional F1 registry; English name, website, experimental code, former name, and corporation require later official-source enrichment."
univ_f123310106559,F123310106559,not_found,愛知工業大学,not_found,愛知工業大学,not_found,active,university,private,main,not_applicable,not_found,4700392,23,愛知県,豊田市,愛知県豊田市八草町八千草１２４７,not_found,https://www.mext.go.jp/content/20260529-mxt_chousa01-000011635_6.csv,2026-05-20,2026-07-14T02:34:06Z,2026-07-14T02:34:06Z,verified_registry_identity,"Identity verified against MEXT 2026-05-01 provisional F1 registry; English name, website, experimental code, former name, and corporation require later official-source enrichment."
univ_f123310106568,F123310106568,not_found,金城学院大学,not_found,金城学院大学,not_found,active,university,private,main,not_applicable,not_found,4638521,23,愛知県,名古屋市,愛知県名古屋市守山区大森２－１７２３,not_found,https://www.mext.go.jp/content/20260529-mxt_chousa01-000011635_6.csv,2026-05-20,2026-07-14T02:34:06Z,2026-07-14T02:34:06Z,verified_registry_identity,"Identity verified against MEXT 2026-05-01 provisional F1 registry; English name, website, experimental code, former name, and corporation require later official-source enrichment."
univ_f123310106577,F123310106577,not_found,椙山女学園大学,not_found,椙山女学園大学,not_found,active,university,private,main,not_applicable,not_found,4648662,23,愛知県,名古屋市,愛知県名古屋市千種区星が丘元町１７－３,not_found,https://www.mext.go.jp/content/20260529-mxt_chousa01-000011635_6.csv,2026-05-20,2026-07-14T02:34:06Z,2026-07-14T02:34:06Z,verified_registry_identity,"Identity verified against MEXT 2026-05-01 provisional F1 registry; English name, website, experimental code, former name, and corporation require later official-source enrichment."
univ_f123310106586,F123310106586,not_found,大同大学,not_found,大同大学,not_found,active,university,private,main,not_applicable,not_found,4578530,23,愛知県,名古屋市,愛知県名古屋市南区滝春町１０－３,not_found,https://www.mext.go.jp/content/20260529-mxt_chousa01-000011635_6.csv,2026-05-20,2026-07-14T02:34:06Z,2026-07-14T02:34:06Z,verified_registry_identity,"Identity verified against MEXT 2026-05-01 provisional F1 registry; English name, website, experimental code, former name, and corporation require later official-source enrichment."
univ_f123310106595,F123310106595,not_found,中京大学,not_found,中京大学,not_found,active,university,private,main,not_applicable,not_found,4668666,23,愛知県,名古屋市,愛知県名古屋市昭和区八事本町１０１－２,not_found,https://www.mext.go.jp/content/20260529-mxt_chousa01-000011635_6.csv,2026-05-20,2026-07-14T02:34:06Z,2026-07-14T02:34:06Z,verified_registry_identity,"Identity verified against MEXT 2026-05-01 provisional F1 registry; English name, website, experimental code, former name, and corporation require later official-source enrichment."
univ_f123310106602,F123310106602,not_found,同朋大学,not_found,同朋大学,not_found,active,university,private,main,not_applicable,not_found,4530841,23,愛知県,名古屋市,愛知県名古屋市中村区稲葉地町７－１,not_found,https://www.mext.go.jp/content/20260529-mxt_chousa01-000011635_6.csv,2026-05-20,2026-07-14T02:34:06Z,2026-07-14T02:34:06Z,verified_registry_identity,"Identity verified against MEXT 2026-05-01 provisional F1 registry; English name, website, experimental code, former name, and corporation require later official-source enrichment."
univ_f123310106611,F123310106611,not_found,名古屋学院大学,not_found,名古屋学院大学,not_found,active,university,private,main,not_applicable,not_found,4568612,23,愛知県,名古屋市,愛知県名古屋市熱田区熱田西町１－２５,not_found,https://www.mext.go.jp/content/20260529-mxt_chousa01-000011635_6.csv,2026-05-20,2026-07-14T02:34:06Z,2026-07-14T02:34:06Z,verified_registry_identity,"Identity verified against MEXT 2026-05-01 provisional F1 registry; English name, website, experimental code, former name, and corporation require later official-source enrichment."
univ_f123310106620,F123310106620,not_found,名古屋商科大学,not_found,名古屋商科大学,not_found,active,university,private,main,not_applicable,not_found,4700111,23,愛知県,日進市,愛知県日進市米野木町三ヶ峯４の４,not_found,https://www.mext.go.jp/content/20260529-mxt_chousa01-000011635_6.csv,2026-05-20,2026-07-14T02:34:06Z,2026-07-14T02:34:06Z,verified_registry_identity,"Identity verified against MEXT 2026-05-01 provisional F1 registry; English name, website, experimental code, former name, and corporation require later official-source enrichment."
univ_f123310106639,F123310106639,not_found,名古屋葵大学,not_found,名古屋葵大学,not_found,active,university,private,main,not_applicable,not_found,4678610,23,愛知県,名古屋市,愛知県名古屋市瑞穂区汐路町３－４０,not_found,https://www.mext.go.jp/content/20260529-mxt_chousa01-000011635_6.csv,2026-05-20,2026-07-14T02:34:06Z,2026-07-14T02:34:06Z,verified_registry_identity,"Identity verified against MEXT 2026-05-01 provisional F1 registry; English name, website, experimental code, former name, and corporation require later official-source enrichment."
univ_f123310106648,F123310106648,not_found,南山大学,not_found,南山大学,not_found,active,university,private,main,not_applicable,not_found,4668673,23,愛知県,名古屋市,愛知県名古屋市昭和区山里町１８,not_found,https://www.mext.go.jp/content/20260529-mxt_chousa01-000011635_6.csv,2026-05-20,2026-07-14T02:34:06Z,2026-07-14T02:34:06Z,verified_registry_identity,"Identity verified against MEXT 2026-05-01 provisional F1 registry; English name, website, experimental code, former name, and corporation require later official-source enrichment."
univ_f123310106657,F123310106657,not_found,日本福祉大学,not_found,日本福祉大学,not_found,active,university,private,main,not_applicable,not_found,4703295,23,愛知県,知多郡美浜町,愛知県知多郡美浜町大字奥田字会下前３５－６,not_found,https://www.mext.go.jp/content/20260529-mxt_chousa01-000011635_6.csv,2026-05-20,2026-07-14T02:34:06Z,2026-07-14T02:34:06Z,verified_registry_identity,"Identity verified against MEXT 2026-05-01 provisional F1 registry; English name, website, experimental code, former name, and corporation require later official-source enrichment."
univ_f123310106666,F123310106666,not_found,名城大学,not_found,名城大学,not_found,active,university,private,main,not_applicable,not_found,4688502,23,愛知県,名古屋市,愛知県名古屋市天白区塩釜口一丁目５０１番地,not_found,https://www.mext.go.jp/content/20260529-mxt_chousa01-000011635_6.csv,2026-05-20,2026-07-14T02:34:06Z,2026-07-14T02:34:06Z,verified_registry_identity,"Identity verified against MEXT 2026-05-01 provisional F1 registry; English name, website, experimental code, former name, and corporation require later official-source enrichment."
univ_f123310106675,F123310106675,not_found,名古屋音楽大学,not_found,名古屋音楽大学,not_found,active,university,private,main,not_applicable,not_found,4530841,23,愛知県,名古屋市,愛知県名古屋市中村区稲葉地町７－１,not_found,https://www.mext.go.jp/content/20260529-mxt_chousa01-000011635_6.csv,2026-05-20,2026-07-14T02:34:06Z,2026-07-14T02:34:06Z,verified_registry_identity,"Identity verified against MEXT 2026-05-01 provisional F1 registry; English name, website, experimental code, former name, and corporation require later official-source enrichment."
univ_f123310106684,F123310106684,not_found,豊田工業大学,not_found,豊田工業大学,not_found,active,university,private,main,not_applicable,not_found,4688511,23,愛知県,名古屋市,愛知県名古屋市天白区久方２ー１２ー１,not_found,https://www.mext.go.jp/content/20260529-mxt_chousa01-000011635_6.csv,2026-05-20,2026-07-14T02:34:06Z,2026-07-14T02:34:06Z,verified_registry_identity,"Identity verified against MEXT 2026-05-01 provisional F1 registry; English name, website, experimental code, former name, and corporation require later official-source enrichment."
univ_f123310106693,F123310106693,not_found,名古屋外国語大学,not_found,名古屋外国語大学,not_found,active,university,private,main,not_applicable,not_found,4700197,23,愛知県,日進市,愛知県日進市岩崎町竹ノ山５７,not_found,https://www.mext.go.jp/content/20260529-mxt_chousa01-000011635_6.csv,2026-05-20,2026-07-14T02:34:06Z,2026-07-14T02:34:06Z,verified_registry_identity,"Identity verified against MEXT 2026-05-01 provisional F1 registry; English name, website, experimental code, former name, and corporation require later official-source enrichment."
univ_f123310106700,F123310106700,not_found,名古屋造形大学,not_found,名古屋造形大学,not_found,active,university,private,main,not_applicable,not_found,4620846,23,愛知県,名古屋市,愛知県名古屋市北区名城２丁目４番１,not_found,https://www.mext.go.jp/content/20260529-mxt_chousa01-000011635_6.csv,2026-05-20,2026-07-14T02:34:06Z,2026-07-14T02:34:06Z,verified_registry_identity,"Identity verified against MEXT 2026-05-01 provisional F1 registry; English name, website, experimental code, former name, and corporation require later official-source enrichment."
univ_f123310106719,F123310106719,not_found,愛知産業大学,not_found,愛知産業大学,not_found,active,university,private,main,not_applicable,not_found,4440005,23,愛知県,岡崎市,愛知県岡崎市岡町字原山１２－５,not_found,https://www.mext.go.jp/content/20260529-mxt_chousa01-000011635_6.csv,2026-05-20,2026-07-14T02:34:06Z,2026-07-14T02:34:06Z,verified_registry_identity,"Identity verified against MEXT 2026-05-01 provisional F1 registry; English name, website, experimental code, former name, and corporation require later official-source enrichment."
univ_f123310106728,F123310106728,not_found,東海学園大学,not_found,東海学園大学,not_found,active,university,private,main,not_applicable,not_found,4700207,23,愛知県,みよし市,愛知県みよし市福谷町西ノ洞２１番地２３３,not_found,https://www.mext.go.jp/content/20260529-mxt_chousa01-000011635_6.csv,2026-05-20,2026-07-14T02:34:06Z,2026-07-14T02:34:06Z,verified_registry_identity,"Identity verified against MEXT 2026-05-01 provisional F1 registry; English name, website, experimental code, former name, and corporation require later official-source enrichment."
univ_f123310106737,F123310106737,not_found,豊橋創造大学,not_found,豊橋創造大学,not_found,active,university,private,main,not_applicable,not_found,4408511,23,愛知県,豊橋市,愛知県豊橋市牛川町字松下２０－１,not_found,https://www.mext.go.jp/content/20260529-mxt_chousa01-000011635_6.csv,2026-05-20,2026-07-14T02:34:06Z,2026-07-14T02:34:06Z,verified_registry_identity,"Identity verified against MEXT 2026-05-01 provisional F1 registry; English name, website, experimental code, former name, and corporation require later official-source enrichment."
univ_f123310106746,F123310106746,not_found,愛知東邦大学,not_found,愛知東邦大学,not_found,active,university,private,main,not_applicable,not_found,4658515,23,愛知県,名古屋市,愛知県名古屋市名東区平和が丘三丁目１１番地,not_found,https://www.mext.go.jp/content/20260529-mxt_chousa01-000011635_6.csv,2026-05-20,2026-07-14T02:34:06Z,2026-07-14T02:34:06Z,verified_registry_identity,"Identity verified against MEXT 2026-05-01 provisional F1 registry; English name, website, experimental code, former name, and corporation require later official-source enrichment."
univ_f123310106755,F123310106755,not_found,星城大学,not_found,星城大学,not_found,active,university,private,main,not_applicable,not_found,4768588,23,愛知県,東海市,愛知県東海市富貴ノ台二丁目１７２番地,not_found,https://www.mext.go.jp/content/20260529-mxt_chousa01-000011635_6.csv,2026-05-20,2026-07-14T02:34:06Z,2026-07-14T02:34:06Z,verified_registry_identity,"Identity verified against MEXT 2026-05-01 provisional F1 registry; English name, website, experimental code, former name, and corporation require later official-source enrichment."
univ_f123310106764,F123310106764,not_found,愛知文教大学,not_found,愛知文教大学,not_found,active,university,private,main,not_applicable,not_found,4858565,23,愛知県,小牧市,愛知県小牧市大草５９６９－３,not_found,https://www.mext.go.jp/content/20260529-mxt_chousa01-000011635_6.csv,2026-05-20,2026-07-14T02:34:06Z,2026-07-14T02:34:06Z,verified_registry_identity,"Identity verified against MEXT 2026-05-01 provisional F1 registry; English name, website, experimental code, former name, and corporation require later official-source enrichment."
univ_f123310106773,F123310106773,not_found,桜花学園大学,not_found,桜花学園大学,not_found,active,university,private,main,not_applicable,not_found,4701193,23,愛知県,豊明市,愛知県豊明市栄町武侍４８,not_found,https://www.mext.go.jp/content/20260529-mxt_chousa01-000011635_6.csv,2026-05-20,2026-07-14T02:34:06Z,2026-07-14T02:34:06Z,verified_registry_identity,"Identity verified against MEXT 2026-05-01 provisional F1 registry; English name, website, experimental code, former name, and corporation require later official-source enrichment."
univ_f123310106782,F123310106782,not_found,愛知大学,not_found,愛知大学,not_found,active,university,private,main,not_applicable,not_found,4418522,23,愛知県,豊橋市,愛知県豊橋市町畑町字町畑１－１,not_found,https://www.mext.go.jp/content/20260529-mxt_chousa01-000011635_6.csv,2026-05-20,2026-07-14T02:34:06Z,2026-07-14T02:34:06Z,verified_registry_identity,"Identity verified against MEXT 2026-05-01 provisional F1 registry; English name, website, experimental code, former name, and corporation require later official-source enrichment."
univ_f123310106791,F123310106791,not_found,愛知学泉大学,not_found,愛知学泉大学,not_found,active,university,private,main,not_applicable,not_found,4448520,23,愛知県,岡崎市,愛知県岡崎市舳越町上川成２８,not_found,https://www.mext.go.jp/content/20260529-mxt_chousa01-000011635_6.csv,2026-05-20,2026-07-14T02:34:06Z,2026-07-14T02:34:06Z,verified_registry_identity,"Identity verified against MEXT 2026-05-01 provisional F1 registry; English name, website, experimental code, former name, and corporation require later official-source enrichment."
univ_f123310106808,F123310106808,not_found,至学館大学,not_found,至学館大学,not_found,active,university,private,main,not_applicable,not_found,4740011,23,愛知県,大府市,愛知県大府市横根町名高山５５,not_found,https://www.mext.go.jp/content/20260529-mxt_chousa01-000011635_6.csv,2026-05-20,2026-07-14T02:34:06Z,2026-07-14T02:34:06Z,verified_registry_identity,"Identity verified against MEXT 2026-05-01 provisional F1 registry; English name, website, experimental code, former name, and corporation require later official-source enrichment."
univ_f123310106817,F123310106817,not_found,中部大学,not_found,中部大学,not_found,active,university,private,main,not_applicable,not_found,4878501,23,愛知県,春日井市,愛知県春日井市松本町１２００,not_found,https://www.mext.go.jp/content/20260529-mxt_chousa01-000011635_6.csv,2026-05-20,2026-07-14T02:34:06Z,2026-07-14T02:34:06Z,verified_registry_identity,"Identity verified against MEXT 2026-05-01 provisional F1 registry; English name, website, experimental code, former name, and corporation require later official-source enrichment."
univ_f123310106826,F123310106826,not_found,藤田医科大学,not_found,藤田医科大学,not_found,active,university,private,main,not_applicable,not_found,4701101,23,愛知県,豊明市,愛知県豊明市沓掛町田楽ケ窪１－９８,not_found,https://www.mext.go.jp/content/20260529-mxt_chousa01-000011635_6.csv,2026-05-20,2026-07-14T02:34:06Z,2026-07-14T02:34:06Z,verified_registry_identity,"Identity verified against MEXT 2026-05-01 provisional F1 registry; English name, website, experimental code, former name, and corporation require later official-source enrichment."
univ_f123310106835,F123310106835,not_found,名古屋芸術大学,not_found,名古屋芸術大学,not_found,active,university,private,main,not_applicable,not_found,4810006,23,愛知県,北名古屋市,愛知県北名古屋市熊之庄古井２８１,not_found,https://www.mext.go.jp/content/20260529-mxt_chousa01-000011635_6.csv,2026-05-20,2026-07-14T02:34:06Z,2026-07-14T02:34:06Z,verified_registry_identity,"Identity verified against MEXT 2026-05-01 provisional F1 registry; English name, website, experimental code, former name, and corporation require later official-source enrichment."
univ_f123310106844,F123310106844,not_found,愛知医科大学,not_found,愛知医科大学,not_found,active,university,private,main,not_applicable,not_found,4801195,23,愛知県,長久手市,愛知県長久手市岩作雁又１番地１,not_found,https://www.mext.go.jp/content/20260529-mxt_chousa01-000011635_6.csv,2026-05-20,2026-07-14T02:34:06Z,2026-07-14T02:34:06Z,verified_registry_identity,"Identity verified against MEXT 2026-05-01 provisional F1 registry; English name, website, experimental code, former name, and corporation require later official-source enrichment."
univ_f123310106853,F123310106853,not_found,愛知淑徳大学,not_found,愛知淑徳大学,not_found,active,university,private,main,not_applicable,not_found,4801197,23,愛知県,長久手市,愛知県長久手市片平二丁目９,not_found,https://www.mext.go.jp/content/20260529-mxt_chousa01-000011635_6.csv,2026-05-20,2026-07-14T02:34:06Z,2026-07-14T02:34:06Z,verified_registry_identity,"Identity verified against MEXT 2026-05-01 provisional F1 registry; English name, website, experimental code, former name, and corporation require later official-source enrichment."
univ_f123310106862,F123310106862,not_found,名古屋経済大学,not_found,名古屋経済大学,not_found,active,university,private,main,not_applicable,not_found,4848504,23,愛知県,犬山市,愛知県犬山市字内久保６１ー１,not_found,https://www.mext.go.jp/content/20260529-mxt_chousa01-000011635_6.csv,2026-05-20,2026-07-14T02:34:06Z,2026-07-14T02:34:06Z,verified_registry_identity,"Identity verified against MEXT 2026-05-01 provisional F1 registry; English name, website, experimental code, former name, and corporation require later official-source enrichment."
univ_f123310106871,F123310106871,not_found,名古屋学芸大学,not_found,名古屋学芸大学,not_found,active,university,private,main,not_applicable,not_found,4700196,23,愛知県,日進市,愛知県日進市岩崎町竹ノ山５７番地,not_found,https://www.mext.go.jp/content/20260529-mxt_chousa01-000011635_6.csv,2026-05-20,2026-07-14T02:34:06Z,2026-07-14T02:34:06Z,verified_registry_identity,"Identity verified against MEXT 2026-05-01 provisional F1 registry; English name, website, experimental code, former name, and corporation require later official-source enrichment."
univ_f123310106880,F123310106880,not_found,日本赤十字豊田看護大学,not_found,日本赤十字豊田看護大学,not_found,active,university,private,main,not_applicable,not_found,4718565,23,愛知県,豊田市,愛知県豊田市白山町七曲１２番３３,not_found,https://www.mext.go.jp/content/20260529-mxt_chousa01-000011635_6.csv,2026-05-20,2026-07-14T02:34:06Z,2026-07-14T02:34:06Z,verified_registry_identity,"Identity verified against MEXT 2026-05-01 provisional F1 registry; English name, website, experimental code, former name, and corporation require later official-source enrichment."
univ_f123310106899,F123310106899,not_found,修文大学,not_found,修文大学,not_found,active,university,private,main,not_applicable,not_found,4910938,23,愛知県,一宮市,愛知県一宮市日光町６番地,not_found,https://www.mext.go.jp/content/20260529-mxt_chousa01-000011635_6.csv,2026-05-20,2026-07-14T02:34:06Z,2026-07-14T02:34:06Z,verified_registry_identity,"Identity verified against MEXT 2026-05-01 provisional F1 registry; English name, website, experimental code, former name, and corporation require later official-source enrichment."
univ_f123310106906,F123310106906,not_found,岡崎大学,not_found,岡崎大学,not_found,active,university,private,main,not_applicable,not_found,4440015,23,愛知県,岡崎市,愛知県岡崎市中町１－８－４,not_found,https://www.mext.go.jp/content/20260529-mxt_chousa01-000011635_6.csv,2026-05-20,2026-07-14T02:34:06Z,2026-07-14T02:34:06Z,verified_registry_identity,"Identity verified against MEXT 2026-05-01 provisional F1 registry; English name, website, experimental code, former name, and corporation require later official-source enrichment."
univ_f123310106915,F123310106915,not_found,一宮研伸大学,not_found,一宮研伸大学,not_found,active,university,private,main,not_applicable,not_found,4910063,23,愛知県,一宮市,愛知県一宮市常願通５－４－１,not_found,https://www.mext.go.jp/content/20260529-mxt_chousa01-000011635_6.csv,2026-05-20,2026-07-14T02:34:06Z,2026-07-14T02:34:06Z,verified_registry_identity,"Identity verified against MEXT 2026-05-01 provisional F1 registry; English name, website, experimental code, former name, and corporation require later official-source enrichment."
univ_f123310106924,F123310106924,not_found,名古屋柳城女子大学,not_found,名古屋柳城女子大学,not_found,active,university,private,main,not_applicable,not_found,4660034,23,愛知県,名古屋市,愛知県名古屋市昭和区明月町２－５４,not_found,https://www.mext.go.jp/content/20260529-mxt_chousa01-000011635_6.csv,2026-05-20,2026-07-14T02:34:06Z,2026-07-14T02:34:06Z,verified_registry_identity,"Identity verified against MEXT 2026-05-01 provisional F1 registry; English name, website, experimental code, former name, and corporation require later official-source enrichment."
univ_f123310111883,F123310111883,not_found,名古屋国際工科専門職大学,not_found,名古屋国際工科専門職大学,not_found,active,university,private,main,not_applicable,not_found,4500002,23,愛知県,名古屋市,愛知県名古屋市中村区名駅４－２７－１,not_found,https://www.mext.go.jp/content/20260529-mxt_chousa01-000011635_6.csv,2026-05-20,2026-07-14T02:34:06Z,2026-07-14T02:34:06Z,verified_registry_identity,"Identity verified against MEXT 2026-05-01 provisional F1 registry; English name, website, experimental code, former name, and corporation require later official-source enrichment."
univ_f123310112016,F123310112016,not_found,愛知医療学院大学,not_found,愛知医療学院大学,not_found,active,university,private,main,not_applicable,not_found,4520931,23,愛知県,清須市,愛知県清須市一場５１９,not_found,https://www.mext.go.jp/content/20260529-mxt_chousa01-000011635_6.csv,2026-05-20,2026-07-14T02:34:06Z,2026-07-14T02:34:06Z,verified_registry_identity,"Identity verified against MEXT 2026-05-01 provisional F1 registry; English name, website, experimental code, former name, and corporation require later official-source enrichment."
univ_f124110107141,F124110107141,not_found,三重大学,not_found,三重大学,not_found,active,university,national,main,not_applicable,not_found,5148507,24,三重県,津市,三重県津市栗真町屋町１５７７,not_found,https://www.mext.go.jp/content/20260529-mxt_chousa01-000011635_6.csv,2026-05-20,2026-07-14T02:34:06Z,2026-07-14T02:34:06Z,verified_registry_identity,"Identity verified against MEXT 2026-05-01 provisional F1 registry; English name, website, experimental code, former name, and corporation require later official-source enrichment."
univ_f124210107158,F124210107158,not_found,三重県立看護大学,not_found,三重県立看護大学,not_found,active,university,public,main,not_applicable,not_found,5140116,24,三重県,津市,三重県津市夢が丘一丁目１－１,not_found,https://www.mext.go.jp/content/20260529-mxt_chousa01-000011635_6.csv,2026-05-20,2026-07-14T02:34:06Z,2026-07-14T02:34:06Z,verified_registry_identity,"Identity verified against MEXT 2026-05-01 provisional F1 registry; English name, website, experimental code, former name, and corporation require later official-source enrichment."
univ_f124310107165,F124310107165,not_found,四日市大学,not_found,四日市大学,not_found,active,university,private,main,not_applicable,not_found,5128512,24,三重県,四日市市,三重県四日市市萱生町１２００,not_found,https://www.mext.go.jp/content/20260529-mxt_chousa01-000011635_6.csv,2026-05-20,2026-07-14T02:34:06Z,2026-07-14T02:34:06Z,verified_registry_identity,"Identity verified against MEXT 2026-05-01 provisional F1 registry; English name, website, experimental code, former name, and corporation require later official-source enrichment."
univ_f124310107174,F124310107174,not_found,皇學館大学,not_found,皇學館大学,not_found,active,university,private,main,not_applicable,not_found,5168555,24,三重県,伊勢市,三重県伊勢市神田久志本町１７０４,not_found,https://www.mext.go.jp/content/20260529-mxt_chousa01-000011635_6.csv,2026-05-20,2026-07-14T02:34:06Z,2026-07-14T02:34:06Z,verified_registry_identity,"Identity verified against MEXT 2026-05-01 provisional F1 registry; English name, website, experimental code, former name, and corporation require later official-source enrichment."
univ_f124310107183,F124310107183,not_found,鈴鹿医療科学大学,not_found,鈴鹿医療科学大学,not_found,active,university,private,main,not_applicable,not_found,5100293,24,三重県,鈴鹿市,三重県鈴鹿市岸岡町１００１－１,not_found,https://www.mext.go.jp/content/20260529-mxt_chousa01-000011635_6.csv,2026-05-20,2026-07-14T02:34:06Z,2026-07-14T02:34:06Z,verified_registry_identity,"Identity verified against MEXT 2026-05-01 provisional F1 registry; English name, website, experimental code, former name, and corporation require later official-source enrichment."
univ_f124310107192,F124310107192,not_found,鈴鹿大学,not_found,鈴鹿大学,not_found,active,university,private,main,not_applicable,not_found,5100298,24,三重県,鈴鹿市郡山町,三重県鈴鹿市郡山町６６３－２２２,not_found,https://www.mext.go.jp/content/20260529-mxt_chousa01-000011635_6.csv,2026-05-20,2026-07-14T02:34:06Z,2026-07-14T02:34:06Z,verified_registry_identity,"Identity verified against MEXT 2026-05-01 provisional F1 registry; English name, website, experimental code, former name, and corporation require later official-source enrichment."
univ_f124310107209,F124310107209,not_found,四日市看護医療大学,not_found,四日市看護医療大学,not_found,active,university,private,main,not_applicable,not_found,5128045,24,三重県,四日市市,三重県四日市市萱生町１２００番地,not_found,https://www.mext.go.jp/content/20260529-mxt_chousa01-000011635_6.csv,2026-05-20,2026-07-14T02:34:06Z,2026-07-14T02:34:06Z,verified_registry_identity,"Identity verified against MEXT 2026-05-01 provisional F1 registry; English name, website, experimental code, former name, and corporation require later official-source enrichment."
univ_f125110107284,F125110107284,not_found,滋賀大学,not_found,滋賀大学,not_found,active,university,national,main,not_applicable,not_found,5228522,25,滋賀県,彦根市,滋賀県彦根市馬場１－１－１,not_found,https://www.mext.go.jp/content/20260529-mxt_chousa01-000011635_6.csv,2026-05-20,2026-07-14T02:34:06Z,2026-07-14T02:34:06Z,verified_registry_identity,"Identity verified against MEXT 2026-05-01 provisional F1 registry; English name, website, experimental code, former name, and corporation require later official-source enrichment."
univ_f125110107293,F125110107293,not_found,滋賀医科大学,not_found,滋賀医科大学,not_found,active,university,national,main,not_applicable,not_found,5202121,25,滋賀県,大津市,滋賀県大津市瀬田月輪町,not_found,https://www.mext.go.jp/content/20260529-mxt_chousa01-000011635_6.csv,2026-05-20,2026-07-14T02:34:06Z,2026-07-14T02:34:06Z,verified_registry_identity,"Identity verified against MEXT 2026-05-01 provisional F1 registry; English name, website, experimental code, former name, and corporation require later official-source enrichment."
univ_f125210107308,F125210107308,not_found,滋賀県立大学,not_found,滋賀県立大学,not_found,active,university,public,main,not_applicable,not_found,5228533,25,滋賀県,彦根市,滋賀県彦根市八坂町２５００,not_found,https://www.mext.go.jp/content/20260529-mxt_chousa01-000011635_6.csv,2026-05-20,2026-07-14T02:34:06Z,2026-07-14T02:34:06Z,verified_registry_identity,"Identity verified against MEXT 2026-05-01 provisional F1 registry; English name, website, experimental code, former name, and corporation require later official-source enrichment."
univ_f125310107315,F125310107315,not_found,成安造形大学,not_found,成安造形大学,not_found,active,university,private,main,not_applicable,not_found,5200248,25,滋賀県,大津市,滋賀県大津市仰木の里東４－３－１,not_found,https://www.mext.go.jp/content/20260529-mxt_chousa01-000011635_6.csv,2026-05-20,2026-07-14T02:34:06Z,2026-07-14T02:34:06Z,verified_registry_identity,"Identity verified against MEXT 2026-05-01 provisional F1 registry; English name, website, experimental code, former name, and corporation require later official-source enrichment."
univ_f125310107324,F125310107324,not_found,聖泉大学,not_found,聖泉大学,not_found,active,university,private,main,not_applicable,not_found,5211123,25,滋賀県,彦根市,滋賀県彦根市肥田町７２０番地,not_found,https://www.mext.go.jp/content/20260529-mxt_chousa01-000011635_6.csv,2026-05-20,2026-07-14T02:34:06Z,2026-07-14T02:34:06Z,verified_registry_identity,"Identity verified against MEXT 2026-05-01 provisional F1 registry; English name, website, experimental code, former name, and corporation require later official-source enrichment."
univ_f125310107333,F125310107333,not_found,長浜バイオ大学,not_found,長浜バイオ大学,not_found,active,university,private,main,not_applicable,not_found,5260829,25,滋賀県,長浜市,滋賀県長浜市田村町１２６６番地,not_found,https://www.mext.go.jp/content/20260529-mxt_chousa01-000011635_6.csv,2026-05-20,2026-07-14T02:34:06Z,2026-07-14T02:34:06Z,verified_registry_identity,"Identity verified against MEXT 2026-05-01 provisional F1 registry; English name, website, experimental code, former name, and corporation require later official-source enrichment."
univ_f125310107342,F125310107342,not_found,びわこ成蹊スポーツ大学,not_found,びわこ成蹊スポーツ大学,not_found,active,university,private,main,not_applicable,not_found,5200503,25,滋賀県,大津市,滋賀県大津市北比良１２０４番地,not_found,https://www.mext.go.jp/content/20260529-mxt_chousa01-000011635_6.csv,2026-05-20,2026-07-14T02:34:06Z,2026-07-14T02:34:06Z,verified_registry_identity,"Identity verified against MEXT 2026-05-01 provisional F1 registry; English name, website, experimental code, former name, and corporation require later official-source enrichment."
univ_f125310107351,F125310107351,not_found,びわこ学院大学,not_found,びわこ学院大学,not_found,active,university,private,main,not_applicable,not_found,5270081,25,滋賀県,東近江市,滋賀県東近江市布施町２９番地,not_found,https://www.mext.go.jp/content/20260529-mxt_chousa01-000011635_6.csv,2026-05-20,2026-07-14T02:34:06Z,2026-07-14T02:34:06Z,verified_registry_identity,"Identity verified against MEXT 2026-05-01 provisional F1 registry; English name, website, experimental code, former name, and corporation require later official-source enrichment."
univ_f125310107360,F125310107360,not_found,びわこリハビリテーション専門職大学,not_found,びわこリハビリテーション専門職大学,not_found,active,university,private,main,not_applicable,not_found,5270145,25,滋賀県,東近江市,滋賀県東近江市北坂町９６７,not_found,https://www.mext.go.jp/content/20260529-mxt_chousa01-000011635_6.csv,2026-05-20,2026-07-14T02:34:06Z,2026-07-14T02:34:06Z,verified_registry_identity,"Identity verified against MEXT 2026-05-01 provisional F1 registry; English name, website, experimental code, former name, and corporation require later official-source enrichment."
univ_f126110107407,F126110107407,not_found,京都大学,not_found,京都大学,not_found,active,university,national,main,not_applicable,not_found,6068501,26,京都府,京都市,京都府京都市左京区吉田本町,not_found,https://www.mext.go.jp/content/20260529-mxt_chousa01-000011635_6.csv,2026-05-20,2026-07-14T02:34:06Z,2026-07-14T02:34:06Z,verified_registry_identity,"Identity verified against MEXT 2026-05-01 provisional F1 registry; English name, website, experimental code, former name, and corporation require later official-source enrichment."
univ_f126110107416,F126110107416,not_found,京都教育大学,not_found,京都教育大学,not_found,active,university,national,main,not_applicable,not_found,6120863,26,京都府,京都市,京都府京都市伏見区深草藤森町１,not_found,https://www.mext.go.jp/content/20260529-mxt_chousa01-000011635_6.csv,2026-05-20,2026-07-14T02:34:06Z,2026-07-14T02:34:06Z,verified_registry_identity,"Identity verified against MEXT 2026-05-01 provisional F1 registry; English name, website, experimental code, former name, and corporation require later official-source enrichment."
univ_f126110107425,F126110107425,not_found,京都工芸繊維大学,not_found,京都工芸繊維大学,not_found,active,university,national,main,not_applicable,not_found,6060951,26,京都府,京都市,京都府京都市左京区松ヶ崎橋上町,not_found,https://www.mext.go.jp/content/20260529-mxt_chousa01-000011635_6.csv,2026-05-20,2026-07-14T02:34:06Z,2026-07-14T02:34:06Z,verified_registry_identity,"Identity verified against MEXT 2026-05-01 provisional F1 registry; English name, website, experimental code, former name, and corporation require later official-source enrichment."
univ_f126210107432,F126210107432,not_found,京都市立芸術大学,not_found,京都市立芸術大学,not_found,active,university,public,main,not_applicable,not_found,6008601,26,京都府,京都市,京都府京都市下京区下之町５７ー１,not_found,https://www.mext.go.jp/content/20260529-mxt_chousa01-000011635_6.csv,2026-05-20,2026-07-14T02:34:06Z,2026-07-14T02:34:06Z,verified_registry_identity,"Identity verified against MEXT 2026-05-01 provisional F1 registry; English name, website, experimental code, former name, and corporation require later official-source enrichment."
univ_f126210107441,F126210107441,not_found,京都府立大学,not_found,京都府立大学,not_found,active,university,public,main,not_applicable,not_found,6068522,26,京都府,京都市,京都府京都市左京区下鴨半木町１－５,not_found,https://www.mext.go.jp/content/20260529-mxt_chousa01-000011635_6.csv,2026-05-20,2026-07-14T02:34:06Z,2026-07-14T02:34:06Z,verified_registry_identity,"Identity verified against MEXT 2026-05-01 provisional F1 registry; English name, website, experimental code, former name, and corporation require later official-source enrichment."
univ_f126210107450,F126210107450,not_found,京都府立医科大学,not_found,京都府立医科大学,not_found,active,university,public,main,not_applicable,not_found,6020841,26,京都府,京都市,京都府京都市上京区河原町通広小路上る梶井町４６５,not_found,https://www.mext.go.jp/content/20260529-mxt_chousa01-000011635_6.csv,2026-05-20,2026-07-14T02:34:06Z,2026-07-14T02:34:06Z,verified_registry_identity,"Identity verified against MEXT 2026-05-01 provisional F1 registry; English name, website, experimental code, former name, and corporation require later official-source enrichment."
univ_f126210107469,F126210107469,not_found,福知山公立大学,not_found,福知山公立大学,not_found,active,university,public,main,not_applicable,not_found,6200886,26,京都府,福知山市,京都府福知山市字堀３３７０,not_found,https://www.mext.go.jp/content/20260529-mxt_chousa01-000011635_6.csv,2026-05-20,2026-07-14T02:34:06Z,2026-07-14T02:34:06Z,verified_registry_identity,"Identity verified against MEXT 2026-05-01 provisional F1 registry; English name, website, experimental code, former name, and corporation require later official-source enrichment."
univ_f126310107476,F126310107476,not_found,平安女学院大学,not_found,平安女学院大学,not_found,active,university,private,main,not_applicable,not_found,6028029,26,京都府,京都市,京都府京都市上京区室町通椹木町上る武衛陣町２２１,not_found,https://www.mext.go.jp/content/20260529-mxt_chousa01-000011635_6.csv,2026-05-20,2026-07-14T02:34:06Z,2026-07-14T02:34:06Z,verified_registry_identity,"Identity verified against MEXT 2026-05-01 provisional F1 registry; English name, website, experimental code, former name, and corporation require later official-source enrichment."
univ_f126310107485,F126310107485,not_found,大谷大学,not_found,大谷大学,not_found,active,university,private,main,not_applicable,not_found,6038143,26,京都府,京都市,京都府京都市北区小山上総町,not_found,https://www.mext.go.jp/content/20260529-mxt_chousa01-000011635_6.csv,2026-05-20,2026-07-14T02:34:06Z,2026-07-14T02:34:06Z,verified_registry_identity,"Identity verified against MEXT 2026-05-01 provisional F1 registry; English name, website, experimental code, former name, and corporation require later official-source enrichment."
univ_f126310107494,F126310107494,not_found,京都外国語大学,not_found,京都外国語大学,not_found,active,university,private,main,not_applicable,not_found,6158558,26,京都府,京都市,京都府京都市右京区西院笠目町６,not_found,https://www.mext.go.jp/content/20260529-mxt_chousa01-000011635_6.csv,2026-05-20,2026-07-14T02:34:06Z,2026-07-14T02:34:06Z,verified_registry_identity,"Identity verified against MEXT 2026-05-01 provisional F1 registry; English name, website, experimental code, former name, and corporation require later official-source enrichment."
univ_f126310107500,F126310107500,not_found,京都産業大学,not_found,京都産業大学,not_found,active,university,private,main,not_applicable,not_found,6038555,26,京都府,京都市,京都府京都市北区上賀茂本山,not_found,https://www.mext.go.jp/content/20260529-mxt_chousa01-000011635_6.csv,2026-05-20,2026-07-14T02:34:06Z,2026-07-14T02:34:06Z,verified_registry_identity,"Identity verified against MEXT 2026-05-01 provisional F1 registry; English name, website, experimental code, former name, and corporation require later official-source enrichment."
univ_f126310107519,F126310107519,not_found,京都女子大学,not_found,京都女子大学,not_found,active,university,private,main,not_applicable,not_found,6058501,26,京都府,京都市,京都府京都市東山区今熊野北日吉町３５,not_found,https://www.mext.go.jp/content/20260529-mxt_chousa01-000011635_6.csv,2026-05-20,2026-07-14T02:34:06Z,2026-07-14T02:34:06Z,verified_registry_identity,"Identity verified against MEXT 2026-05-01 provisional F1 registry; English name, website, experimental code, former name, and corporation require later official-source enrichment."
univ_f126310107528,F126310107528,not_found,京都薬科大学,not_found,京都薬科大学,not_found,active,university,private,main,not_applicable,not_found,6078414,26,京都府,京都市,京都府京都市山科区御陵中内町５,not_found,https://www.mext.go.jp/content/20260529-mxt_chousa01-000011635_6.csv,2026-05-20,2026-07-14T02:34:06Z,2026-07-14T02:34:06Z,verified_registry_identity,"Identity verified against MEXT 2026-05-01 provisional F1 registry; English name, website, experimental code, former name, and corporation require later official-source enrichment."
univ_f126310107537,F126310107537,not_found,京都光華大学,not_found,京都光華大学,not_found,active,university,private,main,not_applicable,not_found,6150882,26,京都府,京都市,京都府京都市右京区西京極葛野町３８,not_found,https://www.mext.go.jp/content/20260529-mxt_chousa01-000011635_6.csv,2026-05-20,2026-07-14T02:34:06Z,2026-07-14T02:34:06Z,verified_registry_identity,"Identity verified against MEXT 2026-05-01 provisional F1 registry; English name, website, experimental code, former name, and corporation require later official-source enrichment."
univ_f126310107546,F126310107546,not_found,種智院大学,not_found,種智院大学,not_found,active,university,private,main,not_applicable,not_found,6128156,26,京都府,京都市,京都府京都市伏見区向島西定請７０,not_found,https://www.mext.go.jp/content/20260529-mxt_chousa01-000011635_6.csv,2026-05-20,2026-07-14T02:34:06Z,2026-07-14T02:34:06Z,verified_registry_identity,"Identity verified against MEXT 2026-05-01 provisional F1 registry; English name, website, experimental code, former name, and corporation require later official-source enrichment."
univ_f126310107555,F126310107555,not_found,京都橘大学,not_found,京都橘大学,not_found,active,university,private,main,not_applicable,not_found,6078175,26,京都府,京都市,京都府京都市山科区大宅山田町３４,not_found,https://www.mext.go.jp/content/20260529-mxt_chousa01-000011635_6.csv,2026-05-20,2026-07-14T02:34:06Z,2026-07-14T02:34:06Z,verified_registry_identity,"Identity verified against MEXT 2026-05-01 provisional F1 registry; English name, website, experimental code, former name, and corporation require later official-source enrichment."
univ_f126310107564,F126310107564,not_found,同志社大学,not_found,同志社大学,not_found,active,university,private,main,not_applicable,not_found,6020893,26,京都府,京都市,京都府京都市上京区今出川通烏丸東入ル玄武町６０１,not_found,https://www.mext.go.jp/content/20260529-mxt_chousa01-000011635_6.csv,2026-05-20,2026-07-14T02:34:06Z,2026-07-14T02:34:06Z,verified_registry_identity,"Identity verified against MEXT 2026-05-01 provisional F1 registry; English name, website, experimental code, former name, and corporation require later official-source enrichment."
univ_f126310107573,F126310107573,not_found,同志社女子大学,not_found,同志社女子大学,not_found,active,university,private,main,not_applicable,not_found,6100395,26,京都府,京田辺市,京都府京田辺市興戸南鉾立９７－１,not_found,https://www.mext.go.jp/content/20260529-mxt_chousa01-000011635_6.csv,2026-05-20,2026-07-14T02:34:06Z,2026-07-14T02:34:06Z,verified_registry_identity,"Identity verified against MEXT 2026-05-01 provisional F1 registry; English name, website, experimental code, former name, and corporation require later official-source enrichment."
univ_f126310107582,F126310107582,not_found,京都ノートルダム女子大学,not_found,京都ノートルダム女子大学,not_found,active,university,private,main,not_applicable,not_found,6060847,26,京都府,京都市,京都府京都市左京区下鴨南野々神町１,not_found,https://www.mext.go.jp/content/20260529-mxt_chousa01-000011635_6.csv,2026-05-20,2026-07-14T02:34:06Z,2026-07-14T02:34:06Z,verified_registry_identity,"Identity verified against MEXT 2026-05-01 provisional F1 registry; English name, website, experimental code, former name, and corporation require later official-source enrichment."
univ_f126310107591,F126310107591,not_found,花園大学,not_found,花園大学,not_found,active,university,private,main,not_applicable,not_found,6048456,26,京都府,京都市,京都府京都市中京区西ノ京壺ノ内町８－１,not_found,https://www.mext.go.jp/content/20260529-mxt_chousa01-000011635_6.csv,2026-05-20,2026-07-14T02:34:06Z,2026-07-14T02:34:06Z,verified_registry_identity,"Identity verified against MEXT 2026-05-01 provisional F1 registry; English name, website, experimental code, former name, and corporation require later official-source enrichment."
univ_f126310107608,F126310107608,not_found,佛教大学,not_found,佛教大学,not_found,active,university,private,main,not_applicable,not_found,6038301,26,京都府,京都市,京都府京都市北区紫野北花ノ坊町９６,not_found,https://www.mext.go.jp/content/20260529-mxt_chousa01-000011635_6.csv,2026-05-20,2026-07-14T02:34:06Z,2026-07-14T02:34:06Z,verified_registry_identity,"Identity verified against MEXT 2026-05-01 provisional F1 registry; English name, website, experimental code, former name, and corporation require later official-source enrichment."
univ_f126310107617,F126310107617,not_found,立命館大学,not_found,立命館大学,not_found,active,university,private,main,not_applicable,not_found,6048520,26,京都府,京都市,京都府京都市中京区西ノ京東栂尾町８,not_found,https://www.mext.go.jp/content/20260529-mxt_chousa01-000011635_6.csv,2026-05-20,2026-07-14T02:34:06Z,2026-07-14T02:34:06Z,verified_registry_identity,"Identity verified against MEXT 2026-05-01 provisional F1 registry; English name, website, experimental code, former name, and corporation require later official-source enrichment."
univ_f126310107626,F126310107626,not_found,龍谷大学,not_found,龍谷大学,not_found,active,university,private,main,not_applicable,not_found,6128577,26,京都府,京都市,京都府京都市伏見区深草塚本町６７,not_found,https://www.mext.go.jp/content/20260529-mxt_chousa01-000011635_6.csv,2026-05-20,2026-07-14T02:34:06Z,2026-07-14T02:34:06Z,verified_registry_identity,"Identity verified against MEXT 2026-05-01 provisional F1 registry; English name, website, experimental code, former name, and corporation require later official-source enrichment."
univ_f126310107635,F126310107635,not_found,京都先端科学大学,not_found,京都先端科学大学,not_found,active,university,private,main,not_applicable,not_found,6158577,26,京都府,京都市,京都府京都市右京区山ノ内五反田町１８番地,not_found,https://www.mext.go.jp/content/20260529-mxt_chousa01-000011635_6.csv,2026-05-20,2026-07-14T02:34:06Z,2026-07-14T02:34:06Z,verified_registry_identity,"Identity verified against MEXT 2026-05-01 provisional F1 registry; English name, website, experimental code, former name, and corporation require later official-source enrichment."
univ_f126310107644,F126310107644,not_found,京都精華大学,not_found,京都精華大学,not_found,active,university,private,main,not_applicable,not_found,6068588,26,京都府,京都市,京都府京都市左京区岩倉木野町１３７,not_found,https://www.mext.go.jp/content/20260529-mxt_chousa01-000011635_6.csv,2026-05-20,2026-07-14T02:34:06Z,2026-07-14T02:34:06Z,verified_registry_identity,"Identity verified against MEXT 2026-05-01 provisional F1 registry; English name, website, experimental code, former name, and corporation require later official-source enrichment."
univ_f126310107653,F126310107653,not_found,明治国際医療大学,not_found,明治国際医療大学,not_found,active,university,private,main,not_applicable,not_found,6290392,26,京都府,南丹市,京都府南丹市日吉町保野田ヒノ谷６番地１,not_found,https://www.mext.go.jp/content/20260529-mxt_chousa01-000011635_6.csv,2026-05-20,2026-07-14T02:34:06Z,2026-07-14T02:34:06Z,verified_registry_identity,"Identity verified against MEXT 2026-05-01 provisional F1 registry; English name, website, experimental code, former name, and corporation require later official-source enrichment."
univ_f126310107662,F126310107662,not_found,京都芸術大学,not_found,京都芸術大学,not_found,active,university,private,main,not_applicable,not_found,6068271,26,京都府,京都市,京都府京都市左京区北白川瓜生山２－１１６,not_found,https://www.mext.go.jp/content/20260529-mxt_chousa01-000011635_6.csv,2026-05-20,2026-07-14T02:34:06Z,2026-07-14T02:34:06Z,verified_registry_identity,"Identity verified against MEXT 2026-05-01 provisional F1 registry; English name, website, experimental code, former name, and corporation require later official-source enrichment."
univ_f126310107671,F126310107671,not_found,京都文教大学,not_found,京都文教大学,not_found,active,university,private,main,not_applicable,not_found,6110041,26,京都府,宇治市,京都府宇治市槙島町千足８０,not_found,https://www.mext.go.jp/content/20260529-mxt_chousa01-000011635_6.csv,2026-05-20,2026-07-14T02:34:06Z,2026-07-14T02:34:06Z,verified_registry_identity,"Identity verified against MEXT 2026-05-01 provisional F1 registry; English name, website, experimental code, former name, and corporation require later official-source enrichment."
univ_f126310107680,F126310107680,not_found,嵯峨美術大学,not_found,嵯峨美術大学,not_found,active,university,private,main,not_applicable,not_found,6168362,26,京都府,京都市,京都府京都市右京区嵯峨五島町１番地,not_found,https://www.mext.go.jp/content/20260529-mxt_chousa01-000011635_6.csv,2026-05-20,2026-07-14T02:34:06Z,2026-07-14T02:34:06Z,verified_registry_identity,"Identity verified against MEXT 2026-05-01 provisional F1 registry; English name, website, experimental code, former name, and corporation require later official-source enrichment."
univ_f126310107699,F126310107699,not_found,京都情報大学院大学,not_found,京都情報大学院大学,not_found,active,university,private,main,not_applicable,not_found,6068225,26,京都府,京都市,京都府京都市左京区田中門前町７番地,not_found,https://www.mext.go.jp/content/20260529-mxt_chousa01-000011635_6.csv,2026-05-20,2026-07-14T02:34:06Z,2026-07-14T02:34:06Z,verified_registry_identity,"Identity verified against MEXT 2026-05-01 provisional F1 registry; English name, website, experimental code, former name, and corporation require later official-source enrichment."
univ_f126310107706,F126310107706,not_found,京都医療科学大学,not_found,京都医療科学大学,not_found,active,university,private,main,not_applicable,not_found,6220041,26,京都府,南丹市,京都府南丹市園部町小山東町今北１番３,not_found,https://www.mext.go.jp/content/20260529-mxt_chousa01-000011635_6.csv,2026-05-20,2026-07-14T02:34:06Z,2026-07-14T02:34:06Z,verified_registry_identity,"Identity verified against MEXT 2026-05-01 provisional F1 registry; English name, website, experimental code, former name, and corporation require later official-source enrichment."
univ_f126310107715,F126310107715,not_found,京都華頂大学,not_found,京都華頂大学,not_found,active,university,private,main,not_applicable,not_found,6050062,26,京都府,京都市,京都府京都市東山区林下町３－４５６,not_found,https://www.mext.go.jp/content/20260529-mxt_chousa01-000011635_6.csv,2026-05-20,2026-07-14T02:34:06Z,2026-07-14T02:34:06Z,verified_registry_identity,"Identity verified against MEXT 2026-05-01 provisional F1 registry; English name, website, experimental code, former name, and corporation require later official-source enrichment."
univ_f126310107724,F126310107724,not_found,京都美術工芸大学,not_found,京都美術工芸大学,not_found,active,university,private,main,not_applicable,not_found,6050991,26,京都府,京都市,京都府京都市東山区鞘町通正面下る上堀詰町２７２番地１,not_found,https://www.mext.go.jp/content/20260529-mxt_chousa01-000011635_6.csv,2026-05-20,2026-07-14T02:34:06Z,2026-07-14T02:34:06Z,verified_registry_identity,"Identity verified against MEXT 2026-05-01 provisional F1 registry; English name, website, experimental code, former name, and corporation require later official-source enrichment."
univ_f126310107733,F126310107733,not_found,京都看護大学,not_found,京都看護大学,not_found,active,university,private,main,not_applicable,not_found,6048845,26,京都府,京都市,京都府京都市中京区壬生東高田町１－２１,not_found,https://www.mext.go.jp/content/20260529-mxt_chousa01-000011635_6.csv,2026-05-20,2026-07-14T02:34:06Z,2026-07-14T02:34:06Z,verified_registry_identity,"Identity verified against MEXT 2026-05-01 provisional F1 registry; English name, website, experimental code, former name, and corporation require later official-source enrichment."
univ_f127110107852,F127110107852,not_found,大阪大学,not_found,大阪大学,not_found,active,university,national,main,not_applicable,not_found,5650871,27,大阪府,吹田市,大阪府吹田市山田丘１－１,not_found,https://www.mext.go.jp/content/20260529-mxt_chousa01-000011635_6.csv,2026-05-20,2026-07-14T02:34:06Z,2026-07-14T02:34:06Z,verified_registry_identity,"Identity verified against MEXT 2026-05-01 provisional F1 registry; English name, website, experimental code, former name, and corporation require later official-source enrichment."
univ_f127110107861,F127110107861,not_found,大阪教育大学,not_found,大阪教育大学,not_found,active,university,national,main,not_applicable,not_found,5820026,27,大阪府,柏原市,大阪府柏原市旭ケ丘４－６９８－１,not_found,https://www.mext.go.jp/content/20260529-mxt_chousa01-000011635_6.csv,2026-05-20,2026-07-14T02:34:06Z,2026-07-14T02:34:06Z,verified_registry_identity,"Identity verified against MEXT 2026-05-01 provisional F1 registry; English name, website, experimental code, former name, and corporation require later official-source enrichment."
univ_f127210107878,F127210107878,not_found,大阪市立大学,not_found,大阪市立大学,not_found,active,university,public,main,not_applicable,not_found,5588585,27,大阪府,大阪市,大阪府大阪市住吉区杉本３－３－１３８,not_found,https://www.mext.go.jp/content/20260529-mxt_chousa01-000011635_6.csv,2026-05-20,2026-07-14T02:34:06Z,2026-07-14T02:34:06Z,verified_registry_identity,"Identity verified against MEXT 2026-05-01 provisional F1 registry; English name, website, experimental code, former name, and corporation require later official-source enrichment."
univ_f127210107887,F127210107887,not_found,大阪府立大学,not_found,大阪府立大学,not_found,active,university,public,main,not_applicable,not_found,5998531,27,大阪府,堺市,大阪府堺市中区学園町１番１号,not_found,https://www.mext.go.jp/content/20260529-mxt_chousa01-000011635_6.csv,2026-05-20,2026-07-14T02:34:06Z,2026-07-14T02:34:06Z,verified_registry_identity,"Identity verified against MEXT 2026-05-01 provisional F1 registry; English name, website, experimental code, former name, and corporation require later official-source enrichment."
univ_f127210111989,F127210111989,not_found,大阪公立大学,not_found,大阪公立大学,not_found,active,university,public,main,not_applicable,not_found,5368525,27,大阪府,大阪市,大阪府大阪市城東区森之宮二丁目１番１３２号,not_found,https://www.mext.go.jp/content/20260529-mxt_chousa01-000011635_6.csv,2026-05-20,2026-07-14T02:34:06Z,2026-07-14T02:34:06Z,verified_registry_identity,"Identity verified against MEXT 2026-05-01 provisional F1 registry; English name, website, experimental code, former name, and corporation require later official-source enrichment."
univ_f127310107894,F127310107894,not_found,大阪経済大学,not_found,大阪経済大学,not_found,active,university,private,main,not_applicable,not_found,5330015,27,大阪府,大阪市,大阪府大阪市東淀川区大隅２－２－８,not_found,https://www.mext.go.jp/content/20260529-mxt_chousa01-000011635_6.csv,2026-05-20,2026-07-14T02:34:06Z,2026-07-14T02:34:06Z,verified_registry_identity,"Identity verified against MEXT 2026-05-01 provisional F1 registry; English name, website, experimental code, former name, and corporation require later official-source enrichment."
univ_f127310107901,F127310107901,not_found,大阪工業大学,not_found,大阪工業大学,not_found,active,university,private,main,not_applicable,not_found,5358585,27,大阪府,大阪市,大阪府大阪市旭区大宮５－１６－１,not_found,https://www.mext.go.jp/content/20260529-mxt_chousa01-000011635_6.csv,2026-05-20,2026-07-14T02:34:06Z,2026-07-14T02:34:06Z,verified_registry_identity,"Identity verified against MEXT 2026-05-01 provisional F1 registry; English name, website, experimental code, former name, and corporation require later official-source enrichment."
univ_f127310107910,F127310107910,not_found,大阪歯科大学,not_found,大阪歯科大学,not_found,active,university,private,main,not_applicable,not_found,5731121,27,大阪府,枚方市,大阪府枚方市楠葉花園町８－１,not_found,https://www.mext.go.jp/content/20260529-mxt_chousa01-000011635_6.csv,2026-05-20,2026-07-14T02:34:06Z,2026-07-14T02:34:06Z,verified_registry_identity,"Identity verified against MEXT 2026-05-01 provisional F1 registry; English name, website, experimental code, former name, and corporation require later official-source enrichment."
univ_f127310107929,F127310107929,not_found,相愛大学,not_found,相愛大学,not_found,active,university,private,main,not_applicable,not_found,5590033,27,大阪府,大阪市,大阪府大阪市住之江区南港中４－４－１,not_found,https://www.mext.go.jp/content/20260529-mxt_chousa01-000011635_6.csv,2026-05-20,2026-07-14T02:34:06Z,2026-07-14T02:34:06Z,verified_registry_identity,"Identity verified against MEXT 2026-05-01 provisional F1 registry; English name, website, experimental code, former name, and corporation require later official-source enrichment."
univ_f127310107938,F127310107938,not_found,桃山学院大学,not_found,桃山学院大学,not_found,active,university,private,main,not_applicable,not_found,5941198,27,大阪府,和泉市,大阪府和泉市まなび野１－１,not_found,https://www.mext.go.jp/content/20260529-mxt_chousa01-000011635_6.csv,2026-05-20,2026-07-14T02:34:06Z,2026-07-14T02:34:06Z,verified_registry_identity,"Identity verified against MEXT 2026-05-01 provisional F1 registry; English name, website, experimental code, former name, and corporation require later official-source enrichment."
univ_f127310107947,F127310107947,not_found,摂南大学,not_found,摂南大学,not_found,active,university,private,main,not_applicable,not_found,5728508,27,大阪府,寝屋川市,大阪府寝屋川市池田中町１７－８,not_found,https://www.mext.go.jp/content/20260529-mxt_chousa01-000011635_6.csv,2026-05-20,2026-07-14T02:34:06Z,2026-07-14T02:34:06Z,verified_registry_identity,"Identity verified against MEXT 2026-05-01 provisional F1 registry; English name, website, experimental code, former name, and corporation require later official-source enrichment."
univ_f127310107965,F127310107965,not_found,大阪医科薬科大学,not_found,大阪医科薬科大学,not_found,active,university,private,main,not_applicable,not_found,5698686,27,大阪府,高槻市,大阪府高槻市大学町２－７,not_found,https://www.mext.go.jp/content/20260529-mxt_chousa01-000011635_6.csv,2026-05-20,2026-07-14T02:34:06Z,2026-07-14T02:34:06Z,verified_registry_identity,"Identity verified against MEXT 2026-05-01 provisional F1 registry; English name, website, experimental code, former name, and corporation require later official-source enrichment."
univ_f127310107974,F127310107974,not_found,大阪音楽大学,not_found,大阪音楽大学,not_found,active,university,private,main,not_applicable,not_found,5618555,27,大阪府,豊中市,大阪府豊中市庄内幸町１－１－８,not_found,https://www.mext.go.jp/content/20260529-mxt_chousa01-000011635_6.csv,2026-05-20,2026-07-14T02:34:06Z,2026-07-14T02:34:06Z,verified_registry_identity,"Identity verified against MEXT 2026-05-01 provisional F1 registry; English name, website, experimental code, former name, and corporation require later official-source enrichment."
univ_f127310107983,F127310107983,not_found,大阪学院大学,not_found,大阪学院大学,not_found,active,university,private,main,not_applicable,not_found,5648511,27,大阪府,吹田市,大阪府吹田市岸部南２－３６－１,not_found,https://www.mext.go.jp/content/20260529-mxt_chousa01-000011635_6.csv,2026-05-20,2026-07-14T02:34:06Z,2026-07-14T02:34:06Z,verified_registry_identity,"Identity verified against MEXT 2026-05-01 provisional F1 registry; English name, website, experimental code, former name, and corporation require later official-source enrichment."
univ_f127310107992,F127310107992,not_found,大阪芸術大学,not_found,大阪芸術大学,not_found,active,university,private,main,not_applicable,not_found,5858555,27,大阪府,南河内郡河南町,大阪府南河内郡河南町東山４６９,not_found,https://www.mext.go.jp/content/20260529-mxt_chousa01-000011635_6.csv,2026-05-20,2026-07-14T02:34:06Z,2026-07-14T02:34:06Z,verified_registry_identity,"Identity verified against MEXT 2026-05-01 provisional F1 registry; English name, website, experimental code, former name, and corporation require later official-source enrichment."
univ_f127310108009,F127310108009,not_found,大阪産業大学,not_found,大阪産業大学,not_found,active,university,private,main,not_applicable,not_found,5748530,27,大阪府,大東市,大阪府大東市中垣内３－１－１,not_found,https://www.mext.go.jp/content/20260529-mxt_chousa01-000011635_6.csv,2026-05-20,2026-07-14T02:34:06Z,2026-07-14T02:34:06Z,verified_registry_identity,"Identity verified against MEXT 2026-05-01 provisional F1 registry; English name, website, experimental code, former name, and corporation require later official-source enrichment."
univ_f127310108018,F127310108018,not_found,大阪樟蔭女子大学,not_found,大阪樟蔭女子大学,not_found,active,university,private,main,not_applicable,not_found,5778550,27,大阪府,東大阪市,大阪府東大阪市菱屋西４－２－２６,not_found,https://www.mext.go.jp/content/20260529-mxt_chousa01-000011635_6.csv,2026-05-20,2026-07-14T02:34:06Z,2026-07-14T02:34:06Z,verified_registry_identity,"Identity verified against MEXT 2026-05-01 provisional F1 registry; English name, website, experimental code, former name, and corporation require later official-source enrichment."
univ_f127310108027,F127310108027,not_found,大阪商業大学,not_found,大阪商業大学,not_found,active,university,private,main,not_applicable,not_found,5778505,27,大阪府,東大阪市,大阪府東大阪市御厨栄町４－１－１０,not_found,https://www.mext.go.jp/content/20260529-mxt_chousa01-000011635_6.csv,2026-05-20,2026-07-14T02:34:06Z,2026-07-14T02:34:06Z,verified_registry_identity,"Identity verified against MEXT 2026-05-01 provisional F1 registry; English name, website, experimental code, former name, and corporation require later official-source enrichment."
univ_f127310108036,F127310108036,not_found,大阪体育大学,not_found,大阪体育大学,not_found,active,university,private,main,not_applicable,not_found,5900496,27,大阪府,泉南郡熊取町,大阪府泉南郡熊取町朝代台１－１,not_found,https://www.mext.go.jp/content/20260529-mxt_chousa01-000011635_6.csv,2026-05-20,2026-07-14T02:34:06Z,2026-07-14T02:34:06Z,verified_registry_identity,"Identity verified against MEXT 2026-05-01 provisional F1 registry; English name, website, experimental code, former name, and corporation require later official-source enrichment."
univ_f127310108045,F127310108045,not_found,大阪電気通信大学,not_found,大阪電気通信大学,not_found,active,university,private,main,not_applicable,not_found,5728530,27,大阪府,寝屋川市,大阪府寝屋川市初町１８－８,not_found,https://www.mext.go.jp/content/20260529-mxt_chousa01-000011635_6.csv,2026-05-20,2026-07-14T02:34:06Z,2026-07-14T02:34:06Z,verified_registry_identity,"Identity verified against MEXT 2026-05-01 provisional F1 registry; English name, website, experimental code, former name, and corporation require later official-source enrichment."
univ_f127310108063,F127310108063,not_found,大阪大谷大学,not_found,大阪大谷大学,not_found,active,university,private,main,not_applicable,not_found,5848540,27,大阪府,富田林市,大阪府富田林市錦織北３－１１－１,not_found,https://www.mext.go.jp/content/20260529-mxt_chousa01-000011635_6.csv,2026-05-20,2026-07-14T02:34:06Z,2026-07-14T02:34:06Z,verified_registry_identity,"Identity verified against MEXT 2026-05-01 provisional F1 registry; English name, website, experimental code, former name, and corporation require later official-source enrichment."
univ_f127310108072,F127310108072,not_found,追手門学院大学,not_found,追手門学院大学,not_found,active,university,private,main,not_applicable,not_found,5678620,27,大阪府,茨木市,大阪府茨木市太田東芝町１－１,not_found,https://www.mext.go.jp/content/20260529-mxt_chousa01-000011635_6.csv,2026-05-20,2026-07-14T02:34:06Z,2026-07-14T02:34:06Z,verified_registry_identity,"Identity verified against MEXT 2026-05-01 provisional F1 registry; English name, website, experimental code, former name, and corporation require later official-source enrichment."
univ_f127310108081,F127310108081,not_found,関西大学,not_found,関西大学,not_found,active,university,private,main,not_applicable,not_found,5640073,27,大阪府,吹田市,大阪府吹田市山手町３－３－３５,not_found,https://www.mext.go.jp/content/20260529-mxt_chousa01-000011635_6.csv,2026-05-20,2026-07-14T02:34:06Z,2026-07-14T02:34:06Z,verified_registry_identity,"Identity verified against MEXT 2026-05-01 provisional F1 registry; English name, website, experimental code, former name, and corporation require later official-source enrichment."
univ_f127310108090,F127310108090,not_found,関西医科大学,not_found,関西医科大学,not_found,active,university,private,main,not_applicable,not_found,5731010,27,大阪府,枚方市,大阪府枚方市新町２丁目５番１号,not_found,https://www.mext.go.jp/content/20260529-mxt_chousa01-000011635_6.csv,2026-05-20,2026-07-14T02:34:06Z,2026-07-14T02:34:06Z,verified_registry_identity,"Identity verified against MEXT 2026-05-01 provisional F1 registry; English name, website, experimental code, former name, and corporation require later official-source enrichment."
univ_f127310108107,F127310108107,not_found,関西外国語大学,not_found,関西外国語大学,not_found,active,university,private,main,not_applicable,not_found,5731001,27,大阪府,枚方市,大阪府枚方市中宮東之町１６－１,not_found,https://www.mext.go.jp/content/20260529-mxt_chousa01-000011635_6.csv,2026-05-20,2026-07-14T02:34:06Z,2026-07-14T02:34:06Z,verified_registry_identity,"Identity verified against MEXT 2026-05-01 provisional F1 registry; English name, website, experimental code, former name, and corporation require later official-source enrichment."
univ_f127310108116,F127310108116,not_found,近畿大学,not_found,近畿大学,not_found,active,university,private,main,not_applicable,not_found,5778502,27,大阪府,東大阪市,大阪府東大阪市小若江３－４－１,not_found,https://www.mext.go.jp/content/20260529-mxt_chousa01-000011635_6.csv,2026-05-20,2026-07-14T02:34:06Z,2026-07-14T02:34:06Z,verified_registry_identity,"Identity verified against MEXT 2026-05-01 provisional F1 registry; English name, website, experimental code, former name, and corporation require later official-source enrichment."
univ_f127310108125,F127310108125,not_found,四天王寺大学,not_found,四天王寺大学,not_found,active,university,private,main,not_applicable,not_found,5838501,27,大阪府,羽曳野市,大阪府羽曳野市学園前３－２－１,not_found,https://www.mext.go.jp/content/20260529-mxt_chousa01-000011635_6.csv,2026-05-20,2026-07-14T02:34:06Z,2026-07-14T02:34:06Z,verified_registry_identity,"Identity verified against MEXT 2026-05-01 provisional F1 registry; English name, website, experimental code, former name, and corporation require later official-source enrichment."
univ_f127310108134,F127310108134,not_found,帝塚山学院大学,not_found,帝塚山学院大学,not_found,active,university,private,main,not_applicable,not_found,5900113,27,大阪府,堺市,大阪府堺市南区晴美台４－２－２,not_found,https://www.mext.go.jp/content/20260529-mxt_chousa01-000011635_6.csv,2026-05-20,2026-07-14T02:34:06Z,2026-07-14T02:34:06Z,verified_registry_identity,"Identity verified against MEXT 2026-05-01 provisional F1 registry; English name, website, experimental code, former name, and corporation require later official-source enrichment."
univ_f127310108143,F127310108143,not_found,梅花女子大学,not_found,梅花女子大学,not_found,active,university,private,main,not_applicable,not_found,5678578,27,大阪府,茨木市,大阪府茨木市宿久庄２－１９－５,not_found,https://www.mext.go.jp/content/20260529-mxt_chousa01-000011635_6.csv,2026-05-20,2026-07-14T02:34:06Z,2026-07-14T02:34:06Z,verified_registry_identity,"Identity verified against MEXT 2026-05-01 provisional F1 registry; English name, website, experimental code, former name, and corporation require later official-source enrichment."
univ_f127310108152,F127310108152,not_found,阪南大学,not_found,阪南大学,not_found,active,university,private,main,not_applicable,not_found,5808502,27,大阪府,松原市,大阪府松原市天美東５－４－３３,not_found,https://www.mext.go.jp/content/20260529-mxt_chousa01-000011635_6.csv,2026-05-20,2026-07-14T02:34:06Z,2026-07-14T02:34:06Z,verified_registry_identity,"Identity verified against MEXT 2026-05-01 provisional F1 registry; English name, website, experimental code, former name, and corporation require later official-source enrichment."
univ_f127310108161,F127310108161,not_found,大阪経済法科大学,not_found,大阪経済法科大学,not_found,active,university,private,main,not_applicable,not_found,5818511,27,大阪府,八尾市,大阪府八尾市楽音寺６－１０,not_found,https://www.mext.go.jp/content/20260529-mxt_chousa01-000011635_6.csv,2026-05-20,2026-07-14T02:34:06Z,2026-07-14T02:34:06Z,verified_registry_identity,"Identity verified against MEXT 2026-05-01 provisional F1 registry; English name, website, experimental code, former name, and corporation require later official-source enrichment."
univ_f127310108170,F127310108170,not_found,大阪国際大学,not_found,大阪国際大学,not_found,active,university,private,main,not_applicable,not_found,5708555,27,大阪府,守口市,大阪府守口市藤田町６－２１－５７,not_found,https://www.mext.go.jp/content/20260529-mxt_chousa01-000011635_6.csv,2026-05-20,2026-07-14T02:34:06Z,2026-07-14T02:34:06Z,verified_registry_identity,"Identity verified against MEXT 2026-05-01 provisional F1 registry; English name, website, experimental code, former name, and corporation require later official-source enrichment."
univ_f127310108189,F127310108189,not_found,関西福祉科学大学,not_found,関西福祉科学大学,not_found,active,university,private,main,not_applicable,not_found,5820026,27,大阪府,柏原市,大阪府柏原市旭ケ丘３丁目１１－１,not_found,https://www.mext.go.jp/content/20260529-mxt_chousa01-000011635_6.csv,2026-05-20,2026-07-14T02:34:06Z,2026-07-14T02:34:06Z,verified_registry_identity,"Identity verified against MEXT 2026-05-01 provisional F1 registry; English name, website, experimental code, former name, and corporation require later official-source enrichment."
univ_f127310108198,F127310108198,not_found,太成学院大学,not_found,太成学院大学,not_found,active,university,private,main,not_applicable,not_found,5878555,27,大阪府,堺市,大阪府堺市美原区平尾１０６０－１,not_found,https://www.mext.go.jp/content/20260529-mxt_chousa01-000011635_6.csv,2026-05-20,2026-07-14T02:34:06Z,2026-07-14T02:34:06Z,verified_registry_identity,"Identity verified against MEXT 2026-05-01 provisional F1 registry; English name, website, experimental code, former name, and corporation require later official-source enrichment."
univ_f127310108205,F127310108205,not_found,大阪常磐会大学,not_found,大阪常磐会大学,not_found,active,university,private,main,not_applicable,not_found,5470021,27,大阪府,大阪市,大阪府大阪市平野区喜連東１－４－１２,not_found,https://www.mext.go.jp/content/20260529-mxt_chousa01-000011635_6.csv,2026-05-20,2026-07-14T02:34:06Z,2026-07-14T02:34:06Z,verified_registry_identity,"Identity verified against MEXT 2026-05-01 provisional F1 registry; English name, website, experimental code, former name, and corporation require later official-source enrichment."
univ_f127310108214,F127310108214,not_found,大阪観光大学,not_found,大阪観光大学,not_found,active,university,private,main,not_applicable,not_found,5900493,27,大阪府,泉南郡熊取町,大阪府泉南郡熊取町大久保南５丁目３番１号,not_found,https://www.mext.go.jp/content/20260529-mxt_chousa01-000011635_6.csv,2026-05-20,2026-07-14T02:34:06Z,2026-07-14T02:34:06Z,verified_registry_identity,"Identity verified against MEXT 2026-05-01 provisional F1 registry; English name, website, experimental code, former name, and corporation require later official-source enrichment."
univ_f127310108223,F127310108223,not_found,大阪人間科学大学,not_found,大阪人間科学大学,not_found,active,university,private,main,not_applicable,not_found,5668501,27,大阪府,摂津市,大阪府摂津市正雀１丁目４番１号,not_found,https://www.mext.go.jp/content/20260529-mxt_chousa01-000011635_6.csv,2026-05-20,2026-07-14T02:34:06Z,2026-07-14T02:34:06Z,verified_registry_identity,"Identity verified against MEXT 2026-05-01 provisional F1 registry; English name, website, experimental code, former name, and corporation require later official-source enrichment."
univ_f127310108232,F127310108232,not_found,羽衣国際大学,not_found,羽衣国際大学,not_found,active,university,private,main,not_applicable,not_found,5928344,27,大阪府,堺市,大阪府堺市西区浜寺南町１丁８９の１,not_found,https://www.mext.go.jp/content/20260529-mxt_chousa01-000011635_6.csv,2026-05-20,2026-07-14T02:34:06Z,2026-07-14T02:34:06Z,verified_registry_identity,"Identity verified against MEXT 2026-05-01 provisional F1 registry; English name, website, experimental code, former name, and corporation require later official-source enrichment."
univ_f127310108241,F127310108241,not_found,大阪成蹊大学,not_found,大阪成蹊大学,not_found,active,university,private,main,not_applicable,not_found,5330007,27,大阪府,大阪市,大阪府大阪市東淀川区相川３－１０－６２,not_found,https://www.mext.go.jp/content/20260529-mxt_chousa01-000011635_6.csv,2026-05-20,2026-07-14T02:34:06Z,2026-07-14T02:34:06Z,verified_registry_identity,"Identity verified against MEXT 2026-05-01 provisional F1 registry; English name, website, experimental code, former name, and corporation require later official-source enrichment."
univ_f127310108250,F127310108250,not_found,関西医療大学,not_found,関西医療大学,not_found,active,university,private,main,not_applicable,not_found,5900482,27,大阪府,泉南郡熊取町,大阪府泉南郡熊取町若葉２丁目１１番１号,not_found,https://www.mext.go.jp/content/20260529-mxt_chousa01-000011635_6.csv,2026-05-20,2026-07-14T02:34:06Z,2026-07-14T02:34:06Z,verified_registry_identity,"Identity verified against MEXT 2026-05-01 provisional F1 registry; English name, website, experimental code, former name, and corporation require later official-source enrichment."
univ_f127310108269,F127310108269,not_found,千里金蘭大学,not_found,千里金蘭大学,not_found,active,university,private,main,not_applicable,not_found,5650873,27,大阪府,吹田市,大阪府吹田市藤白台５丁目２５番１号,not_found,https://www.mext.go.jp/content/20260529-mxt_chousa01-000011635_6.csv,2026-05-20,2026-07-14T02:34:06Z,2026-07-14T02:34:06Z,verified_registry_identity,"Identity verified against MEXT 2026-05-01 provisional F1 registry; English name, website, experimental code, former name, and corporation require later official-source enrichment."
univ_f127310108278,F127310108278,not_found,東大阪大学,not_found,東大阪大学,not_found,active,university,private,main,not_applicable,not_found,5778567,27,大阪府,東大阪市,大阪府東大阪市西堤学園町３丁目１番１号,not_found,https://www.mext.go.jp/content/20260529-mxt_chousa01-000011635_6.csv,2026-05-20,2026-07-14T02:34:06Z,2026-07-14T02:34:06Z,verified_registry_identity,"Identity verified against MEXT 2026-05-01 provisional F1 registry; English name, website, experimental code, former name, and corporation require later official-source enrichment."
univ_f127310108287,F127310108287,not_found,大阪女学院大学,not_found,大阪女学院大学,not_found,active,university,private,main,not_applicable,not_found,5400004,27,大阪府,大阪市,大阪府大阪市中央区玉造２丁目２６番５４号,not_found,https://www.mext.go.jp/content/20260529-mxt_chousa01-000011635_6.csv,2026-05-20,2026-07-14T02:34:06Z,2026-07-14T02:34:06Z,verified_registry_identity,"Identity verified against MEXT 2026-05-01 provisional F1 registry; English name, website, experimental code, former name, and corporation require later official-source enrichment."
univ_f127310108296,F127310108296,not_found,藍野大学,not_found,藍野大学,not_found,active,university,private,main,not_applicable,not_found,5670012,27,大阪府,茨木市,大阪府茨木市東太田４丁目５番４号,not_found,https://www.mext.go.jp/content/20260529-mxt_chousa01-000011635_6.csv,2026-05-20,2026-07-14T02:34:06Z,2026-07-14T02:34:06Z,verified_registry_identity,"Identity verified against MEXT 2026-05-01 provisional F1 registry; English name, website, experimental code, former name, and corporation require later official-source enrichment."
univ_f127310108303,F127310108303,not_found,大阪青山大学,not_found,大阪青山大学,not_found,active,university,private,main,not_applicable,not_found,5620005,27,大阪府,箕面市,大阪府箕面市新稲２丁目１１番１号,not_found,https://www.mext.go.jp/content/20260529-mxt_chousa01-000011635_6.csv,2026-05-20,2026-07-14T02:34:06Z,2026-07-14T02:34:06Z,verified_registry_identity,"Identity verified against MEXT 2026-05-01 provisional F1 registry; English name, website, experimental code, former name, and corporation require later official-source enrichment."
univ_f127310108312,F127310108312,not_found,四條畷学園大学,not_found,四條畷学園大学,not_found,active,university,private,main,not_applicable,not_found,5740011,27,大阪府,大東市,大阪府大東市北条５丁目１１番１０号,not_found,https://www.mext.go.jp/content/20260529-mxt_chousa01-000011635_6.csv,2026-05-20,2026-07-14T02:34:06Z,2026-07-14T02:34:06Z,verified_registry_identity,"Identity verified against MEXT 2026-05-01 provisional F1 registry; English name, website, experimental code, former name, and corporation require later official-source enrichment."
univ_f127310108321,F127310108321,not_found,和泉大学,not_found,和泉大学,not_found,active,university,private,main,not_applicable,not_found,5970104,27,大阪府,貝塚市,大阪府貝塚市水間１５８番地,not_found,https://www.mext.go.jp/content/20260529-mxt_chousa01-000011635_6.csv,2026-05-20,2026-07-14T02:34:06Z,2026-07-14T02:34:06Z,verified_registry_identity,"Identity verified against MEXT 2026-05-01 provisional F1 registry; English name, website, experimental code, former name, and corporation require later official-source enrichment."
univ_f127310108330,F127310108330,not_found,大阪総合保育大学,not_found,大阪総合保育大学,not_found,active,university,private,main,not_applicable,not_found,5460013,27,大阪府,大阪市,大阪府大阪市東住吉区湯里６丁目４番２６号,not_found,https://www.mext.go.jp/content/20260529-mxt_chousa01-000011635_6.csv,2026-05-20,2026-07-14T02:34:06Z,2026-07-14T02:34:06Z,verified_registry_identity,"Identity verified against MEXT 2026-05-01 provisional F1 registry; English name, website, experimental code, former name, and corporation require later official-source enrichment."
univ_f127310108349,F127310108349,not_found,森ノ宮医療大学,not_found,森ノ宮医療大学,not_found,active,university,private,main,not_applicable,not_found,5598611,27,大阪府,大阪市,大阪府大阪市住之江区南港北１－２６－１６,not_found,https://www.mext.go.jp/content/20260529-mxt_chousa01-000011635_6.csv,2026-05-20,2026-07-14T02:34:06Z,2026-07-14T02:34:06Z,verified_registry_identity,"Identity verified against MEXT 2026-05-01 provisional F1 registry; English name, website, experimental code, former name, and corporation require later official-source enrichment."
univ_f127310108358,F127310108358,not_found,大阪保健医療大学,not_found,大阪保健医療大学,not_found,active,university,private,main,not_applicable,not_found,5300043,27,大阪府,大阪市,大阪府大阪市北区天満１丁目９番２７号,not_found,https://www.mext.go.jp/content/20260529-mxt_chousa01-000011635_6.csv,2026-05-20,2026-07-14T02:34:06Z,2026-07-14T02:34:06Z,verified_registry_identity,"Identity verified against MEXT 2026-05-01 provisional F1 registry; English name, website, experimental code, former name, and corporation require later official-source enrichment."
univ_f127310108367,F127310108367,not_found,大阪物療大学,not_found,大阪物療大学,not_found,active,university,private,main,not_applicable,not_found,5938328,27,大阪府,堺市,大阪府堺市西区鳳北町３丁３３,not_found,https://www.mext.go.jp/content/20260529-mxt_chousa01-000011635_6.csv,2026-05-20,2026-07-14T02:34:06Z,2026-07-14T02:34:06Z,verified_registry_identity,"Identity verified against MEXT 2026-05-01 provisional F1 registry; English name, website, experimental code, former name, and corporation require later official-source enrichment."
univ_f127310108376,F127310108376,not_found,滋慶医療科学大学,not_found,滋慶医療科学大学,not_found,active,university,private,main,not_applicable,not_found,5320003,27,大阪府,大阪市,大阪府大阪市淀川区宮原１丁目２番８号,not_found,https://www.mext.go.jp/content/20260529-mxt_chousa01-000011635_6.csv,2026-05-20,2026-07-14T02:34:06Z,2026-07-14T02:34:06Z,verified_registry_identity,"Identity verified against MEXT 2026-05-01 provisional F1 registry; English name, website, experimental code, former name, and corporation require later official-source enrichment."
univ_f127310108385,F127310108385,not_found,大阪行岡医療大学,not_found,大阪行岡医療大学,not_found,active,university,private,main,not_applicable,not_found,5670801,27,大阪府,茨木市,大阪府茨木市総持寺１－１－４１,not_found,https://www.mext.go.jp/content/20260529-mxt_chousa01-000011635_6.csv,2026-05-20,2026-07-14T02:34:06Z,2026-07-14T02:34:06Z,verified_registry_identity,"Identity verified against MEXT 2026-05-01 provisional F1 registry; English name, website, experimental code, former name, and corporation require later official-source enrichment."
univ_f127310108394,F127310108394,not_found,大和大学,not_found,大和大学,not_found,active,university,private,main,not_applicable,not_found,5640082,27,大阪府,吹田市,大阪府吹田市片山町２－５－１,not_found,https://www.mext.go.jp/content/20260529-mxt_chousa01-000011635_6.csv,2026-05-20,2026-07-14T02:34:06Z,2026-07-14T02:34:06Z,verified_registry_identity,"Identity verified against MEXT 2026-05-01 provisional F1 registry; English name, website, experimental code, former name, and corporation require later official-source enrichment."
univ_f127310108900,F127310108900,not_found,宝塚大学,not_found,宝塚大学,not_found,active,university,private,main,not_applicable,not_found,5300012,27,大阪府,大阪市,大阪府大阪市北区芝田１－１３－１６,not_found,https://www.mext.go.jp/content/20260529-mxt_chousa01-000011635_6.csv,2026-05-20,2026-07-14T02:34:06Z,2026-07-14T02:34:06Z,verified_registry_identity,"Identity verified against MEXT 2026-05-01 provisional F1 registry; English name, website, experimental code, former name, and corporation require later official-source enrichment."
univ_f127310111898,F127310111898,not_found,大阪国際工科専門職大学,not_found,大阪国際工科専門職大学,not_found,active,university,private,main,not_applicable,not_found,5300001,27,大阪府,大阪市,大阪府大阪市北区梅田３－３－１,not_found,https://www.mext.go.jp/content/20260529-mxt_chousa01-000011635_6.csv,2026-05-20,2026-07-14T02:34:06Z,2026-07-14T02:34:06Z,verified_registry_identity,"Identity verified against MEXT 2026-05-01 provisional F1 registry; English name, website, experimental code, former name, and corporation require later official-source enrichment."
univ_f127310111950,F127310111950,not_found,大阪信愛学院大学,not_found,大阪信愛学院大学,not_found,active,university,private,main,not_applicable,not_found,5368585,27,大阪府,大阪市,大阪府大阪市城東区古市２丁目７番３０号,not_found,https://www.mext.go.jp/content/20260529-mxt_chousa01-000011635_6.csv,2026-05-20,2026-07-14T02:34:06Z,2026-07-14T02:34:06Z,verified_registry_identity,"Identity verified against MEXT 2026-05-01 provisional F1 registry; English name, website, experimental code, former name, and corporation require later official-source enrichment."
univ_f127310111969,F127310111969,not_found,大阪医療大学,not_found,大阪医療大学,not_found,active,university,private,main,not_applicable,not_found,5460023,27,大阪府,大阪市,大阪府大阪市東住吉区矢田２丁目１４番１９号,not_found,https://www.mext.go.jp/content/20260529-mxt_chousa01-000011635_6.csv,2026-05-20,2026-07-14T02:34:06Z,2026-07-14T02:34:06Z,verified_registry_identity,"Identity verified against MEXT 2026-05-01 provisional F1 registry; English name, website, experimental code, former name, and corporation require later official-source enrichment."
univ_f128110108654,F128110108654,not_found,神戸大学,not_found,神戸大学,not_found,active,university,national,main,not_applicable,not_found,6578501,28,兵庫県,神戸市,兵庫県神戸市灘区六甲台町１－１,not_found,https://www.mext.go.jp/content/20260529-mxt_chousa01-000011635_6.csv,2026-05-20,2026-07-14T02:34:06Z,2026-07-14T02:34:06Z,verified_registry_identity,"Identity verified against MEXT 2026-05-01 provisional F1 registry; English name, website, experimental code, former name, and corporation require later official-source enrichment."
univ_f128110108663,F128110108663,not_found,兵庫教育大学,not_found,兵庫教育大学,not_found,active,university,national,main,not_applicable,not_found,6731494,28,兵庫県,加東市,兵庫県加東市下久米９４２－１,not_found,https://www.mext.go.jp/content/20260529-mxt_chousa01-000011635_6.csv,2026-05-20,2026-07-14T02:34:06Z,2026-07-14T02:34:06Z,verified_registry_identity,"Identity verified against MEXT 2026-05-01 provisional F1 registry; English name, website, experimental code, former name, and corporation require later official-source enrichment."
univ_f128210108670,F128210108670,not_found,神戸市外国語大学,not_found,神戸市外国語大学,not_found,active,university,public,main,not_applicable,not_found,6512187,28,兵庫県,神戸市,兵庫県神戸市西区学園東町９－１,not_found,https://www.mext.go.jp/content/20260529-mxt_chousa01-000011635_6.csv,2026-05-20,2026-07-14T02:34:06Z,2026-07-14T02:34:06Z,verified_registry_identity,"Identity verified against MEXT 2026-05-01 provisional F1 registry; English name, website, experimental code, former name, and corporation require later official-source enrichment."
univ_f128210108689,F128210108689,not_found,神戸市看護大学,not_found,神戸市看護大学,not_found,active,university,public,main,not_applicable,not_found,6512103,28,兵庫県,神戸市,兵庫県神戸市西区学園西町３－４,not_found,https://www.mext.go.jp/content/20260529-mxt_chousa01-000011635_6.csv,2026-05-20,2026-07-14T02:34:06Z,2026-07-14T02:34:06Z,verified_registry_identity,"Identity verified against MEXT 2026-05-01 provisional F1 registry; English name, website, experimental code, former name, and corporation require later official-source enrichment."
univ_f128210108698,F128210108698,not_found,兵庫県立大学,not_found,兵庫県立大学,not_found,active,university,public,main,not_applicable,not_found,6512197,28,兵庫県,神戸市,兵庫県神戸市西区学園西町８－２－１,not_found,https://www.mext.go.jp/content/20260529-mxt_chousa01-000011635_6.csv,2026-05-20,2026-07-14T02:34:06Z,2026-07-14T02:34:06Z,verified_registry_identity,"Identity verified against MEXT 2026-05-01 provisional F1 registry; English name, website, experimental code, former name, and corporation require later official-source enrichment."
univ_f128210111906,F128210111906,not_found,芸術文化観光専門職大学,not_found,芸術文化観光専門職大学,not_found,active,university,public,main,not_applicable,not_found,6680044,28,兵庫県,豊岡市,兵庫県豊岡市山王町７－５２,not_found,https://www.mext.go.jp/content/20260529-mxt_chousa01-000011635_6.csv,2026-05-20,2026-07-14T02:34:06Z,2026-07-14T02:34:06Z,verified_registry_identity,"Identity verified against MEXT 2026-05-01 provisional F1 registry; English name, website, experimental code, former name, and corporation require later official-source enrichment."
univ_f128310108703,F128310108703,not_found,甲南大学,not_found,甲南大学,not_found,active,university,private,main,not_applicable,not_found,6580072,28,兵庫県,神戸市,兵庫県神戸市東灘区岡本８－９－１,not_found,https://www.mext.go.jp/content/20260529-mxt_chousa01-000011635_6.csv,2026-05-20,2026-07-14T02:34:06Z,2026-07-14T02:34:06Z,verified_registry_identity,"Identity verified against MEXT 2026-05-01 provisional F1 registry; English name, website, experimental code, former name, and corporation require later official-source enrichment."
univ_f128310108712,F128310108712,not_found,甲南女子大学,not_found,甲南女子大学,not_found,active,university,private,main,not_applicable,not_found,6580001,28,兵庫県,神戸市,兵庫県神戸市東灘区森北町６－２－２３,not_found,https://www.mext.go.jp/content/20260529-mxt_chousa01-000011635_6.csv,2026-05-20,2026-07-14T02:34:06Z,2026-07-14T02:34:06Z,verified_registry_identity,"Identity verified against MEXT 2026-05-01 provisional F1 registry; English name, website, experimental code, former name, and corporation require later official-source enrichment."
univ_f128310108721,F128310108721,not_found,神戸海星女子学院大学,not_found,神戸海星女子学院大学,not_found,active,university,private,main,not_applicable,not_found,6570805,28,兵庫県,神戸市,兵庫県神戸市灘区青谷町２－７－１,not_found,https://www.mext.go.jp/content/20260529-mxt_chousa01-000011635_6.csv,2026-05-20,2026-07-14T02:34:06Z,2026-07-14T02:34:06Z,verified_registry_identity,"Identity verified against MEXT 2026-05-01 provisional F1 registry; English name, website, experimental code, former name, and corporation require later official-source enrichment."
univ_f128310108730,F128310108730,not_found,神戸学院大学,not_found,神戸学院大学,not_found,active,university,private,main,not_applicable,not_found,6508586,28,兵庫県,神戸市,兵庫県神戸市中央区港島１－１－３,not_found,https://www.mext.go.jp/content/20260529-mxt_chousa01-000011635_6.csv,2026-05-20,2026-07-14T02:34:06Z,2026-07-14T02:34:06Z,verified_registry_identity,"Identity verified against MEXT 2026-05-01 provisional F1 registry; English name, website, experimental code, former name, and corporation require later official-source enrichment."
univ_f128310108749,F128310108749,not_found,神戸女子大学,not_found,神戸女子大学,not_found,active,university,private,main,not_applicable,not_found,6540018,28,兵庫県,神戸市,兵庫県神戸市須磨区東須磨青山２－１,not_found,https://www.mext.go.jp/content/20260529-mxt_chousa01-000011635_6.csv,2026-05-20,2026-07-14T02:34:06Z,2026-07-14T02:34:06Z,verified_registry_identity,"Identity verified against MEXT 2026-05-01 provisional F1 registry; English name, website, experimental code, former name, and corporation require later official-source enrichment."
univ_f128310108758,F128310108758,not_found,神戸薬科大学,not_found,神戸薬科大学,not_found,active,university,private,main,not_applicable,not_found,6588558,28,兵庫県,神戸市,兵庫県神戸市東灘区本山北町４－１９－１,not_found,https://www.mext.go.jp/content/20260529-mxt_chousa01-000011635_6.csv,2026-05-20,2026-07-14T02:34:06Z,2026-07-14T02:34:06Z,verified_registry_identity,"Identity verified against MEXT 2026-05-01 provisional F1 registry; English name, website, experimental code, former name, and corporation require later official-source enrichment."
univ_f128310108767,F128310108767,not_found,神戸松蔭大学,not_found,神戸松蔭大学,not_found,active,university,private,main,not_applicable,not_found,6570015,28,兵庫県,神戸市,兵庫県神戸市灘区篠原伯母野山町１－２－１,not_found,https://www.mext.go.jp/content/20260529-mxt_chousa01-000011635_6.csv,2026-05-20,2026-07-14T02:34:06Z,2026-07-14T02:34:06Z,verified_registry_identity,"Identity verified against MEXT 2026-05-01 provisional F1 registry; English name, website, experimental code, former name, and corporation require later official-source enrichment."
univ_f128310108776,F128310108776,not_found,神戸親和大学,not_found,神戸親和大学,not_found,active,university,private,main,not_applicable,not_found,6511111,28,兵庫県,神戸市,兵庫県神戸市北区鈴蘭台北町７－１３－１,not_found,https://www.mext.go.jp/content/20260529-mxt_chousa01-000011635_6.csv,2026-05-20,2026-07-14T02:34:06Z,2026-07-14T02:34:06Z,verified_registry_identity,"Identity verified against MEXT 2026-05-01 provisional F1 registry; English name, website, experimental code, former name, and corporation require later official-source enrichment."
univ_f128310108785,F128310108785,not_found,神戸国際大学,not_found,神戸国際大学,not_found,active,university,private,main,not_applicable,not_found,6580032,28,兵庫県,神戸市,兵庫県神戸市東灘区向洋町中９－１－６,not_found,https://www.mext.go.jp/content/20260529-mxt_chousa01-000011635_6.csv,2026-05-20,2026-07-14T02:34:06Z,2026-07-14T02:34:06Z,verified_registry_identity,"Identity verified against MEXT 2026-05-01 provisional F1 registry; English name, website, experimental code, former name, and corporation require later official-source enrichment."
univ_f128310108794,F128310108794,not_found,兵庫大学,not_found,兵庫大学,not_found,active,university,private,main,not_applicable,not_found,6750101,28,兵庫県,加古川市,兵庫県加古川市平岡町新在家２３０１,not_found,https://www.mext.go.jp/content/20260529-mxt_chousa01-000011635_6.csv,2026-05-20,2026-07-14T02:34:06Z,2026-07-14T02:34:06Z,verified_registry_identity,"Identity verified against MEXT 2026-05-01 provisional F1 registry; English name, website, experimental code, former name, and corporation require later official-source enrichment."
univ_f128310108801,F128310108801,not_found,神戸常盤大学,not_found,神戸常盤大学,not_found,active,university,private,main,not_applicable,not_found,6530838,28,兵庫県,神戸市,兵庫県神戸市長田区大谷町２丁目６番２号,not_found,https://www.mext.go.jp/content/20260529-mxt_chousa01-000011635_6.csv,2026-05-20,2026-07-14T02:34:06Z,2026-07-14T02:34:06Z,verified_registry_identity,"Identity verified against MEXT 2026-05-01 provisional F1 registry; English name, website, experimental code, former name, and corporation require later official-source enrichment."
univ_f128310108810,F128310108810,not_found,宝塚医療大学,not_found,宝塚医療大学,not_found,active,university,private,main,not_applicable,not_found,6660162,28,兵庫県,宝塚市,兵庫県宝塚市花屋敷緑ガ丘１,not_found,https://www.mext.go.jp/content/20260529-mxt_chousa01-000011635_6.csv,2026-05-20,2026-07-14T02:34:06Z,2026-07-14T02:34:06Z,verified_registry_identity,"Identity verified against MEXT 2026-05-01 provisional F1 registry; English name, website, experimental code, former name, and corporation require later official-source enrichment."
univ_f128310108829,F128310108829,not_found,芦屋大学,not_found,芦屋大学,not_found,active,university,private,main,not_applicable,not_found,6598511,28,兵庫県,芦屋市,兵庫県芦屋市六麓荘町１３－２２,not_found,https://www.mext.go.jp/content/20260529-mxt_chousa01-000011635_6.csv,2026-05-20,2026-07-14T02:34:06Z,2026-07-14T02:34:06Z,verified_registry_identity,"Identity verified against MEXT 2026-05-01 provisional F1 registry; English name, website, experimental code, former name, and corporation require later official-source enrichment."
univ_f128310108838,F128310108838,not_found,大手前大学,not_found,大手前大学,not_found,active,university,private,main,not_applicable,not_found,6628552,28,兵庫県,西宮市,兵庫県西宮市御茶家所町６－４２,not_found,https://www.mext.go.jp/content/20260529-mxt_chousa01-000011635_6.csv,2026-05-20,2026-07-14T02:34:06Z,2026-07-14T02:34:06Z,verified_registry_identity,"Identity verified against MEXT 2026-05-01 provisional F1 registry; English name, website, experimental code, former name, and corporation require later official-source enrichment."
univ_f128310108847,F128310108847,not_found,関西学院大学,not_found,関西学院大学,not_found,active,university,private,main,not_applicable,not_found,6628501,28,兵庫県,西宮市,兵庫県西宮市上ケ原一番町１－１５５,not_found,https://www.mext.go.jp/content/20260529-mxt_chousa01-000011635_6.csv,2026-05-20,2026-07-14T02:34:06Z,2026-07-14T02:34:06Z,verified_registry_identity,"Identity verified against MEXT 2026-05-01 provisional F1 registry; English name, website, experimental code, former name, and corporation require later official-source enrichment."
univ_f128310108856,F128310108856,not_found,甲子園大学,not_found,甲子園大学,not_found,active,university,private,main,not_applicable,not_found,6650006,28,兵庫県,宝塚市,兵庫県宝塚市紅葉ガ丘１０－１,not_found,https://www.mext.go.jp/content/20260529-mxt_chousa01-000011635_6.csv,2026-05-20,2026-07-14T02:34:06Z,2026-07-14T02:34:06Z,verified_registry_identity,"Identity verified against MEXT 2026-05-01 provisional F1 registry; English name, website, experimental code, former name, and corporation require later official-source enrichment."
univ_f128310108865,F128310108865,not_found,神戸女学院大学,not_found,神戸女学院大学,not_found,active,university,private,main,not_applicable,not_found,6628505,28,兵庫県,西宮市,兵庫県西宮市岡田山４－１,not_found,https://www.mext.go.jp/content/20260529-mxt_chousa01-000011635_6.csv,2026-05-20,2026-07-14T02:34:06Z,2026-07-14T02:34:06Z,verified_registry_identity,"Identity verified against MEXT 2026-05-01 provisional F1 registry; English name, website, experimental code, former name, and corporation require later official-source enrichment."
univ_f128310108874,F128310108874,not_found,園田学園大学,not_found,園田学園大学,not_found,active,university,private,main,not_applicable,not_found,6610012,28,兵庫県,尼崎市,兵庫県尼崎市南塚口町７－２９－１,not_found,https://www.mext.go.jp/content/20260529-mxt_chousa01-000011635_6.csv,2026-05-20,2026-07-14T02:34:06Z,2026-07-14T02:34:06Z,verified_registry_identity,"Identity verified against MEXT 2026-05-01 provisional F1 registry; English name, website, experimental code, former name, and corporation require later official-source enrichment."
univ_f128310108883,F128310108883,not_found,武庫川女子大学,not_found,武庫川女子大学,not_found,active,university,private,main,not_applicable,not_found,6638558,28,兵庫県,西宮市,兵庫県西宮市池開町６－４６,not_found,https://www.mext.go.jp/content/20260529-mxt_chousa01-000011635_6.csv,2026-05-20,2026-07-14T02:34:06Z,2026-07-14T02:34:06Z,verified_registry_identity,"Identity verified against MEXT 2026-05-01 provisional F1 registry; English name, website, experimental code, former name, and corporation require later official-source enrichment."
univ_f128310108892,F128310108892,not_found,兵庫医科大学,not_found,兵庫医科大学,not_found,active,university,private,main,not_applicable,not_found,6638501,28,兵庫県,西宮市,兵庫県西宮市武庫川町１－１,not_found,https://www.mext.go.jp/content/20260529-mxt_chousa01-000011635_6.csv,2026-05-20,2026-07-14T02:34:06Z,2026-07-14T02:34:06Z,verified_registry_identity,"Identity verified against MEXT 2026-05-01 provisional F1 registry; English name, website, experimental code, former name, and corporation require later official-source enrichment."
univ_f128310108918,F128310108918,not_found,姫路獨協大学,not_found,姫路獨協大学,not_found,active,university,private,main,not_applicable,not_found,6708524,28,兵庫県,姫路市,兵庫県姫路市上大野７－２－１,not_found,https://www.mext.go.jp/content/20260529-mxt_chousa01-000011635_6.csv,2026-05-20,2026-07-14T02:34:06Z,2026-07-14T02:34:06Z,verified_registry_identity,"Identity verified against MEXT 2026-05-01 provisional F1 registry; English name, website, experimental code, former name, and corporation require later official-source enrichment."
univ_f128310108927,F128310108927,not_found,流通科学大学,not_found,流通科学大学,not_found,active,university,private,main,not_applicable,not_found,6512188,28,兵庫県,神戸市,兵庫県神戸市西区学園西町３－１,not_found,https://www.mext.go.jp/content/20260529-mxt_chousa01-000011635_6.csv,2026-05-20,2026-07-14T02:34:06Z,2026-07-14T02:34:06Z,verified_registry_identity,"Identity verified against MEXT 2026-05-01 provisional F1 registry; English name, website, experimental code, former name, and corporation require later official-source enrichment."
univ_f128310108936,F128310108936,not_found,神戸芸術工科大学,not_found,神戸芸術工科大学,not_found,active,university,private,main,not_applicable,not_found,6512196,28,兵庫県,神戸市,兵庫県神戸市西区学園西町８－１－１,not_found,https://www.mext.go.jp/content/20260529-mxt_chousa01-000011635_6.csv,2026-05-20,2026-07-14T02:34:06Z,2026-07-14T02:34:06Z,verified_registry_identity,"Identity verified against MEXT 2026-05-01 provisional F1 registry; English name, website, experimental code, former name, and corporation require later official-source enrichment."
univ_f128310108945,F128310108945,not_found,関西福祉大学,not_found,関西福祉大学,not_found,active,university,private,main,not_applicable,not_found,6780255,28,兵庫県,赤穂市,兵庫県赤穂市新田字釜家後３８０の３,not_found,https://www.mext.go.jp/content/20260529-mxt_chousa01-000011635_6.csv,2026-05-20,2026-07-14T02:34:06Z,2026-07-14T02:34:06Z,verified_registry_identity,"Identity verified against MEXT 2026-05-01 provisional F1 registry; English name, website, experimental code, former name, and corporation require later official-source enrichment."
univ_f128310108954,F128310108954,not_found,関西国際大学,not_found,関西国際大学,not_found,active,university,private,main,not_applicable,not_found,6730521,28,兵庫県,三木市,兵庫県三木市志染町青山１丁目１８,not_found,https://www.mext.go.jp/content/20260529-mxt_chousa01-000011635_6.csv,2026-05-20,2026-07-14T02:34:06Z,2026-07-14T02:34:06Z,verified_registry_identity,"Identity verified against MEXT 2026-05-01 provisional F1 registry; English name, website, experimental code, former name, and corporation require later official-source enrichment."
univ_f128310108963,F128310108963,not_found,神戸医療未来大学,not_found,神戸医療未来大学,not_found,active,university,private,main,not_applicable,not_found,6792217,28,兵庫県,神崎郡福崎町,兵庫県神崎郡福崎町高岡字塩田１９６６番地の５,not_found,https://www.mext.go.jp/content/20260529-mxt_chousa01-000011635_6.csv,2026-05-20,2026-07-14T02:34:06Z,2026-07-14T02:34:06Z,verified_registry_identity,"Identity verified against MEXT 2026-05-01 provisional F1 registry; English name, website, experimental code, former name, and corporation require later official-source enrichment."
univ_f128310108972,F128310108972,not_found,神戸情報大学院大学,not_found,神戸情報大学院大学,not_found,active,university,private,main,not_applicable,not_found,6500001,28,兵庫県,神戸市,兵庫県神戸市中央区加納町２丁目２番７号,not_found,https://www.mext.go.jp/content/20260529-mxt_chousa01-000011635_6.csv,2026-05-20,2026-07-14T02:34:06Z,2026-07-14T02:34:06Z,verified_registry_identity,"Identity verified against MEXT 2026-05-01 provisional F1 registry; English name, website, experimental code, former name, and corporation require later official-source enrichment."
univ_f128310108981,F128310108981,not_found,関西看護医療大学,not_found,関西看護医療大学,not_found,active,university,private,main,not_applicable,not_found,6562131,28,兵庫県,淡路市,兵庫県淡路市志筑字船橋１４５６番４号,not_found,https://www.mext.go.jp/content/20260529-mxt_chousa01-000011635_6.csv,2026-05-20,2026-07-14T02:34:06Z,2026-07-14T02:34:06Z,verified_registry_identity,"Identity verified against MEXT 2026-05-01 provisional F1 registry; English name, website, experimental code, former name, and corporation require later official-source enrichment."
univ_f128310109007,F128310109007,not_found,姫路大学,not_found,姫路大学,not_found,active,university,private,main,not_applicable,not_found,6710101,28,兵庫県,姫路市,兵庫県姫路市大塩町２０４２番２,not_found,https://www.mext.go.jp/content/20260529-mxt_chousa01-000011635_6.csv,2026-05-20,2026-07-14T02:34:06Z,2026-07-14T02:34:06Z,verified_registry_identity,"Identity verified against MEXT 2026-05-01 provisional F1 registry; English name, website, experimental code, former name, and corporation require later official-source enrichment."
univ_f129110109206,F129110109206,not_found,奈良教育大学,not_found,奈良教育大学,not_found,active,university,national,main,not_applicable,not_found,6308528,29,奈良県,奈良市,奈良県奈良市高畑町,not_found,https://www.mext.go.jp/content/20260529-mxt_chousa01-000011635_6.csv,2026-05-20,2026-07-14T02:34:06Z,2026-07-14T02:34:06Z,verified_registry_identity,"Identity verified against MEXT 2026-05-01 provisional F1 registry; English name, website, experimental code, former name, and corporation require later official-source enrichment."
univ_f129110109215,F129110109215,not_found,奈良女子大学,not_found,奈良女子大学,not_found,active,university,national,main,not_applicable,not_found,6308506,29,奈良県,奈良市,奈良県奈良市北魚屋東町,not_found,https://www.mext.go.jp/content/20260529-mxt_chousa01-000011635_6.csv,2026-05-20,2026-07-14T02:34:06Z,2026-07-14T02:34:06Z,verified_registry_identity,"Identity verified against MEXT 2026-05-01 provisional F1 registry; English name, website, experimental code, former name, and corporation require later official-source enrichment."
univ_f129110109224,F129110109224,not_found,奈良先端科学技術大学院大学,not_found,奈良先端科学技術大学院大学,not_found,active,university,national,main,not_applicable,not_found,6300192,29,奈良県,生駒市,奈良県生駒市高山町８９１６－５,not_found,https://www.mext.go.jp/content/20260529-mxt_chousa01-000011635_6.csv,2026-05-20,2026-07-14T02:34:06Z,2026-07-14T02:34:06Z,verified_registry_identity,"Identity verified against MEXT 2026-05-01 provisional F1 registry; English name, website, experimental code, former name, and corporation require later official-source enrichment."
univ_f129210109231,F129210109231,not_found,奈良県立医科大学,not_found,奈良県立医科大学,not_found,active,university,public,main,not_applicable,not_found,6348521,29,奈良県,橿原市,奈良県橿原市四条町８４０,not_found,https://www.mext.go.jp/content/20260529-mxt_chousa01-000011635_6.csv,2026-05-20,2026-07-14T02:34:06Z,2026-07-14T02:34:06Z,verified_registry_identity,"Identity verified against MEXT 2026-05-01 provisional F1 registry; English name, website, experimental code, former name, and corporation require later official-source enrichment."
univ_f129210109240,F129210109240,not_found,奈良県立大学,not_found,奈良県立大学,not_found,active,university,public,main,not_applicable,not_found,6308258,29,奈良県,奈良市,奈良県奈良市船橋町１０,not_found,https://www.mext.go.jp/content/20260529-mxt_chousa01-000011635_6.csv,2026-05-20,2026-07-14T02:34:06Z,2026-07-14T02:34:06Z,verified_registry_identity,"Identity verified against MEXT 2026-05-01 provisional F1 registry; English name, website, experimental code, former name, and corporation require later official-source enrichment."
univ_f129310109257,F129310109257,not_found,帝塚山大学,not_found,帝塚山大学,not_found,active,university,private,main,not_applicable,not_found,6318501,29,奈良県,奈良市,奈良県奈良市帝塚山７－１－１,not_found,https://www.mext.go.jp/content/20260529-mxt_chousa01-000011635_6.csv,2026-05-20,2026-07-14T02:34:06Z,2026-07-14T02:34:06Z,verified_registry_identity,"Identity verified against MEXT 2026-05-01 provisional F1 registry; English name, website, experimental code, former name, and corporation require later official-source enrichment."
univ_f129310109266,F129310109266,not_found,天理大学,not_found,天理大学,not_found,active,university,private,main,not_applicable,not_found,6328510,29,奈良県,天理市,奈良県天理市杣之内町１０５０,not_found,https://www.mext.go.jp/content/20260529-mxt_chousa01-000011635_6.csv,2026-05-20,2026-07-14T02:34:06Z,2026-07-14T02:34:06Z,verified_registry_identity,"Identity verified against MEXT 2026-05-01 provisional F1 registry; English name, website, experimental code, former name, and corporation require later official-source enrichment."
univ_f129310109275,F129310109275,not_found,奈良大学,not_found,奈良大学,not_found,active,university,private,main,not_applicable,not_found,6318502,29,奈良県,奈良市,奈良県奈良市山陵町１５００,not_found,https://www.mext.go.jp/content/20260529-mxt_chousa01-000011635_6.csv,2026-05-20,2026-07-14T02:34:06Z,2026-07-14T02:34:06Z,verified_registry_identity,"Identity verified against MEXT 2026-05-01 provisional F1 registry; English name, website, experimental code, former name, and corporation require later official-source enrichment."
univ_f129310109284,F129310109284,not_found,奈良学園大学,not_found,奈良学園大学,not_found,active,university,private,main,not_applicable,not_found,6318524,29,奈良県,奈良市,奈良県奈良市中登美ヶ丘３－１５－１,not_found,https://www.mext.go.jp/content/20260529-mxt_chousa01-000011635_6.csv,2026-05-20,2026-07-14T02:34:06Z,2026-07-14T02:34:06Z,verified_registry_identity,"Identity verified against MEXT 2026-05-01 provisional F1 registry; English name, website, experimental code, former name, and corporation require later official-source enrichment."
univ_f129310109293,F129310109293,not_found,畿央大学,not_found,畿央大学,not_found,active,university,private,main,not_applicable,not_found,6350832,29,奈良県,北葛城郡広陵町,奈良県北葛城郡広陵町馬見中四丁目２番２,not_found,https://www.mext.go.jp/content/20260529-mxt_chousa01-000011635_6.csv,2026-05-20,2026-07-14T02:34:06Z,2026-07-14T02:34:06Z,verified_registry_identity,"Identity verified against MEXT 2026-05-01 provisional F1 registry; English name, website, experimental code, former name, and corporation require later official-source enrichment."
univ_f130110109356,F130110109356,not_found,和歌山大学,not_found,和歌山大学,not_found,active,university,national,main,not_applicable,not_found,6408510,30,和歌山県,和歌山市,和歌山県和歌山市栄谷９３０,not_found,https://www.mext.go.jp/content/20260529-mxt_chousa01-000011635_6.csv,2026-05-20,2026-07-14T02:34:06Z,2026-07-14T02:34:06Z,verified_registry_identity,"Identity verified against MEXT 2026-05-01 provisional F1 registry; English name, website, experimental code, former name, and corporation require later official-source enrichment."
univ_f130210109363,F130210109363,not_found,和歌山県立医科大学,not_found,和歌山県立医科大学,not_found,active,university,public,main,not_applicable,not_found,6418509,30,和歌山県,和歌山市,和歌山県和歌山市紀三井寺８１１－１,not_found,https://www.mext.go.jp/content/20260529-mxt_chousa01-000011635_6.csv,2026-05-20,2026-07-14T02:34:06Z,2026-07-14T02:34:06Z,verified_registry_identity,"Identity verified against MEXT 2026-05-01 provisional F1 registry; English name, website, experimental code, former name, and corporation require later official-source enrichment."
univ_f130310109370,F130310109370,not_found,高野山大学,not_found,高野山大学,not_found,active,university,private,main,not_applicable,not_found,6480211,30,和歌山県,伊都郡高野町,和歌山県伊都郡高野町高野山３８５,not_found,https://www.mext.go.jp/content/20260529-mxt_chousa01-000011635_6.csv,2026-05-20,2026-07-14T02:34:06Z,2026-07-14T02:34:06Z,verified_registry_identity,"Identity verified against MEXT 2026-05-01 provisional F1 registry; English name, website, experimental code, former name, and corporation require later official-source enrichment."
univ_f130310109389,F130310109389,not_found,和歌山信愛大学,not_found,和歌山信愛大学,not_found,active,university,private,main,not_applicable,not_found,6408022,30,和歌山県,和歌山市,和歌山県和歌山市住吉町１,not_found,https://www.mext.go.jp/content/20260529-mxt_chousa01-000011635_6.csv,2026-05-20,2026-07-14T02:34:06Z,2026-07-14T02:34:06Z,verified_registry_identity,"Identity verified against MEXT 2026-05-01 provisional F1 registry; English name, website, experimental code, former name, and corporation require later official-source enrichment."
univ_f130310111919,F130310111919,not_found,和歌山リハビリテーション専門職大学,not_found,和歌山リハビリテーション専門職大学,not_found,active,university,private,main,not_applicable,not_found,6408222,30,和歌山県,和歌山市,和歌山県和歌山市湊本町三丁目１番地,not_found,https://www.mext.go.jp/content/20260529-mxt_chousa01-000011635_6.csv,2026-05-20,2026-07-14T02:34:06Z,2026-07-14T02:34:06Z,verified_registry_identity,"Identity verified against MEXT 2026-05-01 provisional F1 registry; English name, website, experimental code, former name, and corporation require later official-source enrichment."
univ_f131110109417,F131110109417,not_found,鳥取大学,not_found,鳥取大学,not_found,active,university,national,main,not_applicable,not_found,6800945,31,鳥取県,鳥取市,鳥取県鳥取市湖山町南４－１０１,not_found,https://www.mext.go.jp/content/20260529-mxt_chousa01-000011635_6.csv,2026-05-20,2026-07-14T02:34:06Z,2026-07-14T02:34:06Z,verified_registry_identity,"Identity verified against MEXT 2026-05-01 provisional F1 registry; English name, website, experimental code, former name, and corporation require later official-source enrichment."
univ_f131210109424,F131210109424,not_found,公立鳥取環境大学,not_found,公立鳥取環境大学,not_found,active,university,public,main,not_applicable,not_found,6891111,31,鳥取県,鳥取市,鳥取県鳥取市若葉台北一丁目１番１号,not_found,https://www.mext.go.jp/content/20260529-mxt_chousa01-000011635_6.csv,2026-05-20,2026-07-14T02:34:06Z,2026-07-14T02:34:06Z,verified_registry_identity,"Identity verified against MEXT 2026-05-01 provisional F1 registry; English name, website, experimental code, former name, and corporation require later official-source enrichment."
univ_f131310109431,F131310109431,not_found,鳥取看護大学,not_found,鳥取看護大学,not_found,active,university,private,main,not_applicable,not_found,6828555,31,鳥取県,倉吉市,鳥取県倉吉市福庭８５４,not_found,https://www.mext.go.jp/content/20260529-mxt_chousa01-000011635_6.csv,2026-05-20,2026-07-14T02:34:06Z,2026-07-14T02:34:06Z,verified_registry_identity,"Identity verified against MEXT 2026-05-01 provisional F1 registry; English name, website, experimental code, former name, and corporation require later official-source enrichment."
univ_f132110109461,F132110109461,not_found,島根大学,not_found,島根大学,not_found,active,university,national,main,not_applicable,not_found,6908504,32,島根県,松江市,島根県松江市西川津町１０６０,not_found,https://www.mext.go.jp/content/20260529-mxt_chousa01-000011635_6.csv,2026-05-20,2026-07-14T02:34:06Z,2026-07-14T02:34:06Z,verified_registry_identity,"Identity verified against MEXT 2026-05-01 provisional F1 registry; English name, website, experimental code, former name, and corporation require later official-source enrichment."
univ_f132210109478,F132210109478,not_found,島根県立大学,not_found,島根県立大学,not_found,active,university,public,main,not_applicable,not_found,6970016,32,島根県,浜田市,島根県浜田市野原町２４３３番２,not_found,https://www.mext.go.jp/content/20260529-mxt_chousa01-000011635_6.csv,2026-05-20,2026-07-14T02:34:06Z,2026-07-14T02:34:06Z,verified_registry_identity,"Identity verified against MEXT 2026-05-01 provisional F1 registry; English name, website, experimental code, former name, and corporation require later official-source enrichment."
univ_f133110109503,F133110109503,not_found,岡山大学,not_found,岡山大学,not_found,active,university,national,main,not_applicable,not_found,7008530,33,岡山県,岡山市,岡山県岡山市北区津島中１－１－１,not_found,https://www.mext.go.jp/content/20260529-mxt_chousa01-000011635_6.csv,2026-05-20,2026-07-14T02:34:06Z,2026-07-14T02:34:06Z,verified_registry_identity,"Identity verified against MEXT 2026-05-01 provisional F1 registry; English name, website, experimental code, former name, and corporation require later official-source enrichment."
univ_f133210109510,F133210109510,not_found,岡山県立大学,not_found,岡山県立大学,not_found,active,university,public,main,not_applicable,not_found,7191112,33,岡山県,総社市,岡山県総社市窪木１１１,not_found,https://www.mext.go.jp/content/20260529-mxt_chousa01-000011635_6.csv,2026-05-20,2026-07-14T02:34:06Z,2026-07-14T02:34:06Z,verified_registry_identity,"Identity verified against MEXT 2026-05-01 provisional F1 registry; English name, website, experimental code, former name, and corporation require later official-source enrichment."
univ_f133210109529,F133210109529,not_found,新見公立大学,not_found,新見公立大学,not_found,active,university,public,main,not_applicable,not_found,7188585,33,岡山県,新見市,岡山県新見市西方１２６３番地２,not_found,https://www.mext.go.jp/content/20260529-mxt_chousa01-000011635_6.csv,2026-05-20,2026-07-14T02:34:06Z,2026-07-14T02:34:06Z,verified_registry_identity,"Identity verified against MEXT 2026-05-01 provisional F1 registry; English name, website, experimental code, former name, and corporation require later official-source enrichment."
univ_f133310109536,F133310109536,not_found,吉備国際大学,not_found,吉備国際大学,not_found,active,university,private,main,not_applicable,not_found,7168508,33,岡山県,高梁市,岡山県高梁市伊賀町８,not_found,https://www.mext.go.jp/content/20260529-mxt_chousa01-000011635_6.csv,2026-05-20,2026-07-14T02:34:06Z,2026-07-14T02:34:06Z,verified_registry_identity,"Identity verified against MEXT 2026-05-01 provisional F1 registry; English name, website, experimental code, former name, and corporation require later official-source enrichment."
univ_f133310109545,F133310109545,not_found,岡山商科大学,not_found,岡山商科大学,not_found,active,university,private,main,not_applicable,not_found,7008601,33,岡山県,岡山市,岡山県岡山市北区津島京町２－１０－１,not_found,https://www.mext.go.jp/content/20260529-mxt_chousa01-000011635_6.csv,2026-05-20,2026-07-14T02:34:06Z,2026-07-14T02:34:06Z,verified_registry_identity,"Identity verified against MEXT 2026-05-01 provisional F1 registry; English name, website, experimental code, former name, and corporation require later official-source enrichment."
univ_f133310109554,F133310109554,not_found,岡山理科大学,not_found,岡山理科大学,not_found,active,university,private,main,not_applicable,not_found,7000005,33,岡山県,岡山市,岡山県岡山市北区理大町１－１,not_found,https://www.mext.go.jp/content/20260529-mxt_chousa01-000011635_6.csv,2026-05-20,2026-07-14T02:34:06Z,2026-07-14T02:34:06Z,verified_registry_identity,"Identity verified against MEXT 2026-05-01 provisional F1 registry; English name, website, experimental code, former name, and corporation require later official-source enrichment."
univ_f133310109563,F133310109563,not_found,くらしき作陽大学,not_found,くらしき作陽大学,not_found,active,university,private,main,not_applicable,not_found,7100292,33,岡山県,倉敷市,岡山県倉敷市玉島長尾３５１５,not_found,https://www.mext.go.jp/content/20260529-mxt_chousa01-000011635_6.csv,2026-05-20,2026-07-14T02:34:06Z,2026-07-14T02:34:06Z,verified_registry_identity,"Identity verified against MEXT 2026-05-01 provisional F1 registry; English name, website, experimental code, former name, and corporation require later official-source enrichment."
univ_f133310109572,F133310109572,not_found,ノートルダム清心女子大学,not_found,ノートルダム清心女子大学,not_found,active,university,private,main,not_applicable,not_found,7008516,33,岡山県,岡山市,岡山県岡山市北区伊福町２－１６－９,not_found,https://www.mext.go.jp/content/20260529-mxt_chousa01-000011635_6.csv,2026-05-20,2026-07-14T02:34:06Z,2026-07-14T02:34:06Z,verified_registry_identity,"Identity verified against MEXT 2026-05-01 provisional F1 registry; English name, website, experimental code, former name, and corporation require later official-source enrichment."
univ_f133310109581,F133310109581,not_found,川崎医科大学,not_found,川崎医科大学,not_found,active,university,private,main,not_applicable,not_found,7010192,33,岡山県,倉敷市,岡山県倉敷市松島５７７,not_found,https://www.mext.go.jp/content/20260529-mxt_chousa01-000011635_6.csv,2026-05-20,2026-07-14T02:34:06Z,2026-07-14T02:34:06Z,verified_registry_identity,"Identity verified against MEXT 2026-05-01 provisional F1 registry; English name, website, experimental code, former name, and corporation require later official-source enrichment."
univ_f133310109590,F133310109590,not_found,就実大学,not_found,就実大学,not_found,active,university,private,main,not_applicable,not_found,7038516,33,岡山県,岡山市,岡山県岡山市中区西川原１－６－１,not_found,https://www.mext.go.jp/content/20260529-mxt_chousa01-000011635_6.csv,2026-05-20,2026-07-14T02:34:06Z,2026-07-14T02:34:06Z,verified_registry_identity,"Identity verified against MEXT 2026-05-01 provisional F1 registry; English name, website, experimental code, former name, and corporation require later official-source enrichment."
univ_f133310109607,F133310109607,not_found,川崎医療福祉大学,not_found,川崎医療福祉大学,not_found,active,university,private,main,not_applicable,not_found,7010193,33,岡山県,倉敷市,岡山県倉敷市松島２８８,not_found,https://www.mext.go.jp/content/20260529-mxt_chousa01-000011635_6.csv,2026-05-20,2026-07-14T02:34:06Z,2026-07-14T02:34:06Z,verified_registry_identity,"Identity verified against MEXT 2026-05-01 provisional F1 registry; English name, website, experimental code, former name, and corporation require later official-source enrichment."
univ_f133310109616,F133310109616,not_found,山陽学園大学,not_found,山陽学園大学,not_found,active,university,private,main,not_applicable,not_found,7038501,33,岡山県,岡山市,岡山県岡山市中区平井１－１４－１,not_found,https://www.mext.go.jp/content/20260529-mxt_chousa01-000011635_6.csv,2026-05-20,2026-07-14T02:34:06Z,2026-07-14T02:34:06Z,verified_registry_identity,"Identity verified against MEXT 2026-05-01 provisional F1 registry; English name, website, experimental code, former name, and corporation require later official-source enrichment."
univ_f133310109625,F133310109625,not_found,倉敷芸術科学大学,not_found,倉敷芸術科学大学,not_found,active,university,private,main,not_applicable,not_found,7128505,33,岡山県,倉敷市,岡山県倉敷市連島町西之浦２６４０,not_found,https://www.mext.go.jp/content/20260529-mxt_chousa01-000011635_6.csv,2026-05-20,2026-07-14T02:34:06Z,2026-07-14T02:34:06Z,verified_registry_identity,"Identity verified against MEXT 2026-05-01 provisional F1 registry; English name, website, experimental code, former name, and corporation require later official-source enrichment."
univ_f133310109634,F133310109634,not_found,岡山学院大学,not_found,岡山学院大学,not_found,active,university,private,main,not_applicable,not_found,7108511,33,岡山県,倉敷市,岡山県倉敷市有城７８７番地,not_found,https://www.mext.go.jp/content/20260529-mxt_chousa01-000011635_6.csv,2026-05-20,2026-07-14T02:34:06Z,2026-07-14T02:34:06Z,verified_registry_identity,"Identity verified against MEXT 2026-05-01 provisional F1 registry; English name, website, experimental code, former name, and corporation require later official-source enrichment."
univ_f133310109643,F133310109643,not_found,中国学園大学,not_found,中国学園大学,not_found,active,university,private,main,not_applicable,not_found,7010197,33,岡山県,岡山市,岡山県岡山市北区庭瀬８３番地,not_found,https://www.mext.go.jp/content/20260529-mxt_chousa01-000011635_6.csv,2026-05-20,2026-07-14T02:34:06Z,2026-07-14T02:34:06Z,verified_registry_identity,"Identity verified against MEXT 2026-05-01 provisional F1 registry; English name, website, experimental code, former name, and corporation require later official-source enrichment."
univ_f133310109652,F133310109652,not_found,環太平洋大学,not_found,環太平洋大学,not_found,active,university,private,main,not_applicable,not_found,7090863,33,岡山県,岡山市,岡山県岡山市瀬戸町観音寺７２１番地,not_found,https://www.mext.go.jp/content/20260529-mxt_chousa01-000011635_6.csv,2026-05-20,2026-07-14T02:34:06Z,2026-07-14T02:34:06Z,verified_registry_identity,"Identity verified against MEXT 2026-05-01 provisional F1 registry; English name, website, experimental code, former name, and corporation require later official-source enrichment."
univ_f133310109661,F133310109661,not_found,岡山医療専門職大学,not_found,岡山医療専門職大学,not_found,active,university,private,main,not_applicable,not_found,7000913,33,岡山県,岡山市,岡山県岡山市北区大供３丁目２－１８,not_found,https://www.mext.go.jp/content/20260529-mxt_chousa01-000011635_6.csv,2026-05-20,2026-07-14T02:34:06Z,2026-07-14T02:34:06Z,verified_registry_identity,"Identity verified against MEXT 2026-05-01 provisional F1 registry; English name, website, experimental code, former name, and corporation require later official-source enrichment."
univ_f133310109670,F133310109670,not_found,美作大学,not_found,美作大学,not_found,active,university,private,main,not_applicable,not_found,7088511,33,岡山県,津山市,岡山県津山市北園町５０,not_found,https://www.mext.go.jp/content/20260529-mxt_chousa01-000011635_6.csv,2026-05-20,2026-07-14T02:34:06Z,2026-07-14T02:34:06Z,verified_registry_identity,"Identity verified against MEXT 2026-05-01 provisional F1 registry; English name, website, experimental code, former name, and corporation require later official-source enrichment."
univ_f134110109780,F134110109780,not_found,広島大学,not_found,広島大学,not_found,active,university,national,main,not_applicable,not_found,7398511,34,広島県,東広島市,広島県東広島市鏡山１－３－２,not_found,https://www.mext.go.jp/content/20260529-mxt_chousa01-000011635_6.csv,2026-05-20,2026-07-14T02:34:06Z,2026-07-14T02:34:06Z,verified_registry_identity,"Identity verified against MEXT 2026-05-01 provisional F1 registry; English name, website, experimental code, former name, and corporation require later official-source enrichment."
univ_f134210109797,F134210109797,not_found,県立広島大学,not_found,県立広島大学,not_found,active,university,public,main,not_applicable,not_found,7348558,34,広島県,広島市,広島県広島市南区宇品東１丁目１番７１号,not_found,https://www.mext.go.jp/content/20260529-mxt_chousa01-000011635_6.csv,2026-05-20,2026-07-14T02:34:06Z,2026-07-14T02:34:06Z,verified_registry_identity,"Identity verified against MEXT 2026-05-01 provisional F1 registry; English name, website, experimental code, former name, and corporation require later official-source enrichment."
univ_f134210109804,F134210109804,not_found,尾道市立大学,not_found,尾道市立大学,not_found,active,university,public,main,not_applicable,not_found,7228506,34,広島県,尾道市,広島県尾道市久山田町１６００番地２,not_found,https://www.mext.go.jp/content/20260529-mxt_chousa01-000011635_6.csv,2026-05-20,2026-07-14T02:34:06Z,2026-07-14T02:34:06Z,verified_registry_identity,"Identity verified against MEXT 2026-05-01 provisional F1 registry; English name, website, experimental code, former name, and corporation require later official-source enrichment."
univ_f134210109813,F134210109813,not_found,広島市立大学,not_found,広島市立大学,not_found,active,university,public,main,not_applicable,not_found,7313194,34,広島県,広島市,広島県広島市安佐南区大塚東３－４－１,not_found,https://www.mext.go.jp/content/20260529-mxt_chousa01-000011635_6.csv,2026-05-20,2026-07-14T02:34:06Z,2026-07-14T02:34:06Z,verified_registry_identity,"Identity verified against MEXT 2026-05-01 provisional F1 registry; English name, website, experimental code, former name, and corporation require later official-source enrichment."
univ_f134210109822,F134210109822,not_found,福山市立大学,not_found,福山市立大学,not_found,active,university,public,main,not_applicable,not_found,7210964,34,広島県,福山市,広島県福山市港町二丁目１９－１,not_found,https://www.mext.go.jp/content/20260529-mxt_chousa01-000011635_6.csv,2026-05-20,2026-07-14T02:34:06Z,2026-07-14T02:34:06Z,verified_registry_identity,"Identity verified against MEXT 2026-05-01 provisional F1 registry; English name, website, experimental code, former name, and corporation require later official-source enrichment."
univ_f134210111926,F134210111926,not_found,叡啓大学,not_found,叡啓大学,not_found,active,university,public,main,not_applicable,not_found,7300016,34,広島県,広島市,広島県広島市中区幟町１－５,not_found,https://www.mext.go.jp/content/20260529-mxt_chousa01-000011635_6.csv,2026-05-20,2026-07-14T02:34:06Z,2026-07-14T02:34:06Z,verified_registry_identity,"Identity verified against MEXT 2026-05-01 provisional F1 registry; English name, website, experimental code, former name, and corporation require later official-source enrichment."
univ_f134310109839,F134310109839,not_found,エリザベト音楽大学,not_found,エリザベト音楽大学,not_found,active,university,private,main,not_applicable,not_found,7300016,34,広島県,広島市,広島県広島市中区幟町４－１５,not_found,https://www.mext.go.jp/content/20260529-mxt_chousa01-000011635_6.csv,2026-05-20,2026-07-14T02:34:06Z,2026-07-14T02:34:06Z,verified_registry_identity,"Identity verified against MEXT 2026-05-01 provisional F1 registry; English name, website, experimental code, former name, and corporation require later official-source enrichment."
univ_f134310109848,F134310109848,not_found,広島経済大学,not_found,広島経済大学,not_found,active,university,private,main,not_applicable,not_found,7310138,34,広島県,広島市,広島県広島市安佐南区祇園５－３７－１,not_found,https://www.mext.go.jp/content/20260529-mxt_chousa01-000011635_6.csv,2026-05-20,2026-07-14T02:34:06Z,2026-07-14T02:34:06Z,verified_registry_identity,"Identity verified against MEXT 2026-05-01 provisional F1 registry; English name, website, experimental code, former name, and corporation require later official-source enrichment."
univ_f134310109857,F134310109857,not_found,広島工業大学,not_found,広島工業大学,not_found,active,university,private,main,not_applicable,not_found,7315193,34,広島県,広島市,広島県広島市佐伯区三宅２－１－１,not_found,https://www.mext.go.jp/content/20260529-mxt_chousa01-000011635_6.csv,2026-05-20,2026-07-14T02:34:06Z,2026-07-14T02:34:06Z,verified_registry_identity,"Identity verified against MEXT 2026-05-01 provisional F1 registry; English name, website, experimental code, former name, and corporation require later official-source enrichment."
univ_f134310109866,F134310109866,not_found,広島修道大学,not_found,広島修道大学,not_found,active,university,private,main,not_applicable,not_found,7313195,34,広島県,広島市,広島県広島市安佐南区大塚東１－１－１,not_found,https://www.mext.go.jp/content/20260529-mxt_chousa01-000011635_6.csv,2026-05-20,2026-07-14T02:34:06Z,2026-07-14T02:34:06Z,verified_registry_identity,"Identity verified against MEXT 2026-05-01 provisional F1 registry; English name, website, experimental code, former name, and corporation require later official-source enrichment."
univ_f134310109875,F134310109875,not_found,広島女学院大学,not_found,広島女学院大学,not_found,active,university,private,main,not_applicable,not_found,7320063,34,広島県,広島市,広島県広島市東区牛田東４－１３－１,not_found,https://www.mext.go.jp/content/20260529-mxt_chousa01-000011635_6.csv,2026-05-20,2026-07-14T02:34:06Z,2026-07-14T02:34:06Z,verified_registry_identity,"Identity verified against MEXT 2026-05-01 provisional F1 registry; English name, website, experimental code, former name, and corporation require later official-source enrichment."
univ_f134310109893,F134310109893,not_found,広島文教大学,not_found,広島文教大学,not_found,active,university,private,main,not_applicable,not_found,7310222,34,広島県,広島市,広島県広島市安佐北区可部東１－２－１,not_found,https://www.mext.go.jp/content/20260529-mxt_chousa01-000011635_6.csv,2026-05-20,2026-07-14T02:34:06Z,2026-07-14T02:34:06Z,verified_registry_identity,"Identity verified against MEXT 2026-05-01 provisional F1 registry; English name, website, experimental code, former name, and corporation require later official-source enrichment."
univ_f134310109900,F134310109900,not_found,安田女子大学,not_found,安田女子大学,not_found,active,university,private,main,not_applicable,not_found,7310153,34,広島県,広島市,広島県広島市安佐南区安東６－１３－１,not_found,https://www.mext.go.jp/content/20260529-mxt_chousa01-000011635_6.csv,2026-05-20,2026-07-14T02:34:06Z,2026-07-14T02:34:06Z,verified_registry_identity,"Identity verified against MEXT 2026-05-01 provisional F1 registry; English name, website, experimental code, former name, and corporation require later official-source enrichment."
univ_f134310109919,F134310109919,not_found,福山大学,not_found,福山大学,not_found,active,university,private,main,not_applicable,not_found,7290292,34,広島県,福山市,広島県福山市東村町字三蔵９８５番地の１,not_found,https://www.mext.go.jp/content/20260529-mxt_chousa01-000011635_6.csv,2026-05-20,2026-07-14T02:34:06Z,2026-07-14T02:34:06Z,verified_registry_identity,"Identity verified against MEXT 2026-05-01 provisional F1 registry; English name, website, experimental code, former name, and corporation require later official-source enrichment."
univ_f134310109928,F134310109928,not_found,比治山大学,not_found,比治山大学,not_found,active,university,private,main,not_applicable,not_found,7328509,34,広島県,広島市,広島県広島市東区牛田新町４－１－１,not_found,https://www.mext.go.jp/content/20260529-mxt_chousa01-000011635_6.csv,2026-05-20,2026-07-14T02:34:06Z,2026-07-14T02:34:06Z,verified_registry_identity,"Identity verified against MEXT 2026-05-01 provisional F1 registry; English name, website, experimental code, former name, and corporation require later official-source enrichment."
univ_f134310109937,F134310109937,not_found,福山平成大学,not_found,福山平成大学,not_found,active,university,private,main,not_applicable,not_found,7200001,34,広島県,福山市,広島県福山市御幸町大字上岩成字正戸１１７－１,not_found,https://www.mext.go.jp/content/20260529-mxt_chousa01-000011635_6.csv,2026-05-20,2026-07-14T02:34:06Z,2026-07-14T02:34:06Z,verified_registry_identity,"Identity verified against MEXT 2026-05-01 provisional F1 registry; English name, website, experimental code, former name, and corporation require later official-source enrichment."
univ_f134310109946,F134310109946,not_found,広島文化学園大学,not_found,広島文化学園大学,not_found,active,university,private,main,not_applicable,not_found,7370182,34,広島県,呉市,広島県呉市郷原学びの丘１－１－１,not_found,https://www.mext.go.jp/content/20260529-mxt_chousa01-000011635_6.csv,2026-05-20,2026-07-14T02:34:06Z,2026-07-14T02:34:06Z,verified_registry_identity,"Identity verified against MEXT 2026-05-01 provisional F1 registry; English name, website, experimental code, former name, and corporation require later official-source enrichment."
univ_f134310109955,F134310109955,not_found,広島国際大学,not_found,広島国際大学,not_found,active,university,private,main,not_applicable,not_found,7392695,34,広島県,東広島市,広島県東広島市黒瀬学園台５５５－３６,not_found,https://www.mext.go.jp/content/20260529-mxt_chousa01-000011635_6.csv,2026-05-20,2026-07-14T02:34:06Z,2026-07-14T02:34:06Z,verified_registry_identity,"Identity verified against MEXT 2026-05-01 provisional F1 registry; English name, website, experimental code, former name, and corporation require later official-source enrichment."
univ_f134310109964,F134310109964,not_found,日本赤十字広島看護大学,not_found,日本赤十字広島看護大学,not_found,active,university,private,main,not_applicable,not_found,7380052,34,広島県,廿日市市,広島県廿日市市阿品台東１－２,not_found,https://www.mext.go.jp/content/20260529-mxt_chousa01-000011635_6.csv,2026-05-20,2026-07-14T02:34:06Z,2026-07-14T02:34:06Z,verified_registry_identity,"Identity verified against MEXT 2026-05-01 provisional F1 registry; English name, website, experimental code, former name, and corporation require later official-source enrichment."
univ_f134310109973,F134310109973,not_found,広島都市学園大学,not_found,広島都市学園大学,not_found,active,university,private,main,not_applicable,not_found,7340014,34,広島県,広島市,広島県広島市南区宇品西五丁目１３－１８,not_found,https://www.mext.go.jp/content/20260529-mxt_chousa01-000011635_6.csv,2026-05-20,2026-07-14T02:34:06Z,2026-07-14T02:34:06Z,verified_registry_identity,"Identity verified against MEXT 2026-05-01 provisional F1 registry; English name, website, experimental code, former name, and corporation require later official-source enrichment."
univ_f135110110054,F135110110054,not_found,山口大学,not_found,山口大学,not_found,active,university,national,main,not_applicable,not_found,7538511,35,山口県,山口市,山口県山口市吉田１６７７－１,not_found,https://www.mext.go.jp/content/20260529-mxt_chousa01-000011635_6.csv,2026-05-20,2026-07-14T02:34:06Z,2026-07-14T02:34:06Z,verified_registry_identity,"Identity verified against MEXT 2026-05-01 provisional F1 registry; English name, website, experimental code, former name, and corporation require later official-source enrichment."
univ_f135210110061,F135210110061,not_found,下関市立大学,not_found,下関市立大学,not_found,active,university,public,main,not_applicable,not_found,7518510,35,山口県,下関市,山口県下関市大学町２－１－１,not_found,https://www.mext.go.jp/content/20260529-mxt_chousa01-000011635_6.csv,2026-05-20,2026-07-14T02:34:06Z,2026-07-14T02:34:06Z,verified_registry_identity,"Identity verified against MEXT 2026-05-01 provisional F1 registry; English name, website, experimental code, former name, and corporation require later official-source enrichment."
univ_f135210110070,F135210110070,not_found,山口県立大学,not_found,山口県立大学,not_found,active,university,public,main,not_applicable,not_found,7538502,35,山口県,山口市,山口県山口市桜畠６－２－１,not_found,https://www.mext.go.jp/content/20260529-mxt_chousa01-000011635_6.csv,2026-05-20,2026-07-14T02:34:06Z,2026-07-14T02:34:06Z,verified_registry_identity,"Identity verified against MEXT 2026-05-01 provisional F1 registry; English name, website, experimental code, former name, and corporation require later official-source enrichment."
univ_f135210110089,F135210110089,not_found,山陽小野田市立山口東京理科大学,not_found,山陽小野田市立山口東京理科大学,not_found,active,university,public,main,not_applicable,not_found,7560884,35,山口県,山陽小野田市,山口県山陽小野田市大学通１－１－１,not_found,https://www.mext.go.jp/content/20260529-mxt_chousa01-000011635_6.csv,2026-05-20,2026-07-14T02:34:06Z,2026-07-14T02:34:06Z,verified_registry_identity,"Identity verified against MEXT 2026-05-01 provisional F1 registry; English name, website, experimental code, former name, and corporation require later official-source enrichment."
univ_f135210111961,F135210111961,not_found,周南公立大学,not_found,周南公立大学,not_found,active,university,public,main,not_applicable,not_found,7458566,35,山口県,周南市,山口県周南市学園台８４３－４－２,not_found,https://www.mext.go.jp/content/20260529-mxt_chousa01-000011635_6.csv,2026-05-20,2026-07-14T02:34:06Z,2026-07-14T02:34:06Z,verified_registry_identity,"Identity verified against MEXT 2026-05-01 provisional F1 registry; English name, website, experimental code, former name, and corporation require later official-source enrichment."
univ_f135310110096,F135310110096,not_found,梅光学院大学,not_found,梅光学院大学,not_found,active,university,private,main,not_applicable,not_found,7508511,35,山口県,下関市,山口県下関市向洋町１－１－１,not_found,https://www.mext.go.jp/content/20260529-mxt_chousa01-000011635_6.csv,2026-05-20,2026-07-14T02:34:06Z,2026-07-14T02:34:06Z,verified_registry_identity,"Identity verified against MEXT 2026-05-01 provisional F1 registry; English name, website, experimental code, former name, and corporation require later official-source enrichment."
univ_f135310110112,F135310110112,not_found,東亜大学,not_found,東亜大学,not_found,active,university,private,main,not_applicable,not_found,7518503,35,山口県,下関市,山口県下関市一の宮学園町２－１,not_found,https://www.mext.go.jp/content/20260529-mxt_chousa01-000011635_6.csv,2026-05-20,2026-07-14T02:34:06Z,2026-07-14T02:34:06Z,verified_registry_identity,"Identity verified against MEXT 2026-05-01 provisional F1 registry; English name, website, experimental code, former name, and corporation require later official-source enrichment."
univ_f135310110121,F135310110121,not_found,至誠館大学,not_found,至誠館大学,not_found,active,university,private,main,not_applicable,not_found,7588585,35,山口県,萩市,山口県萩市椿東浦田５０００,not_found,https://www.mext.go.jp/content/20260529-mxt_chousa01-000011635_6.csv,2026-05-20,2026-07-14T02:34:06Z,2026-07-14T02:34:06Z,verified_registry_identity,"Identity verified against MEXT 2026-05-01 provisional F1 registry; English name, website, experimental code, former name, and corporation require later official-source enrichment."
univ_f135310110130,F135310110130,not_found,宇部フロンティア大学,not_found,宇部フロンティア大学,not_found,active,university,private,main,not_applicable,not_found,7550805,35,山口県,宇部市,山口県宇部市文京台二丁目１番１号,not_found,https://www.mext.go.jp/content/20260529-mxt_chousa01-000011635_6.csv,2026-05-20,2026-07-14T02:34:06Z,2026-07-14T02:34:06Z,verified_registry_identity,"Identity verified against MEXT 2026-05-01 provisional F1 registry; English name, website, experimental code, former name, and corporation require later official-source enrichment."
univ_f135310110149,F135310110149,not_found,山口学芸大学,not_found,山口学芸大学,not_found,active,university,private,main,not_applicable,not_found,7540032,35,山口県,山口市小郡みらい町,山口県山口市小郡みらい町一丁目７番１号,not_found,https://www.mext.go.jp/content/20260529-mxt_chousa01-000011635_6.csv,2026-05-20,2026-07-14T02:34:06Z,2026-07-14T02:34:06Z,verified_registry_identity,"Identity verified against MEXT 2026-05-01 provisional F1 registry; English name, website, experimental code, former name, and corporation require later official-source enrichment."
univ_f136110110231,F136110110231,not_found,徳島大学,not_found,徳島大学,not_found,active,university,national,main,not_applicable,not_found,7708501,36,徳島県,徳島市,徳島県徳島市新蔵町２－２４,not_found,https://www.mext.go.jp/content/20260529-mxt_chousa01-000011635_6.csv,2026-05-20,2026-07-14T02:34:06Z,2026-07-14T02:34:06Z,verified_registry_identity,"Identity verified against MEXT 2026-05-01 provisional F1 registry; English name, website, experimental code, former name, and corporation require later official-source enrichment."
univ_f136110110240,F136110110240,not_found,鳴門教育大学,not_found,鳴門教育大学,not_found,active,university,national,main,not_applicable,not_found,7728502,36,徳島県,鳴門市,徳島県鳴門市鳴門町高島字中島７４８,not_found,https://www.mext.go.jp/content/20260529-mxt_chousa01-000011635_6.csv,2026-05-20,2026-07-14T02:34:06Z,2026-07-14T02:34:06Z,verified_registry_identity,"Identity verified against MEXT 2026-05-01 provisional F1 registry; English name, website, experimental code, former name, and corporation require later official-source enrichment."
univ_f136310110255,F136310110255,not_found,四国大学,not_found,四国大学,not_found,active,university,private,main,not_applicable,not_found,7711192,36,徳島県,徳島市,徳島県徳島市応神町古川字戎子野１２３－１,not_found,https://www.mext.go.jp/content/20260529-mxt_chousa01-000011635_6.csv,2026-05-20,2026-07-14T02:34:06Z,2026-07-14T02:34:06Z,verified_registry_identity,"Identity verified against MEXT 2026-05-01 provisional F1 registry; English name, website, experimental code, former name, and corporation require later official-source enrichment."
univ_f136310110264,F136310110264,not_found,徳島文理大学,not_found,徳島文理大学,not_found,active,university,private,main,not_applicable,not_found,7708560,36,徳島県,徳島市,徳島県徳島市寺島本町東１丁目８,not_found,https://www.mext.go.jp/content/20260529-mxt_chousa01-000011635_6.csv,2026-05-20,2026-07-14T02:34:06Z,2026-07-14T02:34:06Z,verified_registry_identity,"Identity verified against MEXT 2026-05-01 provisional F1 registry; English name, website, experimental code, former name, and corporation require later official-source enrichment."
univ_f137110110310,F137110110310,not_found,香川大学,not_found,香川大学,not_found,active,university,national,main,not_applicable,not_found,7608521,37,香川県,高松市,香川県高松市幸町１－１,not_found,https://www.mext.go.jp/content/20260529-mxt_chousa01-000011635_6.csv,2026-05-20,2026-07-14T02:34:06Z,2026-07-14T02:34:06Z,verified_registry_identity,"Identity verified against MEXT 2026-05-01 provisional F1 registry; English name, website, experimental code, former name, and corporation require later official-source enrichment."
univ_f137210110327,F137210110327,not_found,香川県立保健医療大学,not_found,香川県立保健医療大学,not_found,active,university,public,main,not_applicable,not_found,7610123,37,香川県,高松市,香川県高松市牟礼町原２８１番地１,not_found,https://www.mext.go.jp/content/20260529-mxt_chousa01-000011635_6.csv,2026-05-20,2026-07-14T02:34:06Z,2026-07-14T02:34:06Z,verified_registry_identity,"Identity verified against MEXT 2026-05-01 provisional F1 registry; English name, website, experimental code, former name, and corporation require later official-source enrichment."
univ_f137310110334,F137310110334,not_found,四国学院大学,not_found,四国学院大学,not_found,active,university,private,main,not_applicable,not_found,7650013,37,香川県,善通寺市,香川県善通寺市文京町３－２－１,not_found,https://www.mext.go.jp/content/20260529-mxt_chousa01-000011635_6.csv,2026-05-20,2026-07-14T02:34:06Z,2026-07-14T02:34:06Z,verified_registry_identity,"Identity verified against MEXT 2026-05-01 provisional F1 registry; English name, website, experimental code, former name, and corporation require later official-source enrichment."
univ_f137310110343,F137310110343,not_found,高松大学,not_found,高松大学,not_found,active,university,private,main,not_applicable,not_found,7610194,37,香川県,高松市,香川県高松市春日町９６０,not_found,https://www.mext.go.jp/content/20260529-mxt_chousa01-000011635_6.csv,2026-05-20,2026-07-14T02:34:06Z,2026-07-14T02:34:06Z,verified_registry_identity,"Identity verified against MEXT 2026-05-01 provisional F1 registry; English name, website, experimental code, former name, and corporation require later official-source enrichment."
univ_f138110110382,F138110110382,not_found,愛媛大学,not_found,愛媛大学,not_found,active,university,national,main,not_applicable,not_found,7908577,38,愛媛県,松山市,愛媛県松山市道後樋又１０－１３,not_found,https://www.mext.go.jp/content/20260529-mxt_chousa01-000011635_6.csv,2026-05-20,2026-07-14T02:34:06Z,2026-07-14T02:34:06Z,verified_registry_identity,"Identity verified against MEXT 2026-05-01 provisional F1 registry; English name, website, experimental code, former name, and corporation require later official-source enrichment."
univ_f138210110399,F138210110399,not_found,愛媛県立医療技術大学,not_found,愛媛県立医療技術大学,not_found,active,university,public,main,not_applicable,not_found,7912101,38,愛媛県,伊予郡砥部町,愛媛県伊予郡砥部町高尾田５４３番地,not_found,https://www.mext.go.jp/content/20260529-mxt_chousa01-000011635_6.csv,2026-05-20,2026-07-14T02:34:06Z,2026-07-14T02:34:06Z,verified_registry_identity,"Identity verified against MEXT 2026-05-01 provisional F1 registry; English name, website, experimental code, former name, and corporation require later official-source enrichment."
univ_f138310110404,F138310110404,not_found,松山大学,not_found,松山大学,not_found,active,university,private,main,not_applicable,not_found,7900826,38,愛媛県,松山市,愛媛県松山市文京町４－２,not_found,https://www.mext.go.jp/content/20260529-mxt_chousa01-000011635_6.csv,2026-05-20,2026-07-14T02:34:06Z,2026-07-14T02:34:06Z,verified_registry_identity,"Identity verified against MEXT 2026-05-01 provisional F1 registry; English name, website, experimental code, former name, and corporation require later official-source enrichment."
univ_f138310110413,F138310110413,not_found,聖カタリナ大学,not_found,聖カタリナ大学,not_found,active,university,private,main,not_applicable,not_found,7992496,38,愛媛県,松山市,愛媛県松山市北条６６０,not_found,https://www.mext.go.jp/content/20260529-mxt_chousa01-000011635_6.csv,2026-05-20,2026-07-14T02:34:06Z,2026-07-14T02:34:06Z,verified_registry_identity,"Identity verified against MEXT 2026-05-01 provisional F1 registry; English name, website, experimental code, former name, and corporation require later official-source enrichment."
univ_f138310110422,F138310110422,not_found,松山東雲女子大学,not_found,松山東雲女子大学,not_found,active,university,private,main,not_applicable,not_found,7908531,38,愛媛県,松山市,愛媛県松山市桑原３－２－１,not_found,https://www.mext.go.jp/content/20260529-mxt_chousa01-000011635_6.csv,2026-05-20,2026-07-14T02:34:06Z,2026-07-14T02:34:06Z,verified_registry_identity,"Identity verified against MEXT 2026-05-01 provisional F1 registry; English name, website, experimental code, former name, and corporation require later official-source enrichment."
univ_f139110110504,F139110110504,not_found,高知大学,not_found,高知大学,not_found,active,university,national,main,not_applicable,not_found,7808520,39,高知県,高知市,高知県高知市曙町２－５－１,not_found,https://www.mext.go.jp/content/20260529-mxt_chousa01-000011635_6.csv,2026-05-20,2026-07-14T02:34:06Z,2026-07-14T02:34:06Z,verified_registry_identity,"Identity verified against MEXT 2026-05-01 provisional F1 registry; English name, website, experimental code, former name, and corporation require later official-source enrichment."
univ_f139210110511,F139210110511,not_found,高知県立大学,not_found,高知県立大学,not_found,active,university,public,main,not_applicable,not_found,7818515,39,高知県,高知市,高知県高知市池２７５１－１,not_found,https://www.mext.go.jp/content/20260529-mxt_chousa01-000011635_6.csv,2026-05-20,2026-07-14T02:34:06Z,2026-07-14T02:34:06Z,verified_registry_identity,"Identity verified against MEXT 2026-05-01 provisional F1 registry; English name, website, experimental code, former name, and corporation require later official-source enrichment."
univ_f139210110520,F139210110520,not_found,高知工科大学,not_found,高知工科大学,not_found,active,university,public,main,not_applicable,not_found,7828502,39,高知県,香美市,高知県香美市土佐山田町宮ノ口１８５,not_found,https://www.mext.go.jp/content/20260529-mxt_chousa01-000011635_6.csv,2026-05-20,2026-07-14T02:34:06Z,2026-07-14T02:34:06Z,verified_registry_identity,"Identity verified against MEXT 2026-05-01 provisional F1 registry; English name, website, experimental code, former name, and corporation require later official-source enrichment."
univ_f139310110537,F139310110537,not_found,高知リハビリテーション専門職大学,not_found,高知リハビリテーション専門職大学,not_found,active,university,private,main,not_applicable,not_found,7811102,39,高知県,土佐市,高知県土佐市高岡町乙１１３９－３,not_found,https://www.mext.go.jp/content/20260529-mxt_chousa01-000011635_6.csv,2026-05-20,2026-07-14T02:34:06Z,2026-07-14T02:34:06Z,verified_registry_identity,"Identity verified against MEXT 2026-05-01 provisional F1 registry; English name, website, experimental code, former name, and corporation require later official-source enrichment."
univ_f139310110546,F139310110546,not_found,高知学園大学,not_found,高知学園大学,not_found,active,university,private,main,not_applicable,not_found,7800955,39,高知県,高知市,高知県高知市旭天神町２９２番地２６,not_found,https://www.mext.go.jp/content/20260529-mxt_chousa01-000011635_6.csv,2026-05-20,2026-07-14T02:34:06Z,2026-07-14T02:34:06Z,verified_registry_identity,"Identity verified against MEXT 2026-05-01 provisional F1 registry; English name, website, experimental code, former name, and corporation require later official-source enrichment."
univ_f139310110556,F139310110556,not_found,高知健康科学大学,not_found,高知健康科学大学,not_found,active,university,private,main,not_applicable,not_found,7815103,39,高知県,高知市,高知県高知市?津?２５００番地２,not_found,https://www.mext.go.jp/content/20260529-mxt_chousa01-000011635_6.csv,2026-05-20,2026-07-14T02:34:06Z,2026-07-14T02:34:06Z,verified_registry_identity,"Identity verified against MEXT 2026-05-01 provisional F1 registry; English name, website, experimental code, former name, and corporation require later official-source enrichment."
univ_f140110110574,F140110110574,not_found,九州工業大学,not_found,九州工業大学,not_found,active,university,national,main,not_applicable,not_found,8048550,40,福岡県,北九州市,福岡県北九州市戸畑区仙水町１－１,not_found,https://www.mext.go.jp/content/20260529-mxt_chousa01-000011635_6.csv,2026-05-20,2026-07-14T02:34:06Z,2026-07-14T02:34:06Z,verified_registry_identity,"Identity verified against MEXT 2026-05-01 provisional F1 registry; English name, website, experimental code, former name, and corporation require later official-source enrichment."
univ_f140110110583,F140110110583,not_found,福岡教育大学,not_found,福岡教育大学,not_found,active,university,national,main,not_applicable,not_found,8114192,40,福岡県,宗像市,福岡県宗像市赤間文教町１－１,not_found,https://www.mext.go.jp/content/20260529-mxt_chousa01-000011635_6.csv,2026-05-20,2026-07-14T02:34:06Z,2026-07-14T02:34:06Z,verified_registry_identity,"Identity verified against MEXT 2026-05-01 provisional F1 registry; English name, website, experimental code, former name, and corporation require later official-source enrichment."
univ_f140110110592,F140110110592,not_found,九州大学,not_found,九州大学,not_found,active,university,national,main,not_applicable,not_found,8190395,40,福岡県,福岡市,福岡県福岡市西区元岡７４４,not_found,https://www.mext.go.jp/content/20260529-mxt_chousa01-000011635_6.csv,2026-05-20,2026-07-14T02:34:06Z,2026-07-14T02:34:06Z,verified_registry_identity,"Identity verified against MEXT 2026-05-01 provisional F1 registry; English name, website, experimental code, former name, and corporation require later official-source enrichment."
univ_f140210110607,F140210110607,not_found,北九州市立大学,not_found,北九州市立大学,not_found,active,university,public,main,not_applicable,not_found,8028577,40,福岡県,北九州市,福岡県北九州市小倉南区北方４－２－１,not_found,https://www.mext.go.jp/content/20260529-mxt_chousa01-000011635_6.csv,2026-05-20,2026-07-14T02:34:06Z,2026-07-14T02:34:06Z,verified_registry_identity,"Identity verified against MEXT 2026-05-01 provisional F1 registry; English name, website, experimental code, former name, and corporation require later official-source enrichment."
univ_f140210110616,F140210110616,not_found,九州歯科大学,not_found,九州歯科大学,not_found,active,university,public,main,not_applicable,not_found,8038580,40,福岡県,北九州市,福岡県北九州市小倉北区真鶴２－６－１,not_found,https://www.mext.go.jp/content/20260529-mxt_chousa01-000011635_6.csv,2026-05-20,2026-07-14T02:34:06Z,2026-07-14T02:34:06Z,verified_registry_identity,"Identity verified against MEXT 2026-05-01 provisional F1 registry; English name, website, experimental code, former name, and corporation require later official-source enrichment."
univ_f140210110625,F140210110625,not_found,福岡女子大学,not_found,福岡女子大学,not_found,active,university,public,main,not_applicable,not_found,8138529,40,福岡県,福岡市,福岡県福岡市東区香住ケ丘１－１－１,not_found,https://www.mext.go.jp/content/20260529-mxt_chousa01-000011635_6.csv,2026-05-20,2026-07-14T02:34:06Z,2026-07-14T02:34:06Z,verified_registry_identity,"Identity verified against MEXT 2026-05-01 provisional F1 registry; English name, website, experimental code, former name, and corporation require later official-source enrichment."
univ_f140210110634,F140210110634,not_found,福岡県立大学,not_found,福岡県立大学,not_found,active,university,public,main,not_applicable,not_found,8258585,40,福岡県,田川市,福岡県田川市大字伊田４３９５,not_found,https://www.mext.go.jp/content/20260529-mxt_chousa01-000011635_6.csv,2026-05-20,2026-07-14T02:34:06Z,2026-07-14T02:34:06Z,verified_registry_identity,"Identity verified against MEXT 2026-05-01 provisional F1 registry; English name, website, experimental code, former name, and corporation require later official-source enrichment."
univ_f140310110641,F140310110641,not_found,九州共立大学,not_found,九州共立大学,not_found,active,university,private,main,not_applicable,not_found,8078585,40,福岡県,北九州市,福岡県北九州市八幡西区自由ケ丘１－８,not_found,https://www.mext.go.jp/content/20260529-mxt_chousa01-000011635_6.csv,2026-05-20,2026-07-14T02:34:06Z,2026-07-14T02:34:06Z,verified_registry_identity,"Identity verified against MEXT 2026-05-01 provisional F1 registry; English name, website, experimental code, former name, and corporation require later official-source enrichment."
univ_f140310110650,F140310110650,not_found,九州女子大学,not_found,九州女子大学,not_found,active,university,private,main,not_applicable,not_found,8070867,40,福岡県,北九州市,福岡県北九州市八幡西区自由ヶ丘１－１,not_found,https://www.mext.go.jp/content/20260529-mxt_chousa01-000011635_6.csv,2026-05-20,2026-07-14T02:34:06Z,2026-07-14T02:34:06Z,verified_registry_identity,"Identity verified against MEXT 2026-05-01 provisional F1 registry; English name, website, experimental code, former name, and corporation require later official-source enrichment."
univ_f140310110669,F140310110669,not_found,九州国際大学,not_found,九州国際大学,not_found,active,university,private,main,not_applicable,not_found,8058512,40,福岡県,北九州市,福岡県北九州市八幡東区平野１－６－１,not_found,https://www.mext.go.jp/content/20260529-mxt_chousa01-000011635_6.csv,2026-05-20,2026-07-14T02:34:06Z,2026-07-14T02:34:06Z,verified_registry_identity,"Identity verified against MEXT 2026-05-01 provisional F1 registry; English name, website, experimental code, former name, and corporation require later official-source enrichment."
univ_f140310110678,F140310110678,not_found,福岡歯科大学,not_found,福岡歯科大学,not_found,active,university,private,main,not_applicable,not_found,8140193,40,福岡県,福岡市,福岡県福岡市早良区田村２－１５－１,not_found,https://www.mext.go.jp/content/20260529-mxt_chousa01-000011635_6.csv,2026-05-20,2026-07-14T02:34:06Z,2026-07-14T02:34:06Z,verified_registry_identity,"Identity verified against MEXT 2026-05-01 provisional F1 registry; English name, website, experimental code, former name, and corporation require later official-source enrichment."
univ_f140310110687,F140310110687,not_found,九州産業大学,not_found,九州産業大学,not_found,active,university,private,main,not_applicable,not_found,8138503,40,福岡県,福岡市,福岡県福岡市東区松香台２－３－１,not_found,https://www.mext.go.jp/content/20260529-mxt_chousa01-000011635_6.csv,2026-05-20,2026-07-14T02:34:06Z,2026-07-14T02:34:06Z,verified_registry_identity,"Identity verified against MEXT 2026-05-01 provisional F1 registry; English name, website, experimental code, former name, and corporation require later official-source enrichment."
univ_f140310110696,F140310110696,not_found,久留米大学,not_found,久留米大学,not_found,active,university,private,main,not_applicable,not_found,8300011,40,福岡県,久留米市,福岡県久留米市旭町６７,not_found,https://www.mext.go.jp/content/20260529-mxt_chousa01-000011635_6.csv,2026-05-20,2026-07-14T02:34:06Z,2026-07-14T02:34:06Z,verified_registry_identity,"Identity verified against MEXT 2026-05-01 provisional F1 registry; English name, website, experimental code, former name, and corporation require later official-source enrichment."
univ_f140310110703,F140310110703,not_found,西南学院大学,not_found,西南学院大学,not_found,active,university,private,main,not_applicable,not_found,8148511,40,福岡県,福岡市,福岡県福岡市早良区西新６－２－９２,not_found,https://www.mext.go.jp/content/20260529-mxt_chousa01-000011635_6.csv,2026-05-20,2026-07-14T02:34:06Z,2026-07-14T02:34:06Z,verified_registry_identity,"Identity verified against MEXT 2026-05-01 provisional F1 registry; English name, website, experimental code, former name, and corporation require later official-source enrichment."
univ_f140310110712,F140310110712,not_found,第一薬科大学,not_found,第一薬科大学,not_found,active,university,private,main,not_applicable,not_found,8158511,40,福岡県,福岡市,福岡県福岡市南区玉川町２２－１,not_found,https://www.mext.go.jp/content/20260529-mxt_chousa01-000011635_6.csv,2026-05-20,2026-07-14T02:34:06Z,2026-07-14T02:34:06Z,verified_registry_identity,"Identity verified against MEXT 2026-05-01 provisional F1 registry; English name, website, experimental code, former name, and corporation require later official-source enrichment."
univ_f140310110721,F140310110721,not_found,中村学園大学,not_found,中村学園大学,not_found,active,university,private,main,not_applicable,not_found,8140198,40,福岡県,福岡市,福岡県福岡市城南区別府５－７－１,not_found,https://www.mext.go.jp/content/20260529-mxt_chousa01-000011635_6.csv,2026-05-20,2026-07-14T02:34:06Z,2026-07-14T02:34:06Z,verified_registry_identity,"Identity verified against MEXT 2026-05-01 provisional F1 registry; English name, website, experimental code, former name, and corporation require later official-source enrichment."
univ_f140310110730,F140310110730,not_found,西日本工業大学,not_found,西日本工業大学,not_found,active,university,private,main,not_applicable,not_found,8000394,40,福岡県,京都郡苅田町,福岡県京都郡苅田町新津１丁目１１番地１,not_found,https://www.mext.go.jp/content/20260529-mxt_chousa01-000011635_6.csv,2026-05-20,2026-07-14T02:34:06Z,2026-07-14T02:34:06Z,verified_registry_identity,"Identity verified against MEXT 2026-05-01 provisional F1 registry; English name, website, experimental code, former name, and corporation require later official-source enrichment."
univ_f140310110749,F140310110749,not_found,福岡大学,not_found,福岡大学,not_found,active,university,private,main,not_applicable,not_found,8140180,40,福岡県,福岡市,福岡県福岡市城南区七隈８－１９－１,not_found,https://www.mext.go.jp/content/20260529-mxt_chousa01-000011635_6.csv,2026-05-20,2026-07-14T02:34:06Z,2026-07-14T02:34:06Z,verified_registry_identity,"Identity verified against MEXT 2026-05-01 provisional F1 registry; English name, website, experimental code, former name, and corporation require later official-source enrichment."
univ_f140310110758,F140310110758,not_found,福岡工業大学,not_found,福岡工業大学,not_found,active,university,private,main,not_applicable,not_found,8110295,40,福岡県,福岡市,福岡県福岡市東区和白東３－３０－１,not_found,https://www.mext.go.jp/content/20260529-mxt_chousa01-000011635_6.csv,2026-05-20,2026-07-14T02:34:06Z,2026-07-14T02:34:06Z,verified_registry_identity,"Identity verified against MEXT 2026-05-01 provisional F1 registry; English name, website, experimental code, former name, and corporation require later official-source enrichment."
univ_f140310110767,F140310110767,not_found,日本経済大学,not_found,日本経済大学,not_found,active,university,private,main,not_applicable,not_found,8180197,40,福岡県,太宰府市,福岡県太宰府市五条３－１１－２５,not_found,https://www.mext.go.jp/content/20260529-mxt_chousa01-000011635_6.csv,2026-05-20,2026-07-14T02:34:06Z,2026-07-14T02:34:06Z,verified_registry_identity,"Identity verified against MEXT 2026-05-01 provisional F1 registry; English name, website, experimental code, former name, and corporation require later official-source enrichment."
univ_f140310110776,F140310110776,not_found,久留米工業大学,not_found,久留米工業大学,not_found,active,university,private,main,not_applicable,not_found,8300052,40,福岡県,久留米市,福岡県久留米市上津町２２２８－６６,not_found,https://www.mext.go.jp/content/20260529-mxt_chousa01-000011635_6.csv,2026-05-20,2026-07-14T02:34:06Z,2026-07-14T02:34:06Z,verified_registry_identity,"Identity verified against MEXT 2026-05-01 provisional F1 registry; English name, website, experimental code, former name, and corporation require later official-source enrichment."
univ_f140310110785,F140310110785,not_found,産業医科大学,not_found,産業医科大学,not_found,active,university,private,main,not_applicable,not_found,8078555,40,福岡県,北九州市,福岡県北九州市八幡西区医生ケ丘１－１,not_found,https://www.mext.go.jp/content/20260529-mxt_chousa01-000011635_6.csv,2026-05-20,2026-07-14T02:34:06Z,2026-07-14T02:34:06Z,verified_registry_identity,"Identity verified against MEXT 2026-05-01 provisional F1 registry; English name, website, experimental code, former name, and corporation require later official-source enrichment."
univ_f140310110794,F140310110794,not_found,筑紫女学園大学,not_found,筑紫女学園大学,not_found,active,university,private,main,not_applicable,not_found,8180192,40,福岡県,太宰府市,福岡県太宰府市石坂２－１２－１,not_found,https://www.mext.go.jp/content/20260529-mxt_chousa01-000011635_6.csv,2026-05-20,2026-07-14T02:34:06Z,2026-07-14T02:34:06Z,verified_registry_identity,"Identity verified against MEXT 2026-05-01 provisional F1 registry; English name, website, experimental code, former name, and corporation require later official-source enrichment."
univ_f140310110801,F140310110801,not_found,福岡女学院大学,not_found,福岡女学院大学,not_found,active,university,private,main,not_applicable,not_found,8111313,40,福岡県,福岡市,福岡県福岡市南区曰佐３－４２－１,not_found,https://www.mext.go.jp/content/20260529-mxt_chousa01-000011635_6.csv,2026-05-20,2026-07-14T02:34:06Z,2026-07-14T02:34:06Z,verified_registry_identity,"Identity verified against MEXT 2026-05-01 provisional F1 registry; English name, website, experimental code, former name, and corporation require later official-source enrichment."
univ_f140310110810,F140310110810,not_found,西南女学院大学,not_found,西南女学院大学,not_found,active,university,private,main,not_applicable,not_found,8030835,40,福岡県,北九州市,福岡県北九州市小倉北区井堀１－３－５,not_found,https://www.mext.go.jp/content/20260529-mxt_chousa01-000011635_6.csv,2026-05-20,2026-07-14T02:34:06Z,2026-07-14T02:34:06Z,verified_registry_identity,"Identity verified against MEXT 2026-05-01 provisional F1 registry; English name, website, experimental code, former name, and corporation require later official-source enrichment."
univ_f140310110829,F140310110829,not_found,九州情報大学,not_found,九州情報大学,not_found,active,university,private,main,not_applicable,not_found,8180117,40,福岡県,太宰府市,福岡県太宰府市宰府６丁目３－１,not_found,https://www.mext.go.jp/content/20260529-mxt_chousa01-000011635_6.csv,2026-05-20,2026-07-14T02:34:06Z,2026-07-14T02:34:06Z,verified_registry_identity,"Identity verified against MEXT 2026-05-01 provisional F1 registry; English name, website, experimental code, former name, and corporation require later official-source enrichment."
univ_f140310110838,F140310110838,not_found,九州栄養福祉大学,not_found,九州栄養福祉大学,not_found,active,university,private,main,not_applicable,not_found,8038511,40,福岡県,北九州市,福岡県北九州市小倉北区下到津五丁目１番１号,not_found,https://www.mext.go.jp/content/20260529-mxt_chousa01-000011635_6.csv,2026-05-20,2026-07-14T02:34:06Z,2026-07-14T02:34:06Z,verified_registry_identity,"Identity verified against MEXT 2026-05-01 provisional F1 registry; English name, website, experimental code, former name, and corporation require later official-source enrichment."
univ_f140310110847,F140310110847,not_found,日本赤十字九州国際看護大学,not_found,日本赤十字九州国際看護大学,not_found,active,university,private,main,not_applicable,not_found,8114157,40,福岡県,宗像市,福岡県宗像市アスティ１丁目１番地,not_found,https://www.mext.go.jp/content/20260529-mxt_chousa01-000011635_6.csv,2026-05-20,2026-07-14T02:34:06Z,2026-07-14T02:34:06Z,verified_registry_identity,"Identity verified against MEXT 2026-05-01 provisional F1 registry; English name, website, experimental code, former name, and corporation require later official-source enrichment."
univ_f140310110856,F140310110856,not_found,聖マリア学院大学,not_found,聖マリア学院大学,not_found,active,university,private,main,not_applicable,not_found,8308558,40,福岡県,久留米市,福岡県久留米市津福本町４２２番地,not_found,https://www.mext.go.jp/content/20260529-mxt_chousa01-000011635_6.csv,2026-05-20,2026-07-14T02:34:06Z,2026-07-14T02:34:06Z,verified_registry_identity,"Identity verified against MEXT 2026-05-01 provisional F1 registry; English name, website, experimental code, former name, and corporation require later official-source enrichment."
univ_f140310110865,F140310110865,not_found,サイバー大学,not_found,サイバー大学,not_found,active,university,private,main,not_applicable,not_found,8130017,40,福岡県,福岡市,福岡県福岡市東区香椎照葉三丁目２番１号シーマークビル３階,not_found,https://www.mext.go.jp/content/20260529-mxt_chousa01-000011635_6.csv,2026-05-20,2026-07-14T02:34:06Z,2026-07-14T02:34:06Z,verified_registry_identity,"Identity verified against MEXT 2026-05-01 provisional F1 registry; English name, website, experimental code, former name, and corporation require later official-source enrichment."
univ_f140310110874,F140310110874,not_found,福岡女学院看護大学,not_found,福岡女学院看護大学,not_found,active,university,private,main,not_applicable,not_found,8113113,40,福岡県,古賀市,福岡県古賀市千鳥１丁目１番７号,not_found,https://www.mext.go.jp/content/20260529-mxt_chousa01-000011635_6.csv,2026-05-20,2026-07-14T02:34:06Z,2026-07-14T02:34:06Z,verified_registry_identity,"Identity verified against MEXT 2026-05-01 provisional F1 registry; English name, website, experimental code, former name, and corporation require later official-source enrichment."
univ_f140310110892,F140310110892,not_found,純真学園大学,not_found,純真学園大学,not_found,active,university,private,main,not_applicable,not_found,8158510,40,福岡県,福岡市,福岡県福岡市南区筑紫丘１－１－１,not_found,https://www.mext.go.jp/content/20260529-mxt_chousa01-000011635_6.csv,2026-05-20,2026-07-14T02:34:06Z,2026-07-14T02:34:06Z,verified_registry_identity,"Identity verified against MEXT 2026-05-01 provisional F1 registry; English name, website, experimental code, former name, and corporation require later official-source enrichment."
univ_f140310110909,F140310110909,not_found,福岡看護大学,not_found,福岡看護大学,not_found,active,university,private,main,not_applicable,not_found,8140193,40,福岡県,福岡市,福岡県福岡市早良区田村２－１５－１,not_found,https://www.mext.go.jp/content/20260529-mxt_chousa01-000011635_6.csv,2026-05-20,2026-07-14T02:34:06Z,2026-07-14T02:34:06Z,verified_registry_identity,"Identity verified against MEXT 2026-05-01 provisional F1 registry; English name, website, experimental code, former name, and corporation require later official-source enrichment."
univ_f140310110918,F140310110918,not_found,福岡国際医療福祉大学,not_found,福岡国際医療福祉大学,not_found,active,university,private,main,not_applicable,not_found,8140001,40,福岡県,福岡市,福岡県福岡市早良区百道浜３－６－４０,not_found,https://www.mext.go.jp/content/20260529-mxt_chousa01-000011635_6.csv,2026-05-20,2026-07-14T02:34:06Z,2026-07-14T02:34:06Z,verified_registry_identity,"Identity verified against MEXT 2026-05-01 provisional F1 registry; English name, website, experimental code, former name, and corporation require later official-source enrichment."
univ_f140310112006,F140310112006,not_found,令和健康科学大学,not_found,令和健康科学大学,not_found,active,university,private,main,not_applicable,not_found,8110213,40,福岡県,福岡市,福岡県福岡市東区和白丘２丁目１－１２,not_found,https://www.mext.go.jp/content/20260529-mxt_chousa01-000011635_6.csv,2026-05-20,2026-07-14T02:34:06Z,2026-07-14T02:34:06Z,verified_registry_identity,"Identity verified against MEXT 2026-05-01 provisional F1 registry; English name, website, experimental code, former name, and corporation require later official-source enrichment."
univ_f140310112065,F140310112065,not_found,福岡国際音楽大学,not_found,福岡国際音楽大学,not_found,active,university,private,main,not_applicable,not_found,8180125,40,福岡県,太宰府市,福岡県太宰府市五条四丁目１６番１号,not_found,https://www.mext.go.jp/content/20260529-mxt_chousa01-000011635_6.csv,2026-05-20,2026-07-14T02:34:06Z,2026-07-14T02:34:06Z,verified_registry_identity,"Identity verified against MEXT 2026-05-01 provisional F1 registry; English name, website, experimental code, former name, and corporation require later official-source enrichment."
univ_f140310112074,F140310112074,not_found,西日本看護医療大学,not_found,西日本看護医療大学,not_found,active,university,private,main,not_applicable,not_found,8020054,40,福岡県,北九州市,福岡県北九州市小倉北区東城野町１番２号,not_found,https://www.mext.go.jp/content/20260529-mxt_chousa01-000011635_6.csv,2026-05-20,2026-07-14T02:34:06Z,2026-07-14T02:34:06Z,verified_registry_identity,"Identity verified against MEXT 2026-05-01 provisional F1 registry; English name, website, experimental code, former name, and corporation require later official-source enrichment."
univ_f141110111135,F141110111135,not_found,佐賀大学,not_found,佐賀大学,not_found,active,university,national,main,not_applicable,not_found,8408502,41,佐賀県,佐賀市,佐賀県佐賀市本庄町１,not_found,https://www.mext.go.jp/content/20260529-mxt_chousa01-000011635_6.csv,2026-05-20,2026-07-14T02:34:06Z,2026-07-14T02:34:06Z,verified_registry_identity,"Identity verified against MEXT 2026-05-01 provisional F1 registry; English name, website, experimental code, former name, and corporation require later official-source enrichment."
univ_f141310000019,F141310000019,not_found,武雄アジア大学,not_found,武雄アジア大学,not_found,active,university,private,main,not_applicable,not_found,8430022,41,佐賀県,武雄市,佐賀県武雄市武雄町大字武雄４８１４番地,not_found,https://www.mext.go.jp/content/20260529-mxt_chousa01-000011635_6.csv,2026-05-20,2026-07-14T02:34:06Z,2026-07-14T02:34:06Z,verified_registry_identity,"Identity verified against MEXT 2026-05-01 provisional F1 registry; English name, website, experimental code, former name, and corporation require later official-source enrichment."
univ_f141310111140,F141310111140,not_found,西九州大学,not_found,西九州大学,not_found,active,university,private,main,not_applicable,not_found,8428585,41,佐賀県,神埼市,佐賀県神埼市神埼町尾崎４４９０－９,not_found,https://www.mext.go.jp/content/20260529-mxt_chousa01-000011635_6.csv,2026-05-20,2026-07-14T02:34:06Z,2026-07-14T02:34:06Z,verified_registry_identity,"Identity verified against MEXT 2026-05-01 provisional F1 registry; English name, website, experimental code, former name, and corporation require later official-source enrichment."
univ_f142110111189,F142110111189,not_found,長崎大学,not_found,長崎大学,not_found,active,university,national,main,not_applicable,not_found,8528521,42,長崎県,長崎市,長崎県長崎市文教町１－１４,not_found,https://www.mext.go.jp/content/20260529-mxt_chousa01-000011635_6.csv,2026-05-20,2026-07-14T02:34:06Z,2026-07-14T02:34:06Z,verified_registry_identity,"Identity verified against MEXT 2026-05-01 provisional F1 registry; English name, website, experimental code, former name, and corporation require later official-source enrichment."
univ_f142210111196,F142210111196,not_found,長崎県立大学,not_found,長崎県立大学,not_found,active,university,public,main,not_applicable,not_found,8580914,42,長崎県,佐世保市,長崎県佐世保市川下町１２３番地,not_found,https://www.mext.go.jp/content/20260529-mxt_chousa01-000011635_6.csv,2026-05-20,2026-07-14T02:34:06Z,2026-07-14T02:34:06Z,verified_registry_identity,"Identity verified against MEXT 2026-05-01 provisional F1 registry; English name, website, experimental code, former name, and corporation require later official-source enrichment."
univ_f142310111201,F142310111201,not_found,長崎総合科学大学,not_found,長崎総合科学大学,not_found,active,university,private,main,not_applicable,not_found,8510193,42,長崎県,長崎市,長崎県長崎市網場町５３６,not_found,https://www.mext.go.jp/content/20260529-mxt_chousa01-000011635_6.csv,2026-05-20,2026-07-14T02:34:06Z,2026-07-14T02:34:06Z,verified_registry_identity,"Identity verified against MEXT 2026-05-01 provisional F1 registry; English name, website, experimental code, former name, and corporation require later official-source enrichment."
univ_f142310111210,F142310111210,not_found,活水女子大学,not_found,活水女子大学,not_found,active,university,private,main,not_applicable,not_found,8508515,42,長崎県,長崎市,長崎県長崎市東山手町１ー５０,not_found,https://www.mext.go.jp/content/20260529-mxt_chousa01-000011635_6.csv,2026-05-20,2026-07-14T02:34:06Z,2026-07-14T02:34:06Z,verified_registry_identity,"Identity verified against MEXT 2026-05-01 provisional F1 registry; English name, website, experimental code, former name, and corporation require later official-source enrichment."
univ_f142310111229,F142310111229,not_found,長崎純心大学,not_found,長崎純心大学,not_found,active,university,private,main,not_applicable,not_found,8528558,42,長崎県,長崎市,長崎県長崎市三ツ山町２３５,not_found,https://www.mext.go.jp/content/20260529-mxt_chousa01-000011635_6.csv,2026-05-20,2026-07-14T02:34:06Z,2026-07-14T02:34:06Z,verified_registry_identity,"Identity verified against MEXT 2026-05-01 provisional F1 registry; English name, website, experimental code, former name, and corporation require later official-source enrichment."
univ_f142310111238,F142310111238,not_found,長崎国際大学,not_found,長崎国際大学,not_found,active,university,private,main,not_applicable,not_found,8593298,42,長崎県,佐世保市,長崎県佐世保市ハウステンボス町２８２５番７,not_found,https://www.mext.go.jp/content/20260529-mxt_chousa01-000011635_6.csv,2026-05-20,2026-07-14T02:34:06Z,2026-07-14T02:34:06Z,verified_registry_identity,"Identity verified against MEXT 2026-05-01 provisional F1 registry; English name, website, experimental code, former name, and corporation require later official-source enrichment."
univ_f142310111247,F142310111247,not_found,長崎外国語大学,not_found,長崎外国語大学,not_found,active,university,private,main,not_applicable,not_found,8512196,42,長崎県,西彼杵郡時津町,長崎県西彼杵郡時津町元村郷１０１０番地１,not_found,https://www.mext.go.jp/content/20260529-mxt_chousa01-000011635_6.csv,2026-05-20,2026-07-14T02:34:06Z,2026-07-14T02:34:06Z,verified_registry_identity,"Identity verified against MEXT 2026-05-01 provisional F1 registry; English name, website, experimental code, former name, and corporation require later official-source enrichment."
univ_f142310111256,F142310111256,not_found,鎮西学院大学,not_found,鎮西学院大学,not_found,active,university,private,main,not_applicable,not_found,8540082,42,長崎県,諫早市,長崎県諫早市西栄田町１２１２－１,not_found,https://www.mext.go.jp/content/20260529-mxt_chousa01-000011635_6.csv,2026-05-20,2026-07-14T02:34:06Z,2026-07-14T02:34:06Z,verified_registry_identity,"Identity verified against MEXT 2026-05-01 provisional F1 registry; English name, website, experimental code, former name, and corporation require later official-source enrichment."
univ_f143110111295,F143110111295,not_found,熊本大学,not_found,熊本大学,not_found,active,university,national,main,not_applicable,not_found,8608555,43,熊本県,熊本市,熊本県熊本市中央区黒髪２－３９－１,not_found,https://www.mext.go.jp/content/20260529-mxt_chousa01-000011635_6.csv,2026-05-20,2026-07-14T02:34:06Z,2026-07-14T02:34:06Z,verified_registry_identity,"Identity verified against MEXT 2026-05-01 provisional F1 registry; English name, website, experimental code, former name, and corporation require later official-source enrichment."
univ_f143210111300,F143210111300,not_found,熊本県立大学,not_found,熊本県立大学,not_found,active,university,public,main,not_applicable,not_found,8628502,43,熊本県,熊本市,熊本県熊本市東区月出３－１－１００,not_found,https://www.mext.go.jp/content/20260529-mxt_chousa01-000011635_6.csv,2026-05-20,2026-07-14T02:34:06Z,2026-07-14T02:34:06Z,verified_registry_identity,"Identity verified against MEXT 2026-05-01 provisional F1 registry; English name, website, experimental code, former name, and corporation require later official-source enrichment."
univ_f143310111317,F143310111317,not_found,崇城大学,not_found,崇城大学,not_found,active,university,private,main,not_applicable,not_found,8600082,43,熊本県,熊本市,熊本県熊本市西区池田４丁目２２番１号,not_found,https://www.mext.go.jp/content/20260529-mxt_chousa01-000011635_6.csv,2026-05-20,2026-07-14T02:34:06Z,2026-07-14T02:34:06Z,verified_registry_identity,"Identity verified against MEXT 2026-05-01 provisional F1 registry; English name, website, experimental code, former name, and corporation require later official-source enrichment."
univ_f143310111326,F143310111326,not_found,熊本学園大学,not_found,熊本学園大学,not_found,active,university,private,main,not_applicable,not_found,8628680,43,熊本県,熊本市,熊本県熊本市中央区大江２丁目５番１号,not_found,https://www.mext.go.jp/content/20260529-mxt_chousa01-000011635_6.csv,2026-05-20,2026-07-14T02:34:06Z,2026-07-14T02:34:06Z,verified_registry_identity,"Identity verified against MEXT 2026-05-01 provisional F1 registry; English name, website, experimental code, former name, and corporation require later official-source enrichment."
univ_f143310111335,F143310111335,not_found,尚絅大学,not_found,尚絅大学,not_found,active,university,private,main,not_applicable,not_found,8628678,43,熊本県,熊本市,熊本県熊本市中央区九品寺２－６－７８,not_found,https://www.mext.go.jp/content/20260529-mxt_chousa01-000011635_6.csv,2026-05-20,2026-07-14T02:34:06Z,2026-07-14T02:34:06Z,verified_registry_identity,"Identity verified against MEXT 2026-05-01 provisional F1 registry; English name, website, experimental code, former name, and corporation require later official-source enrichment."
univ_f143310111344,F143310111344,not_found,九州ルーテル学院大学,not_found,九州ルーテル学院大学,not_found,active,university,private,main,not_applicable,not_found,8608520,43,熊本県,熊本市,熊本県熊本市中央区黒髪３丁目１２－１６,not_found,https://www.mext.go.jp/content/20260529-mxt_chousa01-000011635_6.csv,2026-05-20,2026-07-14T02:34:06Z,2026-07-14T02:34:06Z,verified_registry_identity,"Identity verified against MEXT 2026-05-01 provisional F1 registry; English name, website, experimental code, former name, and corporation require later official-source enrichment."
univ_f143310111353,F143310111353,not_found,九州看護福祉大学,not_found,九州看護福祉大学,not_found,active,university,private,main,not_applicable,not_found,8650062,43,熊本県,玉名市,熊本県玉名市富尾８８８,not_found,https://www.mext.go.jp/content/20260529-mxt_chousa01-000011635_6.csv,2026-05-20,2026-07-14T02:34:06Z,2026-07-14T02:34:06Z,verified_registry_identity,"Identity verified against MEXT 2026-05-01 provisional F1 registry; English name, website, experimental code, former name, and corporation require later official-source enrichment."
univ_f143310111362,F143310111362,not_found,平成音楽大学,not_found,平成音楽大学,not_found,active,university,private,main,not_applicable,not_found,8613205,43,熊本県,上益城郡御船町,熊本県上益城郡御船町大字滝川字東原１６５８番地,not_found,https://www.mext.go.jp/content/20260529-mxt_chousa01-000011635_6.csv,2026-05-20,2026-07-14T02:34:06Z,2026-07-14T02:34:06Z,verified_registry_identity,"Identity verified against MEXT 2026-05-01 provisional F1 registry; English name, website, experimental code, former name, and corporation require later official-source enrichment."
univ_f143310111371,F143310111371,not_found,熊本保健科学大学,not_found,熊本保健科学大学,not_found,active,university,private,main,not_applicable,not_found,8615598,43,熊本県,熊本市,熊本県熊本市北区和泉町亀の甲３２５番地,not_found,https://www.mext.go.jp/content/20260529-mxt_chousa01-000011635_6.csv,2026-05-20,2026-07-14T02:34:06Z,2026-07-14T02:34:06Z,verified_registry_identity,"Identity verified against MEXT 2026-05-01 provisional F1 registry; English name, website, experimental code, former name, and corporation require later official-source enrichment."
univ_f144110111418,F144110111418,not_found,大分大学,not_found,大分大学,not_found,active,university,national,main,not_applicable,not_found,8701192,44,大分県,大分市,大分県大分市大字旦野原７００番地,not_found,https://www.mext.go.jp/content/20260529-mxt_chousa01-000011635_6.csv,2026-05-20,2026-07-14T02:34:06Z,2026-07-14T02:34:06Z,verified_registry_identity,"Identity verified against MEXT 2026-05-01 provisional F1 registry; English name, website, experimental code, former name, and corporation require later official-source enrichment."
univ_f144210111425,F144210111425,not_found,大分県立看護科学大学,not_found,大分県立看護科学大学,not_found,active,university,public,main,not_applicable,not_found,8701201,44,大分県,大分市,大分県大分市廻栖野２９４４－９,not_found,https://www.mext.go.jp/content/20260529-mxt_chousa01-000011635_6.csv,2026-05-20,2026-07-14T02:34:06Z,2026-07-14T02:34:06Z,verified_registry_identity,"Identity verified against MEXT 2026-05-01 provisional F1 registry; English name, website, experimental code, former name, and corporation require later official-source enrichment."
univ_f144310111432,F144310111432,not_found,日本文理大学,not_found,日本文理大学,not_found,active,university,private,main,not_applicable,not_found,8700397,44,大分県,大分市,大分県大分市大字一木１７２７番地１６２,not_found,https://www.mext.go.jp/content/20260529-mxt_chousa01-000011635_6.csv,2026-05-20,2026-07-14T02:34:06Z,2026-07-14T02:34:06Z,verified_registry_identity,"Identity verified against MEXT 2026-05-01 provisional F1 registry; English name, website, experimental code, former name, and corporation require later official-source enrichment."
univ_f144310111441,F144310111441,not_found,別府大学,not_found,別府大学,not_found,active,university,private,main,not_applicable,not_found,8748501,44,大分県,別府市,大分県別府市大字北石垣８２,not_found,https://www.mext.go.jp/content/20260529-mxt_chousa01-000011635_6.csv,2026-05-20,2026-07-14T02:34:06Z,2026-07-14T02:34:06Z,verified_registry_identity,"Identity verified against MEXT 2026-05-01 provisional F1 registry; English name, website, experimental code, former name, and corporation require later official-source enrichment."
univ_f144310111450,F144310111450,not_found,立命館アジア太平洋大学,not_found,立命館アジア太平洋大学,not_found,active,university,private,main,not_applicable,not_found,8748577,44,大分県,別府市,大分県別府市十文字原１－１,not_found,https://www.mext.go.jp/content/20260529-mxt_chousa01-000011635_6.csv,2026-05-20,2026-07-14T02:34:06Z,2026-07-14T02:34:06Z,verified_registry_identity,"Identity verified against MEXT 2026-05-01 provisional F1 registry; English name, website, experimental code, former name, and corporation require later official-source enrichment."
univ_f145110111523,F145110111523,not_found,宮崎大学,not_found,宮崎大学,not_found,active,university,national,main,not_applicable,not_found,8892192,45,宮崎県,宮崎市,宮崎県宮崎市学園木花台西１丁目１番地,not_found,https://www.mext.go.jp/content/20260529-mxt_chousa01-000011635_6.csv,2026-05-20,2026-07-14T02:34:06Z,2026-07-14T02:34:06Z,verified_registry_identity,"Identity verified against MEXT 2026-05-01 provisional F1 registry; English name, website, experimental code, former name, and corporation require later official-source enrichment."
univ_f145210111530,F145210111530,not_found,宮崎公立大学,not_found,宮崎公立大学,not_found,active,university,public,main,not_applicable,not_found,8808520,45,宮崎県,宮崎市,宮崎県宮崎市船塚一丁目１－２,not_found,https://www.mext.go.jp/content/20260529-mxt_chousa01-000011635_6.csv,2026-05-20,2026-07-14T02:34:06Z,2026-07-14T02:34:06Z,verified_registry_identity,"Identity verified against MEXT 2026-05-01 provisional F1 registry; English name, website, experimental code, former name, and corporation require later official-source enrichment."
univ_f145210111549,F145210111549,not_found,宮崎県立看護大学,not_found,宮崎県立看護大学,not_found,active,university,public,main,not_applicable,not_found,8800929,45,宮崎県,宮崎市,宮崎県宮崎市まなび野３－５－１,not_found,https://www.mext.go.jp/content/20260529-mxt_chousa01-000011635_6.csv,2026-05-20,2026-07-14T02:34:06Z,2026-07-14T02:34:06Z,verified_registry_identity,"Identity verified against MEXT 2026-05-01 provisional F1 registry; English name, website, experimental code, former name, and corporation require later official-source enrichment."
univ_f145310111556,F145310111556,not_found,南九州大学,not_found,南九州大学,not_found,active,university,private,main,not_applicable,not_found,8800032,45,宮崎県,宮崎市,宮崎県宮崎市霧島５丁目１番地２,not_found,https://www.mext.go.jp/content/20260529-mxt_chousa01-000011635_6.csv,2026-05-20,2026-07-14T02:34:06Z,2026-07-14T02:34:06Z,verified_registry_identity,"Identity verified against MEXT 2026-05-01 provisional F1 registry; English name, website, experimental code, former name, and corporation require later official-source enrichment."
univ_f145310111565,F145310111565,not_found,宮崎産業経営大学,not_found,宮崎産業経営大学,not_found,active,university,private,main,not_applicable,not_found,8800931,45,宮崎県,宮崎市,宮崎県宮崎市古城町丸尾１００,not_found,https://www.mext.go.jp/content/20260529-mxt_chousa01-000011635_6.csv,2026-05-20,2026-07-14T02:34:06Z,2026-07-14T02:34:06Z,verified_registry_identity,"Identity verified against MEXT 2026-05-01 provisional F1 registry; English name, website, experimental code, former name, and corporation require later official-source enrichment."
univ_f145310111574,F145310111574,not_found,宮崎国際大学,not_found,宮崎国際大学,not_found,active,university,private,main,not_applicable,not_found,8891605,45,宮崎県,宮崎市,宮崎県宮崎市清武町加納丙１４０５番地,not_found,https://www.mext.go.jp/content/20260529-mxt_chousa01-000011635_6.csv,2026-05-20,2026-07-14T02:34:06Z,2026-07-14T02:34:06Z,verified_registry_identity,"Identity verified against MEXT 2026-05-01 provisional F1 registry; English name, website, experimental code, former name, and corporation require later official-source enrichment."
univ_f145310111583,F145310111583,not_found,九州医療科学大学,not_found,九州医療科学大学,not_found,active,university,private,main,not_applicable,not_found,8820072,45,宮崎県,延岡市,宮崎県延岡市吉野町１７１４番１,not_found,https://www.mext.go.jp/content/20260529-mxt_chousa01-000011635_6.csv,2026-05-20,2026-07-14T02:34:06Z,2026-07-14T02:34:06Z,verified_registry_identity,"Identity verified against MEXT 2026-05-01 provisional F1 registry; English name, website, experimental code, former name, and corporation require later official-source enrichment."
univ_f146110111620,F146110111620,not_found,鹿児島大学,not_found,鹿児島大学,not_found,active,university,national,main,not_applicable,not_found,8900065,46,鹿児島県,鹿児島市,鹿児島県鹿児島市郡元１－２１－２４,not_found,https://www.mext.go.jp/content/20260529-mxt_chousa01-000011635_6.csv,2026-05-20,2026-07-14T02:34:06Z,2026-07-14T02:34:06Z,verified_registry_identity,"Identity verified against MEXT 2026-05-01 provisional F1 registry; English name, website, experimental code, former name, and corporation require later official-source enrichment."
univ_f146110111639,F146110111639,not_found,鹿屋体育大学,not_found,鹿屋体育大学,not_found,active,university,national,main,not_applicable,not_found,8912311,46,鹿児島県,鹿屋市,鹿児島県鹿屋市白水町１,not_found,https://www.mext.go.jp/content/20260529-mxt_chousa01-000011635_6.csv,2026-05-20,2026-07-14T02:34:06Z,2026-07-14T02:34:06Z,verified_registry_identity,"Identity verified against MEXT 2026-05-01 provisional F1 registry; English name, website, experimental code, former name, and corporation require later official-source enrichment."
univ_f146310111644,F146310111644,not_found,鹿児島国際大学,not_found,鹿児島国際大学,not_found,active,university,private,main,not_applicable,not_found,8910197,46,鹿児島県,鹿児島市,鹿児島県鹿児島市坂之上８丁目３４番１号,not_found,https://www.mext.go.jp/content/20260529-mxt_chousa01-000011635_6.csv,2026-05-20,2026-07-14T02:34:06Z,2026-07-14T02:34:06Z,verified_registry_identity,"Identity verified against MEXT 2026-05-01 provisional F1 registry; English name, website, experimental code, former name, and corporation require later official-source enrichment."
univ_f146310111653,F146310111653,not_found,第一工科大学,not_found,第一工科大学,not_found,active,university,private,main,not_applicable,not_found,8994332,46,鹿児島県,霧島市,鹿児島県霧島市国分中央１－１０－２,not_found,https://www.mext.go.jp/content/20260529-mxt_chousa01-000011635_6.csv,2026-05-20,2026-07-14T02:34:06Z,2026-07-14T02:34:06Z,verified_registry_identity,"Identity verified against MEXT 2026-05-01 provisional F1 registry; English name, website, experimental code, former name, and corporation require later official-source enrichment."
univ_f146310111662,F146310111662,not_found,志學館大学,not_found,志學館大学,not_found,active,university,private,main,not_applicable,not_found,8908504,46,鹿児島県,鹿児島市,鹿児島県鹿児島市紫原１－５９－１,not_found,https://www.mext.go.jp/content/20260529-mxt_chousa01-000011635_6.csv,2026-05-20,2026-07-14T02:34:06Z,2026-07-14T02:34:06Z,verified_registry_identity,"Identity verified against MEXT 2026-05-01 provisional F1 registry; English name, website, experimental code, former name, and corporation require later official-source enrichment."
univ_f146310111671,F146310111671,not_found,鹿児島純心大学,not_found,鹿児島純心大学,not_found,active,university,private,main,not_applicable,not_found,8950011,46,鹿児島県,薩摩川内市,鹿児島県薩摩川内市天辰町２３６５番地,not_found,https://www.mext.go.jp/content/20260529-mxt_chousa01-000011635_6.csv,2026-05-20,2026-07-14T02:34:06Z,2026-07-14T02:34:06Z,verified_registry_identity,"Identity verified against MEXT 2026-05-01 provisional F1 registry; English name, website, experimental code, former name, and corporation require later official-source enrichment."
univ_f147110111736,F147110111736,not_found,琉球大学,not_found,琉球大学,not_found,active,university,national,main,not_applicable,not_found,9030213,47,沖縄県,中頭郡西原町,沖縄県中頭郡西原町字千原１番地,not_found,https://www.mext.go.jp/content/20260529-mxt_chousa01-000011635_6.csv,2026-05-20,2026-07-14T02:34:06Z,2026-07-14T02:34:06Z,verified_registry_identity,"Identity verified against MEXT 2026-05-01 provisional F1 registry; English name, website, experimental code, former name, and corporation require later official-source enrichment."
univ_f147210111743,F147210111743,not_found,名桜大学,not_found,名桜大学,not_found,active,university,public,main,not_applicable,not_found,9058585,47,沖縄県,名護市,沖縄県名護市字為又１２２０－１,not_found,https://www.mext.go.jp/content/20260529-mxt_chousa01-000011635_6.csv,2026-05-20,2026-07-14T02:34:06Z,2026-07-14T02:34:06Z,verified_registry_identity,"Identity verified against MEXT 2026-05-01 provisional F1 registry; English name, website, experimental code, former name, and corporation require later official-source enrichment."
univ_f147210111752,F147210111752,not_found,沖縄県立芸術大学,not_found,沖縄県立芸術大学,not_found,active,university,public,main,not_applicable,not_found,9038602,47,沖縄県,那覇市,沖縄県那覇市首里当蔵町１－４,not_found,https://www.mext.go.jp/content/20260529-mxt_chousa01-000011635_6.csv,2026-05-20,2026-07-14T02:34:06Z,2026-07-14T02:34:06Z,verified_registry_identity,"Identity verified against MEXT 2026-05-01 provisional F1 registry; English name, website, experimental code, former name, and corporation require later official-source enrichment."
univ_f147210111761,F147210111761,not_found,沖縄県立看護大学,not_found,沖縄県立看護大学,not_found,active,university,public,main,not_applicable,not_found,9028513,47,沖縄県,那覇市,沖縄県那覇市与儀１丁目２４番１号,not_found,https://www.mext.go.jp/content/20260529-mxt_chousa01-000011635_6.csv,2026-05-20,2026-07-14T02:34:06Z,2026-07-14T02:34:06Z,verified_registry_identity,"Identity verified against MEXT 2026-05-01 provisional F1 registry; English name, website, experimental code, former name, and corporation require later official-source enrichment."
univ_f147310111778,F147310111778,not_found,沖縄科学技術大学院大学,not_found,沖縄科学技術大学院大学,not_found,active,university,private,main,not_applicable,not_found,9040495,47,沖縄県,国頭郡恩納村,沖縄県国頭郡恩納村字谷茶１９１９番地１,not_found,https://www.mext.go.jp/content/20260529-mxt_chousa01-000011635_6.csv,2026-05-20,2026-07-14T02:34:06Z,2026-07-14T02:34:06Z,verified_registry_identity,"Identity verified against MEXT 2026-05-01 provisional F1 registry; English name, website, experimental code, former name, and corporation require later official-source enrichment."
univ_f147310111787,F147310111787,not_found,沖縄国際大学,not_found,沖縄国際大学,not_found,active,university,private,main,not_applicable,not_found,9012701,47,沖縄県,宜野湾市,沖縄県宜野湾市宜野湾２－６－１,not_found,https://www.mext.go.jp/content/20260529-mxt_chousa01-000011635_6.csv,2026-05-20,2026-07-14T02:34:06Z,2026-07-14T02:34:06Z,verified_registry_identity,"Identity verified against MEXT 2026-05-01 provisional F1 registry; English name, website, experimental code, former name, and corporation require later official-source enrichment."
univ_f147310111796,F147310111796,not_found,沖縄大学,not_found,沖縄大学,not_found,active,university,private,main,not_applicable,not_found,9028521,47,沖縄県,那覇市,沖縄県那覇市字国場５５５,not_found,https://www.mext.go.jp/content/20260529-mxt_chousa01-000011635_6.csv,2026-05-20,2026-07-14T02:34:06Z,2026-07-14T02:34:06Z,verified_registry_identity,"Identity verified against MEXT 2026-05-01 provisional F1 registry; English name, website, experimental code, former name, and corporation require later official-source enrichment."
univ_f147310111803,F147310111803,not_found,沖縄キリスト教学院大学,not_found,沖縄キリスト教学院大学,not_found,active,university,private,main,not_applicable,not_found,9030207,47,沖縄県,中頭郡西原町,沖縄県中頭郡西原町字翁長７７７番地,not_found,https://www.mext.go.jp/content/20260529-mxt_chousa01-000011635_6.csv,2026-05-20,2026-07-14T02:34:06Z,2026-07-14T02:34:06Z,verified_registry_identity,"Identity verified against MEXT 2026-05-01 provisional F1 registry; English name, website, experimental code, former name, and corporation require later official-source enrichment."
